Spece;DirectRepeat1.Motiv;DirectRepeat1.Length;DirectRepeat1.Location;LengthOfInterval1;InvertedRepeat1.Motiv;InvertedRepeat1.Length;InvertedRepeat1.Location;LengthOfInterval2;InvertedRepeat2.Motiv;InvertedRepeat2.Length;InvertedRepeat2.Location;LengthOfInterval3;DirectRepeat2.Motiv;DirectRepeat2.Length;DirectRepeat2.Location;DIIDtype;G4
Homo_sapiens;CTCTCCATGC;10;38;1;ATTTGGTATT;10;48;15783;AATACCAACT;10;15840;338;CTCCCCATGC;10;16187;DI_I.D;0
Homo_sapiens;CTATGTCGCA;10;113;293;TGCACTTTTA;10;415;1509;TAAAAGAGCA;10;1933;8;CTATGTAGCA;10;1950;D.I_ID;0
Homo_sapiens;ATACTTACTA;10;190;4;TGTGTTAATT;10;203;10618;AATCAACACA;10;10830;118;ATACTAACTA;10;10957;DI_I.D;0
Homo_sapiens;TAATAACAAT;10;235;48;TTCCACCAAA;10;292;12010;TTTGGTGCAA;10;12311;14;TAATAACCAT;10;12334;D.I_ID;0
Homo_sapiens;ACAGACATCA;10;271;5;AAAAAATTTC;10;285;9179;GAAGTTTTTT;10;9473;78;ACAGGCATCA;10;9560;DI_I.D;0
Homo_sapiens;CAAAAAATTT;10;284;76;CCTAACACCA;10;369;11913;TGGTCTTAGG;10;12291;3;CCAAAAATTT;10;12303;D.I_ID;0
Homo_sapiens;CAAAAAATTT;10;284;76;CCTAACACCA;10;369;11913;TGGTCTTAGG;10;12291;4;CAAAAATTTT;10;12304;D.I_ID;0
Homo_sapiens;CACCAAACCC;10;295;13;TTCTGGCCAC;10;317;1021;GTGGCAAGAA;10;1347;325;CCCCAAACCC;10;1681;DI_I.D;0
Homo_sapiens;CCCCTCCCCC;10;305;260;CAGTTTATGT;10;574;15651;ACATCAACTG;10;16234;15;CCCCTCACCC;10;16258;D.I_ID;0
Homo_sapiens;CCCAAAAACA;10;353;107;ATACTACTAA;10;469;2714;TTAGTATTAT;10;3192;12;CCCAAGAACA;10;3213;D.I_ID;0
Homo_sapiens;CCCTAACACC;10;368;14;TTCAAATTTT;10;391;10422;ATAATTTGAA;10;10822;106;CCCTAACAAC;10;10937;DI_I.D;0
Homo_sapiens;TCCCATACTA;10;465;205;TTAGTAAGAT;10;679;12014;ATCTTCCTAA;10;12702;2;TACCATACTA;10;12713;D.I_ID;0
Homo_sapiens;CCCATCCTAC;10;499;169;TCTTAGTAAG;10;677;12967;CTTACTAACA;10;13653;15;CCCACCCTAC;10;13677;D.I_ID;0
Homo_sapiens;CCTACCCAGC;10;504;211;CCTCTAAATC;10;724;1239;GATTTATAGG;10;1972;14;CCTACCGAGC;10;1995;D.I_ID;0
Homo_sapiens;GCTAACCCCA;10;528;112;TAGGTTTGGT;10;649;13707;ACCAATCCTA;10;14365;9;GCTAACCCCA;10;14383;D.I_ID;0
Homo_sapiens;CCAAACCCCA;10;551;112;TTAGCTCTTA;10;672;4898;TAACAGCTAA;10;5579;7;CAAAACCCCA;10;5595;D.I_ID;0
Homo_sapiens;TCAAAGCAAT;10;595;12;GTTTAGACGG;10;616;7147;CCGTCTGAAC;10;7772;93;TCAAATCAAT;10;7874;DI_I.D;0
Homo_sapiens;CTCACATCAC;10;627;289;AGAAGCCGGC;10;925;3914;GCCTGCTTCT;10;4848;2;CTCACATGAC;10;4859;D.I_ID;0
Homo_sapiens;TCACATCACC;10;628;13;AGGTTTGGTC;10;650;13336;GACCTAACCT;10;13995;30;TCACAGCACC;10;14034;DI_I.D;0
Homo_sapiens;TCACATCACC;10;628;13;AGGTTTGGTC;10;650;13336;GACCTAACCT;10;13995;136;TCACATAACC;10;14140;DI_I.D;0
Homo_sapiens;CACATCACCC;10;629;13;GGTTTGGTCC;10;651;7525;GGAGCAAACC;10;8185;234;CTCATCACCC;10;8428;DI_I.D;0
Homo_sapiens;ACATCACCCC;10;630;9;ATAGGTTTGG;10;648;1577;CCAAACATAT;10;2234;263;ACATCACCTC;10;2506;DI_I.D;0
Homo_sapiens;CATCACCCCA;10;631;10;AGGTTTGGTC;10;650;13336;GACCTAACCT;10;13995;56;CATCACCTCA;10;14060;DI_I.D;0
Homo_sapiens;ACCCCATAAA;10;635;7;GGTTTGGTCC;10;651;7525;GGAGCAAACC;10;8185;289;AGCCCATAAA;10;8483;DI_I.D;0
Homo_sapiens;CCCATAAACA;10;637;4;AGGTTTGGTC;10;650;13336;GACCTAACCT;10;13995;222;CCCATAATCA;10;14226;DI_I.D;0
Homo_sapiens;CATAAACAAA;10;639;1;TAGGTTTGGT;10;649;12640;ACCACACCTA;10;13298;233;CATACACAAA;10;13540;DI_I.D;0
Homo_sapiens;CATAAACAAA;10;639;1;TAGGTTTGGT;10;649;13707;ACCAATCCTA;10;14365;278;CAGAAACAAA;10;14652;DI_I.D;0
Homo_sapiens;TTGGTCCTAG;10;654;160;TTAACCTTTA;10;823;11438;TAAAGGATAA;10;12270;11;TTGGTCTTAG;10;12290;D.I_ID;0
Homo_sapiens;TCCTAGCCTT;10;658;12;TTAGTAAGAT;10;679;12014;ATCTTCCTAA;10;12702;172;TCCTCGCCTT;10;12883;DI_I.D;0
Homo_sapiens;TCCTAGCCTT;10;658;14;AGTAAGATTA;10;681;12031;TAATCTTAGT;10;12721;153;TCCTCGCCTT;10;12883;DI_I.D;0
Homo_sapiens;ACCACGATCA;10;734;282;AAGTGGCTTT;10;1025;9966;AACGCCACTT;10;11000;10;ACCACTATCA;10;11019;D.I_ID;0
Homo_sapiens;CAAAAGGAAC;10;742;118;CAGGGTTGGT;10;869;7629;ACAAACCCTG;10;8507;6;CAAAATGAAC;10;8522;D.I_ID;0
Homo_sapiens;AAGGAACAAG;10;745;11;GCAGCAATGC;10;765;12534;GCATTCCTGC;10;13308;72;AATGAACAAG;10;13389;DI_I.D;0
Homo_sapiens;AAACGCTTAG;10;781;237;GTGGCTTTAA;10;1027;4635;TTAAACCCAC;10;5671;1;AAACACTTAG;10;5681;D.I_ID;0
Homo_sapiens;CCTAGCCACA;10;791;12;AACAGCAGTG;10;812;5077;CACTGATGTT;10;5898;79;CCTAGGCACA;10;5986;DI_I.D;0
Homo_sapiens;CCTAGCCACA;10;791;118;AGTCAATAGA;10;918;14789;TTTATTGACT;10;15716;1;CCTAGCCGCA;10;15726;D.I_ID;0
Homo_sapiens;AGCAATAAAC;10;832;146;GTTGTAAAAA;10;987;9037;TTTTGACAAC;10;10033;12;AGTAATAAAC;10;10054;D.I_ID;0
Homo_sapiens;CTATACTAAC;10;857;2;CCAGGGTTGG;10;868;5435;CCCACCCTGG;10;6312;269;CTATACCAAC;10;6590;DI_I.D;0
Homo_sapiens;TCAATTTCGT;10;878;307;TAGAGGAGCC;10;1194;5162;GTCTCCTCTA;10;6365;13;TCAATTTCAT;10;6387;D.I_ID;0
Homo_sapiens;CAAGTCAATA;10;916;14;AGAGTGTTTT;10;939;1369;AAAACATTCT;10;2317;73;CAAGTCATTA;10;2399;DI_I.D;0
Homo_sapiens;AAGCCGGCGT;10;927;3;AGAGTGTTTT;10;939;1369;AAAACATTCT;10;2317;10;AAGCCTGCGT;10;2336;DI_I.D;0
Homo_sapiens;AAGCCGGCGT;10;927;3;AGAGTGTTTT;10;939;1369;AAAACATTCT;10;2317;10;AAGCCTGCGT;10;2336;D.I_ID;0
Homo_sapiens;TCACCCCCTC;10;952;6;TAAAGCTAAA;10;967;4875;TTTAGATTTA;10;5851;31;TCACCCCCAC;10;5891;DI_I.D;0
Homo_sapiens;AACTCACCTG;10;976;2;GTTGTAAAAA;10;987;9037;TTTTGACAAC;10;10033;258;AACTAACCTG;10;10300;DI_I.D;0
Homo_sapiens;TCACCTGAGT;10;979;103;GCTTAGCCCT;10;1091;3428;AGCGCTAAGC;10;4528;14;TTACCTGAGT;10;4551;D.I_ID;0
Homo_sapiens;ACACAAAATA;10;1007;15;CTTTAACATA;10;1031;7284;TAAGTTAAAG;10;8324;120;ACACAAACTA;10;8453;DI_I.D;0
Homo_sapiens;CTTAGCCCTA;10;1092;10;AGTTAAATCA;10;1111;2738;TGATTTATCT;10;3858;95;CTTCGCCCTA;10;3962;DI_I.D;0
Homo_sapiens;CCCTAAACCT;10;1097;334;AGTAGAGTGC;10;1440;10895;GCACACTACT;10;12344;8;CCCTAACCCT;10;12361;D.I_ID;0
Homo_sapiens;AAACCTCAAC;10;1101;12;CAAAACTGCT;10;1122;14906;AGCAGATTTG;10;16037;172;AACCCTCAAC;10;16218;DI_I.D;0
Homo_sapiens;CCTCAACAGT;10;1104;9;CAAAACTGCT;10;1122;14906;AGCAGATTTG;10;16037;248;CCTTAACAGT;10;16294;DI_I.D;0
Homo_sapiens;GTTAAATCAA;10;1112;42;TCAAAGGACC;10;1163;15217;GGTCCCTTGA;10;16389;13;GTGAAATCAA;10;16411;D.I_ID;0
Homo_sapiens;CTTCATATCC;10;1181;4;TAGAGGAGCC;10;1194;2574;GGCTCCTTTA;10;3777;188;CTTCATAGCC;10;3974;DI_I.D;0
Homo_sapiens;CATATCCCTC;10;1184;5;GGAGCCTGTT;10;1198;10364;AACAAGCTCC;10;11571;57;CATAGCCCTC;10;11637;DI_I.D;0
Homo_sapiens;ATATCCCTCT;10;1185;4;GGAGCCTGTT;10;1198;10364;AACAAGCTCC;10;11571;347;ATATCACTCT;10;11927;DI_I.D;0
Homo_sapiens;ATATCCCTCT;10;1185;53;CTCAGCCTAT;10;1247;11503;ATCGGCTGAG;10;12759;15;ATATCCTTCT;10;12783;D.I_ID;0
Homo_sapiens;ATCAACCTCA;10;1227;40;ACCCTGATGA;10;1276;2372;TGATCAGGGT;10;3657;5;ATCAAACTCA;10;3671;D.I_ID;0
Homo_sapiens;AGCCTATATA;10;1250;203;GGCCCTGAAG;10;1462;15039;CTTCAGGGTC;10;16510;5;AGCCTAAATA;10;16524;D.I_ID;0
Homo_sapiens;CAAACCCTGA;10;1273;158;AGTAGAGTGC;10;1440;10895;GCACACTACT;10;12344;10;CTAACCCTGA;10;12363;D.I_ID;0
Homo_sapiens;CAAACCCTGA;10;1273;285;TGGTAAGTGT;10;1567;12822;ACACTCACCA;10;14398;7;CAACCCCTGA;10;14414;D.I_ID;0
Homo_sapiens;CCAGAAAACT;10;1376;5;TAGCCCTTAT;10;1390;1742;ATAAGGCCTA;10;3141;310;CCATAAAACT;10;3460;DI_I.D;0
Homo_sapiens;ATAGCCCTTA;10;1389;5;ACTTAAGGGT;10;1403;3779;ACCCTTAATT;10;5191;256;ATCGCCCTTA;10;5456;DI_I.D;0
Homo_sapiens;ATTTAGCAGT;10;1422;6;AAGAGTAGAG;10;1437;9425;CTCTACTATT;10;10871;25;ATTTAGCTGT;10;10905;DI_I.D;0
Homo_sapiens;TTAGCAGTAA;10;1424;175;TAGCTTAACA;10;1608;6680;TGTAAAGCTA;10;8297;3;TTAGCATTAA;10;8309;D.I_ID;0
Homo_sapiens;TAGCAGTAAA;10;1425;8;TAGAGTGCTT;10;1442;11631;AAGCACTATA;10;13082;41;TAGCAGAAAA;10;13132;DI_I.D;0
Homo_sapiens;CAGTAAACTA;10;1428;10;TGCTTAGTTG;10;1447;14223;CAACAAAGCA;10;15679;82;CAGTAAGCTA;10;15770;DI_I.D;0
Homo_sapiens;TAAACTAAGA;10;1431;7;TGCTTAGTTG;10;1447;14223;CAACAAAGCA;10;15679;211;TAAACTAATA;10;15899;DI_I.D;0
Homo_sapiens;CGCGTACACA;10;1472;10;ACCCTCCTCA;10;1491;13738;TGAGGAGGCT;10;15238;326;CGCCTACACA;10;15573;DI_I.D;0
Homo_sapiens;TCACCCTCCT;10;1489;303;AAAATTATAA;10;1801;7889;TTACAATTTT;10;9699;15;TTACCCTCCT;10;9723;D.I_ID;0
Homo_sapiens;TAACTAAAAC;10;1521;13;ATATAGAGGA;10;1543;6019;TCCTATATAT;10;7571;153;TAACTAATAC;10;7733;DI_I.D;0
Homo_sapiens;AAGTGTACTG;10;1571;97;CTAGCCCCAA;10;1677;14781;TTGGGGGTAG;10;16467;4;AAGTGAACTG;10;16480;D.I_ID;0
Homo_sapiens;AAAGTGCACT;10;1582;86;CTAGCCCCAA;10;1677;14781;TTGGGGGTAG;10;16467;3;AAAGTGAACT;10;16479;D.I_ID;0
Homo_sapiens;CTTGGACGAA;10;1590;4;GAGTGTAGCT;10;1603;13709;AGCAACACTC;10;15321;12;CTTGCACGAA;10;15342;DI_I.D;0
Homo_sapiens;CTTGGACGAA;10;1590;4;GAGTGTAGCT;10;1603;13709;AGCAACACTC;10;15321;12;CTTGCACGAA;10;15342;D.I_ID;0
Homo_sapiens;ACTTGACCGC;10;1655;113;TATAGTACCG;10;1777;14341;CGGTACCATA;10;16127;4;ACTTGACCAC;10;16140;D.I_ID;0
Homo_sapiens;AGACAACCTT;10;1707;59;GATATAGTAC;10;1775;12677;GTAGTATATC;10;14461;4;AGACAACCAT;10;14474;D.I_ID;0
Homo_sapiens;ACCATTTACC;10;1723;82;AGCATAATAT;10;1814;8665;ATATTATACT;10;10488;1;AGCATTTACC;10;10498;D.I_ID;0
Homo_sapiens;TTTACCCAAA;10;1727;58;AAGATGAAAA;10;1794;10324;TTTTCCTCTT;10;12127;11;TTTAACCAAA;10;12147;D.I_ID;0
Homo_sapiens;CCCAAATAAA;10;1731;345;ATTTAACTGT;10;2085;6263;ACAGTGAAAT;10;8357;3;CCCAACTAAA;10;8369;D.I_ID;0
Homo_sapiens;CCCAAATAAA;10;1731;50;GGGAAAGATG;10;1790;12682;CATCATTCCC;10;14481;1;CCTAAATAAA;10;14491;D.I_ID;0
Homo_sapiens;CCCAAATAAA;10;1731;274;GCTGGTTGTC;10;2014;12452;GACAACCATC;10;14475;7;CCTAAATAAA;10;14491;D.I_ID;0
Homo_sapiens;AATTGAAACC;10;1755;13;TATAGTACCG;10;1777;14023;CCGTACTATA;10;15809;40;AATTGAAAAC;10;15858;DI_I.D;0
Homo_sapiens;AATTGAAACC;10;1755;246;GATAGCTGGT;10;2010;13824;ACCAACTATC;10;15843;6;AATTGAAAAC;10;15858;D.I_ID;0
Homo_sapiens;TAGATATAGT;10;1773;12;AAGATGAAAA;10;1794;10324;TTTTCCTCTT;10;12127;2;TAAATATAGT;10;12138;DI_I.D;0
Homo_sapiens;TAGATATAGT;10;1773;12;AAGATGAAAA;10;1794;10324;TTTTCCTCTT;10;12127;2;TAAATATAGT;10;12138;D.I_ID;0
Homo_sapiens;TAGATATAGT;10;1773;320;AAGAGGAACA;10;2102;10016;TTTTCCTCTT;10;12127;2;TAAATATAGT;10;12138;D.I_ID;0
Homo_sapiens;TAGTACCGCA;10;1779;1;AGGGAAAGAT;10;1789;3103;ATCTCTCCCT;10;4901;194;TACTACCGCA;10;5104;DI_I.D;0
Homo_sapiens;AAAAATTATA;10;1800;5;AGCATAATAT;10;1814;8665;ATATTATACT;10;10488;282;AACAATTATA;10;10779;DI_I.D;0
Homo_sapiens;TTATAACCAA;10;1805;11;GCAAGGACTA;10;1825;8825;TAGTCTTTGC;10;10659;213;TTTTAACCAA;10;10881;DI_I.D;0
Homo_sapiens;CTTCTGCATA;10;1845;6;TTAACTAGAA;10;1860;4173;TTCTAGGTAA;10;6042;49;CTTCTTCATA;10;6100;DI_I.D;0
Homo_sapiens;AATGAATTAA;10;1854;151;GCTGGTTGTC;10;2014;12452;GACAACCATC;10;14475;11;AATAAATTAA;10;14495;D.I_ID;0
Homo_sapiens;AACTAGAAAT;10;1862;136;GGTGATAGCT;10;2007;8215;AGCTATTACC;10;10231;14;ATCTAGAAAT;10;10254;D.I_ID;0
Homo_sapiens;GAGCCAAAGC;10;1885;274;AGTAGGCCTA;10;2168;11777;TAGGCCTTCT;10;13954;4;GAGCCAAAAC;10;13967;D.I_ID;0
Homo_sapiens;AACCAGACGA;10;1907;208;CTAGGAAAAA;10;2124;5827;TTATTCCTAG;10;7960;1;AACCAGGCGA;10;7970;D.I_ID;0
Homo_sapiens;AGAACAGCTA;10;1925;258;TTAAGAAAGC;10;2192;10055;GCTTTCTCAA;10;12256;11;ATAACAGCTA;10;12276;D.I_ID;0
Homo_sapiens;CAAACCTACC;10;1991;7;GGTGATAGCT;10;2007;11998;AGCTATTACC;10;14014;344;CAATCCTACC;10;14367;DI_I.D;0
Homo_sapiens;CAGAACCCTC;10;2060;299;AATTAACAGC;10;2368;8208;GCTGTTCATT;10;10585;12;CATAACCCTC;10;10606;D.I_ID;0
Homo_sapiens;CCCTCTAAAT;10;2065;40;TCTTTGGACA;10;2114;12344;TATCCAAAGA;10;14467;12;CCCCCTAAAT;10;14488;D.I_ID;0
Homo_sapiens;AAATCCCCTT;10;2071;59;GTAGAGAGAG;10;2139;8896;CTCTCTATAC;10;11044;13;AAATCTCCTT;10;11066;D.I_ID;0
Homo_sapiens;AGGAACAGCT;10;2105;169;CTATAGAAGA;10;2283;3953;TCTGCTATAG;10;6245;14;AGGAACAGGT;10;6268;D.I_ID;0
Homo_sapiens;CTAAAAGCAG;10;2175;11;AGAAAGCGTT;10;2195;4981;AACACTTTCT;10;7185;92;CTAACAGCAG;10;7286;DI_I.D;0
Homo_sapiens;ATCCCAAACA;10;2231;174;CTCACTGTCA;10;2414;10108;TGACACTGAG;10;12531;5;AACCCAAACA;10;12545;D.I_ID;0
Homo_sapiens;CTATCACCCT;10;2275;15;GTTAGTATAA;10;2299;2786;TTATCCTAAC;10;5094;83;CTAACACCCT;10;5186;DI_I.D;0
Homo_sapiens;CTATCACCCT;10;2275;15;GTTAGTATAA;10;2299;2786;TTATCCTAAC;10;5094;216;CCATCACCCT;10;5319;DI_I.D;0
Homo_sapiens;TATCACCCTA;10;2276;9;CTAATGTTAG;10;2294;11164;CTAGCATTAG;10;13467;143;TCTCACCCTA;10;13619;DI_I.D;0
Homo_sapiens;TATAGAAGAA;10;2284;6;GTTAGTATAA;10;2299;2786;TTATCCTAAC;10;5094;163;TATCGAAGAA;10;5266;DI_I.D;0
Homo_sapiens;AACATTCTCC;10;2319;13;TGCGTCAGAT;10;2341;1693;ATATGACGCA;10;4043;313;AAAATTCTCC;10;4365;DI_I.D;0
Homo_sapiens;CATTCTCCTC;10;2321;328;CTTACTTTTA;10;2658;2247;TAAACGTAAG;10;4914;1;CCTTCTCCTC;10;4924;D.I_ID;0
Homo_sapiens;CAACCAACAA;10;2392;14;TCACTGTCAA;10;2415;5930;TTTACAGTGA;10;8354;294;CACCCAACAA;10;8657;DI_I.D;0
Homo_sapiens;TCATTATTAC;10;2403;49;AAGTAAAAGG;10;2461;12814;CCTTTCACTT;10;15284;12;TCATTATTGC;10;15305;D.I_ID;0
Homo_sapiens;TACCCTCACT;10;2410;184;ACTTGTTCCT;10;2603;3656;AGGAACAGGT;10;6268;10;TACCCTCCCT;10;6287;D.I_ID;0
Homo_sapiens;CCTCACTGTC;10;2413;236;CTTACTTTTA;10;2658;2247;TAAACGTAAG;10;4914;7;CCTCACTCTC;10;4930;D.I_ID;0
Homo_sapiens;AACACAGGCA;10;2428;15;GGTTAAAAAA;10;2452;8418;TTTTTTAACC;10;10879;300;AACGCAGGCA;10;11188;DI_I.D;0
Homo_sapiens;CATCACCTCT;10;2507;219;CTTTAATTTA;10;2735;5580;TAAGTTAAAG;10;8324;12;CAACACCTCT;10;8345;D.I_ID;0
Homo_sapiens;TCACCTCTAG;10;2509;330;GTACATGCTA;10;2848;7640;TAGCATTTAC;10;10497;5;TCACTTCTAG;10;10511;D.I_ID;0
Homo_sapiens;TCTTACTTTT;10;2657;299;TCAACAATAG;10;2965;6999;CTATTGATGA;10;9973;4;TCTTACTCTT;10;9986;D.I_ID;0
Homo_sapiens;ACTTTTAACC;10;2661;15;GCCCGTGAAG;10;2685;8988;CTTCACCGGC;10;11682;181;ACTATTAACC;10;11872;DI_I.D;0
Homo_sapiens;AAGACTTCAC;10;2857;11;GAACTACTAT;10;2877;2153;ATAGCAGTTC;10;5039;223;AAGAATTCAC;10;5271;DI_I.D;0
Homo_sapiens;TTCACCAGTC;10;2862;344;CAAGAACAGG;10;3215;12660;CCTGTCCTTG;10;15884;14;TACACCAGTC;10;15907;D.I_ID;0
Homo_sapiens;AAAGCGAACT;10;2872;5;TACTCAATTG;10;2886;5106;CAATCGAGTA;10;8001;290;AAAGCTAACT;10;8300;DI_I.D;0
Homo_sapiens;GAACAAGTTA;10;2916;302;TTGTTAAGAT;10;3227;10145;ACCTTAACAA;10;13381;2;GAACAAGATA;10;13392;D.I_ID;0
Homo_sapiens;AGTTACCCTA;10;2921;110;TTCAACGATT;10;3040;5186;AATCTTTGAA;10;8235;12;ATTTACCCTA;10;8256;D.I_ID;0
Homo_sapiens;GTGATCTGAG;10;3060;7;CCGGAGTAAT;10;3076;3596;ACTACTCCGG;10;6681;224;GTGCTCTGAG;10;6914;DI_I.D;0
Homo_sapiens;AATTCCTCCC;10;3111;12;ACAAGAGAAA;10;3132;8988;TTCCTCTTGT;10;12129;242;AATTCCCCCC;10;12380;DI_I.D;0
Homo_sapiens;GGCCTACTTC;10;3145;80;GATGGCAGAG;10;3234;1593;CTCTGACATC;10;4836;2;GGCCTGCTTC;10;4847;D.I_ID;0
Homo_sapiens;TACTTCACAA;10;3149;36;AGTATTATAC;10;3194;4833;GTATAATAAT;10;8036;1;TACATCACAA;10;8046;D.I_ID;0
Homo_sapiens;AATGATATCA;10;3175;236;GTTGTAGGCC;10;3420;11255;GGACTACAAC;10;14684;8;AATGATATGA;10;14701;D.I_ID;0
Homo_sapiens;TATCATCTCA;10;3180;4;TAGTATTATA;10;3193;7287;TATTATACTA;10;10489;6;TACCATCTCA;10;10504;DI_I.D;0
Homo_sapiens;TATCATCTCA;10;3180;4;TAGTATTATA;10;3193;7287;TATTATACTA;10;10489;6;TACCATCTCA;10;10504;D.I_ID;0
Homo_sapiens;TCATCTCAAC;10;3182;235;GGCCCCTACG;10;3426;2941;CTTAGGGGCC;10;6376;8;TCATCACAAC;10;6393;D.I_ID;0
Homo_sapiens;TCATCTCAAC;10;3182;291;GCCCCTAAAA;10;3482;2884;TCTTAGGGGC;10;6375;9;TCATCACAAC;10;6393;D.I_ID;0
Homo_sapiens;ACTTAAAACT;10;3261;5;AGTCAGAGGT;10;3275;10149;ACCTCTCACT;10;13433;347;ACCTAAAACT;10;13789;DI_I.D;0
Homo_sapiens;ACTACGCAAA;10;3401;10;GTTGTAGGCC;10;3420;11255;GGACTACAAC;10;14684;61;AATACGCAAA;10;14754;DI_I.D;0
Homo_sapiens;CAAAGGCCCC;10;3407;10;GGCCCCTACG;10;3426;2941;CTTAGGGGCC;10;6376;55;CAAACGCCCC;10;6440;DI_I.D;0
Homo_sapiens;CTACCATCAC;10;3502;232;AGCCATCATT;10;3743;11213;AATTATGGCT;10;14965;11;CTACCTTCAC;10;14985;D.I_ID;0
Homo_sapiens;CTACCATCAC;10;3502;338;GCCATAATAT;10;3849;11106;AAATTATGGC;10;14964;12;CTACCTTCAC;10;14985;D.I_ID;0
Homo_sapiens;CATCGCTCTT;10;3545;1;CTACTATGAA;10;3555;6659;TTCTTAGTAG;10;10223;94;CATCCCTCTT;10;10326;DI_I.D;0
Homo_sapiens;CTCTTCTACT;10;3550;96;TCTGATCAGG;10;3655;8254;CCTGATCAAA;10;11918;6;CTCTCCTACT;10;11933;D.I_ID;0
Homo_sapiens;TCAACCTCAA;10;3592;4;AGGCCTCCTA;10;3605;1606;TAGGAGGCCT;10;5220;134;TCCACCTCAA;10;5363;DI_I.D;0
Homo_sapiens;CAACCTCAAC;10;3593;4;GGCCTCCTAT;10;3606;9429;ATAGAAGGCC;10;13044;326;CAACCTTAAC;10;13379;DI_I.D;0
Homo_sapiens;AGGCCTCCTA;10;3605;8;TAGCCACCTC;10;3622;11608;GAGGAGGCTA;10;15239;238;AGACCTCCTA;10;15486;DI_I.D;0
Homo_sapiens;CTCCTATTTA;10;3609;37;TCTGATCAGG;10;3655;8254;CCTGATCAAA;10;11918;8;CTCCTACTTA;10;11935;D.I_ID;0
Homo_sapiens;TTATTCTAGC;10;3616;12;TAGCCGTTTA;10;3637;6491;TCAACGGCTA;10;10137;345;TTATACTAGC;10;10491;DI_I.D;0
Homo_sapiens;TAGCCCAAAC;10;3712;116;TCATGACCCT;10;3837;12668;AGGGTCATAA;10;16514;9;TAGCCCACAC;10;16532;D.I_ID;0
Homo_sapiens;CATCATTCTA;10;3746;11;TACTAATAAG;10;3766;6447;CTTCTTAGTA;10;10222;111;CATCATCCTA;10;10342;DI_I.D;0
Homo_sapiens;CATCATTCTA;10;3746;14;TAATAAGTGG;10;3769;6552;CCTCTTATTA;10;10330;3;CATCATCCTA;10;10342;DI_I.D;0
Homo_sapiens;CATCATTCTA;10;3746;14;TAATAAGTGG;10;3769;6552;CCTCTTATTA;10;10330;3;CATCATCCTA;10;10342;D.I_ID;0
Homo_sapiens;TCATTCTACT;10;3748;12;TAATAAGTGG;10;3769;5125;CCACTTCTTA;10;8903;200;TAATTCTACT;10;9112;DI_I.D;0
Homo_sapiens;TTCTACTATC;10;3751;9;TAATAAGTGG;10;3769;7616;CCACTTATGA;10;11394;140;TTGTACTATC;10;11543;DI_I.D;0
Homo_sapiens;CCTTATCACA;10;3797;12;CCTCTGATTA;10;3818;2296;TAATCGGAGG;10;6123;334;CCTAATCACA;10;6466;DI_I.D;0
Homo_sapiens;ACAACACAAG;10;3804;5;CCTCTGATTA;10;3818;2296;TAATCGGAGG;10;6123;63;ACAACATAAG;10;6195;DI_I.D;0
Homo_sapiens;AACTAGTCTC;10;3922;299;ATTACAATCT;10;4230;11759;AGATTCTAAT;10;15998;4;AACTATTCTC;10;16011;D.I_ID;0
Homo_sapiens;GCCGCAGGCC;10;3951;335;GAGTAAATAA;10;4295;11413;TTATTGACTC;10;15717;4;GCCGCAGACC;10;15730;D.I_ID;0
Homo_sapiens;TCGCCCTATT;10;3964;6;TAGCCGAATA;10;3979;11581;TATTCGCCTA;10;15569;42;TTGCCCTATT;10;15620;DI_I.D;0
Homo_sapiens;TCGCCCTATT;10;3964;190;ACACCTCCTA;10;4163;11436;TAGGAGGCGT;10;15608;3;TTGCCCTATT;10;15620;D.I_ID;0
Homo_sapiens;CTATTCTTCA;10;3969;1;TAGCCGAATA;10;3979;11581;TATTCGCCTA;10;15569;236;CTATACTTCA;10;15814;DI_I.D;0
Homo_sapiens;CTTCATAGCC;10;3974;10;AACATTATTA;10;3993;1497;TAATAATCTT;10;5499;33;CTTCAAAGCC;10;5541;DI_I.D;0
Homo_sapiens;CTTCATAGCC;10;3974;13;ATTATTATAA;10;3996;1488;TTATACTAAT;10;5493;39;CTTCAAAGCC;10;5541;DI_I.D;0
Homo_sapiens;ATAAACACCC;10;4005;8;TACAATCTTC;10;4022;12086;GAATATTGTA;10;16117;33;ATAAAAACCC;10;16159;DI_I.D;0
Homo_sapiens;AAACACCCTC;10;4007;6;TACAATCTTC;10;4022;12086;GAATATTGTA;10;16117;54;AAACCCCCTC;10;16180;DI_I.D;0
Homo_sapiens;AATCTTCCTA;10;4025;14;ACGCACTCTC;10;4048;8709;GAGAGGGCGT;10;12766;328;AATCTTCTTA;10;13103;DI_I.D;0
Homo_sapiens;AACAACATAT;10;4037;252;TAAATAATAG;10;4298;6569;CTATTTTTTA;10;10876;12;AACAACCTAT;10;10897;D.I_ID;0
Homo_sapiens;CCTGAACTCT;10;4059;5;AACATATTTT;10;4073;4451;AAAATCTGTT;10;8533;183;CCTGATCTCT;10;8725;DI_I.D;0
Homo_sapiens;AACTCTACAC;10;4063;5;TATTTTGTCA;10;4077;7430;TGACAAAACA;10;11516;280;AACTCTACTC;10;11805;DI_I.D;0
Homo_sapiens;TAACCTCCCT;10;4102;1;GTTCTTATGA;10;4112;8093;TCACAAGAAC;10;12214;132;TAACCACCCT;10;12355;DI_I.D;0
Homo_sapiens;TTCGAACAGC;10;4123;36;TCCTATGAAA;10;4168;9640;TTTCCTAGGA;10;13817;2;TTCTAACAGC;10;13828;D.I_ID;0
Homo_sapiens;TGAAAAAACT;10;4173;260;AATGTTGGTT;10;4442;10027;AACCATCATT;10;14478;15;TAAAAAAACT;10;14502;D.I_ID;0
Homo_sapiens;AAACTTCCTA;10;4178;166;CCCTGAGAAT;10;4353;10800;ATTCTGAGGG;10;15162;15;AAACTTACTA;10;15186;D.I_ID;0
Homo_sapiens;CCCTAGCATT;10;4195;11;TATGTCTCCA;10;4215;2482;TGGATACATA;10;6706;209;CCCTAGGATT;10;6924;DI_I.D;0
Homo_sapiens;GCATTACTTA;10;4200;298;CTTTGCAGGC;10;4507;1023;GCCTTCAAAG;10;5539;14;GCAATACTTA;10;5562;D.I_ID;0
Homo_sapiens;ATATGATATG;10;4209;4;CCATACCCAT;10;4222;2482;ATAGGTATGG;10;6713;172;ATATGAAATG;10;6894;DI_I.D;0
Homo_sapiens;ATTACAATCT;10;4230;114;CCCTGAGAAT;10;4353;10800;ATTCTGAGGG;10;15162;10;ATTACAAACT;10;15181;D.I_ID;0
Homo_sapiens;CCCCCTCAAA;10;4248;11;ATGTCTGATA;10;4268;11951;TATCACACAT;10;16228;138;CCCCCTCAGA;10;16375;DI_I.D;0
Homo_sapiens;ATAAAAGAGT;10;4275;181;ACTAATTAAT;10;4465;5550;ATTAACTAGT;10;10024;14;AAAAAAGAGT;10;10047;D.I_ID;0
Homo_sapiens;CCCCCTTATT;10;4317;4;AGGACTATGA;10;4330;3460;TCCTAGTCCT;10;7799;147;CCCCATTATT;10;7955;DI_I.D;0
Homo_sapiens;CCCCCTTATT;10;4317;4;AGGACTATGA;10;4330;3352;TCCTAGTCCT;10;7691;255;CCCCATTATT;10;7955;DI_I.D;0
Homo_sapiens;CACACCCCAT;10;4386;15;AGCTAAATAA;10;4410;9878;TTATTCAGCT;10;14297;318;CAAACCCCAT;10;14624;DI_I.D;0
Homo_sapiens;CACACCCCAT;10;4386;276;TAATCCTTCT;10;4671;9921;AGAAGGCTTA;10;14601;14;CAAACCCCAT;10;14624;D.I_ID;0
Homo_sapiens;CCCATACCCC;10;4429;7;GTTGGTTATA;10;4445;7899;TATAACCACC;10;12353;63;CTCATACCCC;10;12425;DI_I.D;0
Homo_sapiens;CCCATACCCC;10;4429;8;TTGGTTATAC;10;4446;7691;GTTTAACCAA;10;12146;270;CTCATACCCC;10;12425;DI_I.D;0
Homo_sapiens;CCCCGAAAAT;10;4435;2;TTGGTTATAC;10;4446;10009;GTATATCCAA;10;14464;57;CCCCCAAAAT;10;14530;DI_I.D;0
Homo_sapiens;ATACCCTTCC;10;4452;213;TCCTTCTAAT;10;4674;8789;ATTAGCAGGA;10;13472;1;ATACCTTTCC;10;13482;D.I_ID;0
Homo_sapiens;GGCCCAACCC;10;4480;59;TTTTTACCTG;10;4548;1267;CTGGTAAAAA;10;5824;3;GGCCTAACCC;10;5836;D.I_ID;0
Homo_sapiens;AGTAGGCCTA;10;4558;66;TGCCATCAAG;10;4633;2939;CTTAATGGCA;10;7581;12;AGTAGGTCTA;10;7602;D.I_ID;0
Homo_sapiens;AATAAACCCT;10;4609;2;GTTCCACAGA;10;4620;3551;TCTGTGGAGC;10;8180;317;AACAAACCCT;10;8506;DI_I.D;0
Homo_sapiens;ACCGCATCCA;10;4661;1;TAATCCTTCT;10;4671;9921;AGAAGGCTTA;10;14601;202;ACCCCATCCA;10;14812;DI_I.D;0
Homo_sapiens;CCATAATCCT;10;4668;35;GGACAATGAA;10;4712;3829;TTCATTGCCC;10;8550;1;CCACAATCCT;10;8560;D.I_ID;0
Homo_sapiens;CCATAATCCT;10;4668;3;TAATAGCTAT;10;4680;9323;AAAGCTATTA;10;14012;206;CCATAATCAT;10;14227;DI_I.D;0
Homo_sapiens;CAATATACTC;10;4699;66;AGCAATAAAA;10;4774;9110;TTTTATTTCT;10;13893;2;CAACATACTC;10;13904;D.I_ID;0
Homo_sapiens;TACTACCAAT;10;4732;6;CTCATCATTA;10;4747;5218;TATTGATGAG;10;9974;118;TACTACTAAT;10;10101;DI_I.D;0
Homo_sapiens;AACTAGGAAT;10;4782;175;TTGAGGTGGA;10;4966;8273;TCCACTTCAA;10;13248;4;AACTAGGACT;10;13261;D.I_ID;0
Homo_sapiens;TAGCCCCCTT;10;4791;271;CATTCTTAAT;10;5071;3806;ATTAAAAATG;10;8886;4;TAGCCCACTT;10;8899;D.I_ID;0
Homo_sapiens;CACCCCTCTG;10;4831;8;GCCTGCTTCT;10;4848;8135;AGCAGCAGGC;10;12992;183;CACCACTCTG;10;13184;DI_I.D;0
Homo_sapiens;CTCTGACATC;10;4836;3;GCCTGCTTCT;10;4848;3111;AGAACCAGGC;10;7968;195;CTCTGAAATC;10;8172;DI_I.D;0
Homo_sapiens;CATATACCAA;10;4891;15;AAACGTAAGC;10;4915;4232;GCCTACGTTT;10;9156;235;CACATACCAA;10;9400;DI_I.D;0
Homo_sapiens;AATCTTATCC;10;4942;14;GTTGAGGTGG;10;4965;1567;CAACCTCAAC;10;6541;85;ATTCTTATCC;10;6635;DI_I.D;0
Homo_sapiens;AATCTTATCC;10;4942;179;TAAACTCCAG;10;5130;1485;CTGAAGTTTA;10;6624;2;ATTCTTATCC;10;6635;D.I_ID;0
Homo_sapiens;TATCCATCAT;10;4947;12;GAGGTGGATT;10;4968;10350;ACTCCACCTC;10;15327;296;TATCCATCCT;10;15632;DI_I.D;0
Homo_sapiens;CATCATAGCA;10;4951;8;GAGGTGGATT;10;4968;10350;ACTCCACCTC;10;15327;306;CATCCTAGCA;10;15642;DI_I.D;0
Homo_sapiens;CATCATAGCA;10;4951;69;AGGATGAATA;10;5029;10594;TATCCATCCT;10;15632;1;CATCCTAGCA;10;15642;D.I_ID;0
Homo_sapiens;CATAGCAGGC;10;4954;10;GGATTAAACC;10;4973;7894;GGTTTCATCC;10;12876;158;CATAGAAGGC;10;13043;DI_I.D;0
Homo_sapiens;ATACTCCTCA;10;5008;294;CATAGCCACC;10;5311;6153;GGCGGCTATG;10;11473;6;ATACGCCTCA;10;11488;D.I_ID;0
Homo_sapiens;CTAACATAAC;10;5061;1;CATTCTTAAT;10;5071;3806;ATTAAAAATG;10;8886;115;CTAACATTAC;10;9010;DI_I.D;0
Homo_sapiens;TTTAACTATT;10;5080;2;ATATTATCCT;10;5091;10585;AGCATAATAT;10;15685;314;TTAAACTATT;10;16008;DI_I.D;0
Homo_sapiens;TATTATCCTA;10;5092;29;TAAACTCCAG;10;5130;1485;CTGAAGTTTA;10;6624;4;TCTTATCCTA;10;6637;D.I_ID;0
Homo_sapiens;TAACTACTAC;10;5100;307;GTTTGAACAT;10;5416;8770;ATGTTCAACC;10;14195;3;TAACTACTAC;10;14207;D.I_ID;0
Homo_sapiens;AACTACTACC;10;5101;14;TCAACTTAAA;10;5124;3189;TTTAAGTTAA;10;8322;127;AACTACCACC;10;8458;DI_I.D;0
Homo_sapiens;CCTACTACTC;10;5116;5;TAAACTCCAG;10;5130;1485;CTGAAGTTTA;10;6624;45;CTTACTACTC;10;6678;DI_I.D;0
Homo_sapiens;CTACTACTCA;10;5117;290;GTTTGAACAT;10;5416;8770;ATGTTCAACC;10;14195;6;CTACTACTAA;10;14210;D.I_ID;0
Homo_sapiens;ACTCAACTTA;10;5122;15;GACCCTACTA;10;5146;6064;TAGTAGGCTC;10;11219;163;ACTCCACTTA;10;11391;DI_I.D;0
Homo_sapiens;TAATTCCATC;10;5196;288;TTATACTAAT;10;5493;2530;ATTCGTATAA;10;8032;1;TAATTACATC;10;8042;D.I_ID;0
Homo_sapiens;ATTCACAAAA;10;5275;7;AGCCTCATCA;10;5291;4677;TGATGAGGGT;10;9977;57;ATTCAAAAAA;10;10043;DI_I.D;0
Homo_sapiens;ACAAAAAACA;10;5279;2;TAGCCTCATC;10;5290;5863;GATGAGGCAA;10;11162;347;ACAAAACACA;10;11518;DI_I.D;0
Homo_sapiens;TAGCCTCATC;10;5290;338;TAATTAAGCT;10;5637;5203;AGCCTAATTA;10;10849;2;TAGCATCATC;10;10860;D.I_ID;0
Homo_sapiens;TCATAGCCAC;10;5310;316;TTTAATTAAG;10;5635;5429;CTTAATTATA;10;11073;5;TCACAGCCAC;10;11087;D.I_ID;0
Homo_sapiens;CCCATATCTA;10;5384;14;AAAATGACAG;10;5407;8394;CTGTCACTTT;10;13810;127;CCCCTATCTA;10;13946;DI_I.D;0
Homo_sapiens;ACAAAACCCA;10;5426;106;CTTCAAAGCC;10;5541;9055;GGCTTAGAAG;10;14605;9;ACAAACCCCA;10;14623;D.I_ID;0
Homo_sapiens;CACACTCATC;10;5449;13;CTACTCCTAC;10;5471;1305;GTAGGAATAG;10;6785;184;CAAACTCATC;10;6978;DI_I.D;0
Homo_sapiens;TCATCGCCCT;10;5454;103;TACTTAATTT;10;5566;9204;AAATTAATTA;10;14779;10;TCATCGACCT;10;14798;D.I_ID;0
Homo_sapiens;TATACTAATA;10;5494;12;ATTTAGGTTA;10;5515;10225;TAACCTGAAT;10;15749;141;TAAACTAATA;10;15899;DI_I.D;0
Homo_sapiens;AAATTTAGGT;10;5513;136;AGACCAATGG;10;5658;6620;CCATTGGTCT;10;12287;11;AAATTTTGGT;10;12307;D.I_ID;0
Homo_sapiens;ACCAAGAGCC;10;5532;207;AAAAGGCGGG;10;5748;4509;CCCTCCTTTT;10;10266;7;ACCATGAGCC;10;10282;D.I_ID;0
Homo_sapiens;AGCCCTCAGT;10;5547;272;TAAAAAGAGG;10;5828;4493;CCTCTTATTA;10;10330;12;AGCCCTAAGT;10;10351;D.I_ID;0
Homo_sapiens;TTGCAATACT;10;5560;3;ATTTCTGTAA;10;5572;4899;TTACATAAAT;10;10480;161;TTGCCATACT;10;10650;DI_I.D;0
Homo_sapiens;ACCCCACTCT;10;5599;2;CATCAACTGA;10;5610;7180;TCAGTTGATG;10;12799;248;ACCCCAGTCT;10;13056;DI_I.D;0
Homo_sapiens;CTACTTCTCC;10;5726;37;GTTTGAAGCT;10;5772;6789;AGCTTCAAAC;10;12570;5;CTACTTCTCC;10;12584;D.I_ID;0
Homo_sapiens;ACAAACCACA;10;5930;18;TACCTATTAT;10;5957;7306;ATAATAGTTA;10;13272;13;ACCAACCACA;10;13294;D.I_ID;0
Homo_sapiens;TTCCCCGCAT;10;6183;9;TAAGCTTCTG;10;6201;5970;CAGAGGCTTA;10;12180;193;TTCCCCCCAT;10;12382;DI_I.D;0
Homo_sapiens;ATAAACAACA;10;6191;51;ATAGTGGAGG;10;6251;4610;CCTCTACTAT;10;10870;12;ATCAACAACA;10;10891;D.I_ID;0
Homo_sapiens;GCCGGAGCAG;10;6260;7;GTTGAACAGT;10;6276;6467;ACTGTTCATC;10;12752;52;GCCCGAGCAG;10;12813;DI_I.D;0
Homo_sapiens;GGAGCAGGAA;10;6263;4;GTTGAACAGT;10;6276;6467;ACTGTTCATC;10;12752;334;GTAGCAGGAA;10;13095;DI_I.D;0
Homo_sapiens;TACCCTCCCT;10;6287;227;TATACTACTA;10;6523;3992;TACTAGTATA;10;10524;15;TATCCTCCCT;10;10548;D.I_ID;0
Homo_sapiens;CCGTAGACCT;10;6327;139;AGCAGTCCTA;10;6475;7338;TAGGACTTCT;10;13822;6;CCCTAGACCT;10;13837;D.I_ID;0
Homo_sapiens;ATCCGTCCTA;10;6460;13;CTACTTCTCC;10;6482;9305;GGACAAGTAG;10;15796;2;ATCCGTACTA;10;15807;DI_I.D;0
Homo_sapiens;ATCCGTCCTA;10;6460;13;CTACTTCTCC;10;6482;9305;GGACAAGTAG;10;15796;2;ATCCGTACTA;10;15807;D.I_ID;0
Homo_sapiens;AGCAGTCCTA;10;6475;27;TGCTGGCATC;10;6511;6302;GATGCCAACA;10;12822;14;AGCAATCCTA;10;12845;D.I_ID;0
Homo_sapiens;TACTACTAAC;10;6525;214;CCTAGGGTTT;10;6748;4507;ACACCCTAGG;10;11264;15;TACTACTCAC;10;11288;D.I_ID;0
Homo_sapiens;CACCTTCTTC;10;6553;13;GGAGGAGACC;10;6575;6433;GGTCTCCACC;10;13017;305;CGCCTTCTTC;10;13331;DI_I.D;0
Homo_sapiens;CTTCGACCCC;10;6559;7;GGAGGAGACC;10;6575;6433;GGTCTCCACC;10;13017;95;CTTCCACCCC;10;13121;DI_I.D;0
Homo_sapiens;CCCCATTCTA;10;6583;334;CTAGGATTCA;10;6926;8786;TGACTCCTAG;10;15721;11;CCTCATTCTA;10;15741;D.I_ID;0
Homo_sapiens;ATTCTGATTT;10;6604;15;AGTTTATATT;10;6628;9258;AGTATAAACT;10;15895;96;ATTCTAATTT;10;16000;DI_I.D;0
Homo_sapiens;GCTATGATAT;10;6728;11;CCTAGGGTTT;10;6748;4507;ACACCCTAGG;10;11264;204;GCTATGGTAT;10;11477;DI_I.D;0
Homo_sapiens;GCTATGATAT;10;6728;12;CTAGGGTTTA;10;6749;4454;TACACCCTAG;10;11212;256;GCTATGGTAT;10;11477;DI_I.D;0
Homo_sapiens;ATGATATCAA;10;6731;279;GTTGTAGCCC;10;7019;7656;GGACTACAAC;10;14684;9;ATGATATGAA;10;14702;D.I_ID;0
Homo_sapiens;TATCAATTGG;10;6735;15;TCGTGTGAGC;10;6759;5444;GCTCACAAGA;10;12212;63;TATCCATTGG;10;12284;DI_I.D;0
Homo_sapiens;GAGCACACCA;10;6765;311;CACTGATTTC;10;7085;1082;GAAATCTGTG;10;8176;1;GAGCAAACCA;10;8186;D.I_ID;0
Homo_sapiens;ATTTACAGTA;10;6778;248;ACTATGTCCT;10;7035;9257;AGTACATAGT;10;16301;11;ATTTACCGTA;10;16321;D.I_ID;0
Homo_sapiens;ATTTACAGTA;10;6778;250;TATGTCCTAT;10;7037;9260;ATAGTACATA;10;16306;6;ATTTACCGTA;10;16321;D.I_ID;0
Homo_sapiens;GACGTAGACA;10;6794;149;AGGTGGCCTG;10;6952;1012;CAGGCGACCT;10;7973;11;GACGTTGACA;10;7993;D.I_ID;0
Homo_sapiens;ATCTGCTGCA;10;6904;7;TGAGCCCTAG;10;6920;2852;CTACGGCTCA;10;9781;64;ATCTGCTTCA;10;9854;DI_I.D;0
Homo_sapiens;TCACTAGACA;10;6986;154;TCATATTCAT;10;7149;8073;ATGAATCTGA;10;15231;10;TCAGTAGACA;10;15250;D.I_ID;0
Homo_sapiens;TACACGACAC;10;7002;249;TATCATCTGT;10;7260;1421;ACAAATGATA;10;8690;5;TACACAACAC;10;8704;D.I_ID;0
Homo_sapiens;CACTTCCACT;10;7028;9;TCAATAGGAG;10;7046;2223;CTCCTAATGA;10;9278;24;CACTTCCACT;10;9311;DI_I.D;0
Homo_sapiens;ATTTGCCATC;10;7060;227;TAATATTAAT;10;7296;3179;ATAAATATTA;10;10484;8;ATTTACCATC;10;10501;D.I_ID;0
Homo_sapiens;CATAGGAGGC;10;7069;9;CTGATTTCCC;10;7087;5903;GGCAAATCAG;10;12999;35;CATAGAAGGC;10;13043;DI_I.D;0
Homo_sapiens;TCACTGATTT;10;7084;7;TTCTCAGGCT;10;7100;1402;ACCCTGAGAA;10;8511;272;TCACTCATTT;10;8792;DI_I.D;0
Homo_sapiens;AAATCCATTT;10;7134;8;ATATTCATCG;10;7151;8953;CCATGAATAT;10;16113;193;AAAGCCATTT;10;16315;DI_I.D;0
Homo_sapiens;CCATTTCACT;10;7138;149;TAATATTAAT;10;7296;3179;ATAAATATTA;10;10484;13;CCATCTCACT;10;10506;D.I_ID;0
Homo_sapiens;CCTATCATCT;10;7258;1;GTAGGCTCAT;10;7268;1687;ATCAGCCTAC;10;8964;120;CTTATCATCT;10;9093;DI_I.D;0
Homo_sapiens;CCTATCATCT;10;7258;1;GTAGGCTCAT;10;7268;1687;ATCAGCCTAC;10;8964;252;CCTATCATAT;10;9225;DI_I.D;0
Homo_sapiens;CCCTCCATAA;10;7364;9;TGACTATATG;10;7382;1839;CATATAGTAA;10;9230;78;CACTCCATAA;10;9317;DI_I.D;0
Homo_sapiens;TATACATAAA;10;7428;11;AAAAGGAAGG;10;7448;2809;CCCTCCTTTT;10;10266;204;TTTACATAAA;10;10479;DI_I.D;0
Homo_sapiens;ACATAAAATC;10;7431;8;AAAAGGAAGG;10;7448;4080;CCTTCCTTGT;10;11537;54;ACCTAAAATC;10;11600;DI_I.D;0
Homo_sapiens;GCCAACCCCA;10;7485;9;ATGACTTTTT;10;7503;6562;AAAAAGGCAT;10;14074;300;GCTAACCCCA;10;14383;DI_I.D;0
Homo_sapiens;GCCTCCATGA;10;7497;13;GGTATTAGAA;10;7519;8308;TCCTAATACC;10;15836;264;GCCACCATGA;10;16109;DI_I.D;0
Homo_sapiens;CTTTTTCAAA;10;7507;3;GGTATTAGAA;10;7519;8308;TCCTAATACC;10;15836;93;CTTTTTCCAA;10;15938;DI_I.D;0
Homo_sapiens;CATAACTTTG;10;7538;3;AAAGTTAAAT;10;7550;2318;ATTTCACTTT;10;9877;10;CATCACTTTG;10;9896;DI_I.D;0
Homo_sapiens;CATAACTTTG;10;7538;3;AAAGTTAAAT;10;7550;2318;ATTTCACTTT;10;9877;10;CATCACTTTG;10;9896;D.I_ID;0
Homo_sapiens;CTTAATGGCA;10;7581;11;AAGTAGGTCT;10;7601;7609;AGACCTAGTT;10;15219;231;CTTAATGACA;10;15459;DI_I.D;0
Homo_sapiens;CTTCCCCTAT;10;7622;57;GCTTCCTAGT;10;7688;7909;ACTAGGAGGC;10;15606;4;CTTGCCCTAT;10;15619;D.I_ID;0
Homo_sapiens;TCACCTTTCA;10;7646;9;CCCTCATAAT;10;7664;7489;ATTCTGAGGG;10;15162;110;TTACCTTTCA;10;15281;DI_I.D;0
Homo_sapiens;CATCGCCCTC;10;7809;199;CCGATTGAAG;10;8017;3598;CTTCAATCAG;10;11624;4;CATAGCCCTC;10;11637;D.I_ID;0
Homo_sapiens;TCGTATAATA;10;8034;292;TTAAGAGAAC;10;8335;3114;GTACTCTTAA;10;11458;14;TGGTATAATA;10;11481;D.I_ID;0
Homo_sapiens;TAAACCAAAC;10;8120;243;AACTAAATAC;10;8372;2025;GTATATAGTT;10;10406;1;TAAACAAAAC;10;10416;D.I_ID;0
Homo_sapiens;TCCTAGAATT;10;8213;11;AAAATCTTTG;10;8233;4062;CAAAAATTTT;10;12304;321;TCATAGAATT;10;12634;DI_I.D;0
Homo_sapiens;AAAAATCTTT;10;8232;1;GAAATAGGGC;10;8242;7371;GCCCTATTAC;10;15622;331;AAAAGTCTTT;10;15962;DI_I.D;0
Homo_sapiens;GCCCACCATA;10;8391;10;ATACTCCTTA;10;8410;1204;TCAGGAGTAT;10;9623;12;GCTCACCATA;10;9644;DI_I.D;0
Homo_sapiens;GCCCACCATA;10;8391;10;ATACTCCTTA;10;8410;1204;TCAGGAGTAT;10;9623;12;GCTCACCATA;10;9644;D.I_ID;0
Homo_sapiens;CCAACTAAAA;10;8436;73;GAACCAAAAT;10;8518;3782;ATTTTGGTGC;10;12309;5;CCAAATAAAA;10;12323;D.I_ID;0
Homo_sapiens;ACCTCCCTCA;10;8469;12;AAAAATAAAA;10;8490;5394;TTTTATTTCT;10;13893;150;ACCTCCATCA;10;14052;DI_I.D;0
Homo_sapiens;CCCTCACCAA;10;8473;8;AAAAATAAAA;10;8490;5394;TTTTATTTCT;10;13893;343;CCCGCACCAA;10;14245;DI_I.D;0
Homo_sapiens;CAAACCCTGA;10;8508;1;GAACCAAAAT;10;8518;3782;ATTTTGGTGC;10;12309;45;CTAACCCTGA;10;12363;DI_I.D;0
Homo_sapiens;CAAACCCTGA;10;8508;217;TTATACTAGT;10;8734;3605;ACTACTATAA;10;12348;6;CTAACCCTGA;10;12363;D.I_ID;0
Homo_sapiens;CAAACCCTGA;10;8508;345;GTGATTATAG;10;8862;3481;CTATAACCAC;10;12352;2;CTAACCCTGA;10;12363;D.I_ID;0
Homo_sapiens;CATTGCCCCC;10;8552;3;AATCCTAGGC;10;8564;4892;GCCTAGCATT;10;13465;274;CATTTCCCCC;10;13748;DI_I.D;0
Homo_sapiens;GACTCCTGCC;10;8782;156;TAGTTATTAT;10;8947;2001;ATACTAACTA;10;10957;4;GACTCCTACC;10;10970;D.I_ID;0
Homo_sapiens;CAACCACCCA;10;8806;47;GTGATTATAG;10;8862;2279;CTATCATCAC;10;11150;10;CAACCAGCCA;10;11169;D.I_ID;0
Homo_sapiens;CCTAGCCATG;10;8828;147;AATAGCCCTG;10;8984;5892;CAGGACTATT;10;14885;1;CCTAGCCATG;10;14895;D.I_ID;0
Homo_sapiens;CTACACCCCT;10;8926;105;ACCTAATTGG;10;9040;3961;CCAATTAGGT;10;13010;1;CTCCACCCCT;10;13020;D.I_ID;0
Homo_sapiens;CCCCTTATCC;10;8931;7;TAGTTATTAT;10;8947;2001;ATACTAACTA;10;10957;38;CCACTTATCC;10;11004;DI_I.D;0
Homo_sapiens;CCATACTAGT;10;8941;6;TCGAAACCAT;10;8956;1463;ATGATTTCGA;10;10428;216;CCATACTAGT;10;10653;DI_I.D;0
Homo_sapiens;CCATACTAGT;10;8941;6;TCGAAACCAT;10;8956;1463;ATGATTTCGA;10;10428;258;CCCTACTAGT;10;10695;DI_I.D;0
Homo_sapiens;TCGAAACCAT;10;8956;309;AGCCCTCCTA;10;9274;4128;TAGGAGGACT;10;13411;3;TCAAAACCAT;10;13423;D.I_ID;0
Homo_sapiens;AGCCTACTCA;10;8967;8;AATAGCCCTG;10;8984;5892;CAGGACTATT;10;14885;349;AGGCTACTCA;10;15243;DI_I.D;0
Homo_sapiens;CTACTCATTC;10;8970;196;TAGTAAGCCT;10;9175;2087;AGGCTCACTA;10;11271;10;CTACTCACTC;10;11290;D.I_ID;0
Homo_sapiens;ACCTTCCCTC;10;9079;189;CCTCCTAATG;10;9277;4185;CATTAGCAGG;10;13471;4;ACCTTTCCTC;10;13484;D.I_ID;0
Homo_sapiens;CCCTAACAGG;10;9255;10;AGCCCTCCTA;10;9274;4128;TAGGAGGACT;10;13411;204;CCCTAACAGG;10;13624;DI_I.D;0
Homo_sapiens;CCCTAACAGG;10;9255;13;CCTCCTAATG;10;9277;4185;CATTAGCAGG;10;13471;144;CCCTAACAGG;10;13624;DI_I.D;0
Homo_sapiens;CACACTAACC;10;9355;8;AATGATGGCG;10;9372;2730;CGACATCATT;10;12111;239;CACCCTAACC;10;12359;DI_I.D;0
Homo_sapiens;TTATTACCTC;10;9462;6;TTTTTTTCTT;10;9477;2928;AACAAAAAAA;10;12414;94;TTATTATCTC;10;12517;DI_I.D;0
Homo_sapiens;AGTCCCACTC;10;9589;9;ATCCGTATTA;10;9607;5436;TATTACGGAT;10;15052;198;AGTCCCACCC;10;15259;DI_I.D;0
Homo_sapiens;CTAAACACAT;10;9599;15;TCAGGAGTAT;10;9623;1687;AAACTCCTGA;10;11319;191;CAAAACACAT;10;11519;DI_I.D;0
Homo_sapiens;ATTTTACCCT;10;9720;324;GAGTAATAAA;10;10053;3832;TTTATTTCTC;10;13894;13;ATTCTACCCT;10;13916;D.I_ID;0
Homo_sapiens;TCTCCCTTCA;10;9755;232;TTAGTATAAA;10;9996;1042;TCTATACTAA;10;11047;1;TCTCCCTACA;10;11057;D.I_ID;0
Homo_sapiens;CTCCCTTCAC;10;9756;302;GCCTTAATTT;10;10067;4888;AAATTATGGC;10;14964;12;CTACCTTCAC;10;14985;D.I_ID;0
Homo_sapiens;CTTCACCATT;10;9760;182;GACTATTTCT;10;9951;5999;AGAAAAAGTC;10;15959;6;CTCCACCATT;10;15974;D.I_ID;0
Homo_sapiens;TCCTCACTAT;10;9846;215;TTAATTTTAA;10;10070;3788;TTAAAATAAA;10;13867;2;TCCCCACTAT;10;13878;D.I_ID;0
Homo_sapiens;TCATCCGCCA;10;9861;197;GCCTTAATTT;10;10067;4888;AAATTATGGC;10;14964;5;TCATCCGCTA;10;14978;D.I_ID;0
Homo_sapiens;CTTCGAAGCC;10;9907;6;CTGATACTGG;10;9922;3128;CCAGTCTCAG;10;13059;269;CTTCAAAGCC;10;13337;DI_I.D;0
Homo_sapiens;TCGAAGCCGC;10;9909;23;GATGTGGTTT;10;9941;3561;AGACCACATC;10;13511;2;TCGAAACCGC;10;13522;D.I_ID;0
Homo_sapiens;GCCTGATACT;10;9920;13;ATGTGGTTTG;10;9942;4673;CAAACCCCAT;10;14624;231;GCCTGATCCT;10;14864;DI_I.D;0
Homo_sapiens;TCTTACTCTT;10;9986;2;TAGTATAAAT;10;9997;2893;ATTTATCCTA;10;12899;200;TCTTACTCAT;10;13108;DI_I.D;0
Homo_sapiens;AGAGTAATAA;10;10052;11;AATTTTAATA;10;10072;4234;TATTAAAGTT;10;14315;218;AGAATAATAA;10;14542;DI_I.D;0
Homo_sapiens;CACCCTCCTA;10;10087;12;AATAATTATT;10;10108;3493;AATAATTCTT;10;13610;60;CACCCTACTA;10;13679;DI_I.D;0
Homo_sapiens;AGCCTTACTA;10;10096;3;AATAATTATT;10;10108;3493;AATAATTCTT;10;13610;31;ACCCTTACTA;10;13650;DI_I.D;0
Homo_sapiens;CATAGAAAAA;10;10147;224;AAAAAGGATT;10;10380;5545;AAACCTTTTT;10;15934;13;CAGAGAAAAA;10;15956;D.I_ID;0
Homo_sapiens;CCCTACAAAC;10;10290;15;TAATAGTTAT;10;10314;4183;AAAACTATTA;10;14506;104;CCCCACAAAC;10;14619;DI_I.D;0
Homo_sapiens;ACAACTAACC;10;10298;7;TAATAGTTAT;10;10314;4183;AAAACTATTA;10;14506;246;AAAACTAACC;10;14761;DI_I.D;0
Homo_sapiens;ATCCTCCCTA;10;10549;5;GCCTAGAAGG;10;10563;4917;CCTCCTAGGC;10;15489;163;ATCCTCCATA;10;15661;DI_I.D;0
Homo_sapiens;ATCCTCCCTA;10;10549;9;AGAAGGAATA;10;10567;4870;TCTTCCTTCT;10;15446;206;ATCCTCCATA;10;15661;DI_I.D;0
Homo_sapiens;ATCCTCCCTA;10;10549;34;ATTATAGCTA;10;10592;5046;TAGCAATAAT;10;15647;5;ATCCTCCATA;10;15661;D.I_ID;0
Homo_sapiens;TCCCTACTAT;10;10553;1;GCCTAGAAGG;10;10563;4917;CCTCCTAGGC;10;15489;310;TCCGTACTAT;10;15808;DI_I.D;0
Homo_sapiens;GAATAATACT;10;10572;6;TGTTCATTAT;10;10587;2791;ACAATGAACA;10;13387;213;GAATAATTCT;10;13609;DI_I.D;0
Homo_sapiens;AATCTCCAAC;10;10708;5;ATGGCCTAGA;10;10722;3221;TCTAGGCCTT;10;13952;84;AATCTCCACC;10;14045;DI_I.D;0
Homo_sapiens;ACTAATCATA;10;11100;5;ATATCTTCTT;10;11114;1388;AAGAAGTTAT;10;12511;199;ACTAATCTTA;10;12719;DI_I.D;0
Homo_sapiens;TATCACTCTC;10;11928;66;ATGGGGCTCA;10;12003;1542;TGAGCCCTAT;10;13554;2;TATTACTCTC;10;13565;D.I_ID;0
Homo_sapiens;ACCCACCACA;10;12016;110;TTGTAAATAT;10;12135;1131;ATAGTTACAA;10;13275;10;ACCAACCACA;10;13294;D.I_ID;0
Homo_sapiens;AGAAAACACC;10;12054;28;CTCCTCCTAT;10;12091;2496;ATAGGAGAAG;10;14596;8;AGAAAACCCC;10;14613;D.I_ID;0
Homo_sapiens;TTTCTCAACT;10;12258;324;TCCATAATAT;10;12591;2451;ATATTACGGA;10;15051;4;TTTCTCTACT;10;15064;D.I_ID;0
Homo_sapiens;CCCCATTATG;10;12432;174;TTGTTCGTTA;10;12615;1231;TAACCAACAA;10;13855;15;CCCCACTATG;10;13879;D.I_ID;0
Homo_sapiens;TCTCCATAAT;10;12589;12;TAGCATTGTT;10;12610;3206;AACAATCCTA;10;15825;17;TCTCCCTAAT;10;15851;DI_I.D;0
Homo_sapiens;ATATAAACTC;10;12655;7;AAACATTAAT;10;12671;1636;ATTAAAGTTT;10;14316;196;ATATAACCTC;10;14521;DI_I.D;0
Homo_sapiens;AGGCCTCCTC;10;12977;277;CTAGGACTCA;10;13263;2449;TGACTCCTAG;10;15721;5;AGACCTCCTC;10;15735;D.I_ID;0
Homo_sapiens;CCACCCCAGT;10;13054;53;ATCCGCTTCC;10;13116;2909;GGAAGCAGAT;10;16034;8;CCACCCAAGT;10;16051;D.I_ID;0
Homo_sapiens;CACCCCCTAG;10;13125;1;CAGAAAATAG;10;13135;2869;CTATTCTCTG;10;16013;241;CACCCACTAG;10;16263;DI_I.D;0
Homo_sapiens;TAGCAGAAAA;10;13132;100;AGCCTTCTCC;10;13241;1349;GGAGAAGGCT;10;14599;1;TAGAAGAAAA;10;14609;D.I_ID;0
Homo_sapiens;CCCTTACACA;10;13210;12;AAAAAATCGT;10;13231;2033;ACGATTCTTT;10;15273;244;CCCTTAAACA;10;15526;DI_I.D;0
Homo_sapiens;TCCACTTCAA;10;13248;96;TTTATGTGCT;10;13353;2792;AGTACATAAA;10;16154;8;TCCACATCAA;10;16171;D.I_ID;0
Homo_sapiens;CCACTTCAAG;10;13249;3;AACTAGGACT;10;13261;1949;AGACCTAGTT;10;15219;315;CCACATCAAG;10;15543;DI_I.D;0
Homo_sapiens;CTAGGACTCA;10;13263;3;ATAGTTACAA;10;13275;1823;TTGCAACTAT;10;15107;254;CTAGGAATCA;10;15370;DI_I.D;0
Homo_sapiens;ACAACAATCC;10;13773;131;CGGATTCTAC;10;13913;1880;GTAGCATCCG;10;15802;12;ACAACAATCC;10;15823;D.I_ID;0
Homo_sapiens;CCATCACCCT;10;3505;139;CCTCTGATCA;10;3653;12905;TGATCACAGG;10;16567;3;CTATCACCCT;10;16579;D.I_ID;0
Homo_sapiens;ATCACCCCAT;10;632;8;TAGGTTTGGT;10;649;15621;AACAAACCTA;10;16279;293;ATCACCCTAT;10;16581;DI_I.D;0
Homo_sapiens;TTTACCACTC;10;9507;12;CTACCCCCCA;10;9528;6930;TTGGGGGTAG;10;16467;114;TTAACCACTC;10;16590;DI_I.D;0
Homo_sapiens;CATCATCCTA;10;7794;291;AAAAACAGAT;10;8094;8591;ATCTGTCTTT;10;16694;9;CCTCATCCTA;10;16712;D.I_ID;0
Homo_sapiens;TCCTATTCTT;10;15335;76;AATCAAAGAC;10;15420;1269;GTCTTTGATT;10;16698;10;TCCTATTATT;10;16717;D.I_ID;0
Homo_sapiens;GGCCATAATA;10;3848;146;TAATAAACAC;10;4003;12761;GTGTTAATTA;10;16773;14;GGACATAATA;10;16796;D.I_ID;0
Homo_sapiens;GGCCATAATA;10;3848;133;ACAAACATTA;10;3990;12786;TAATGCTTGT;10;16785;2;GGACATAATA;10;16796;D.I_ID;0
Homo_sapiens;GACATCATAA;10;274;15;CAAACCCCCC;10;298;16327;GGGGGGTATG;10;16634;154;GACATAATAA;10;16797;DI_I.D;0
Homo_sapiens;CATAATCATA;10;14228;258;AATAAATTAA;10;14495;2272;TTAATTAATT;10;16776;14;CATAATAATA;10;16799;D.I_ID;0
Homo_sapiens;ATACTAATAA;10;5495;130;CTTTAATTAA;10;5634;11137;TTAATTAATG;10;16780;11;ATAATAATAA;10;16800;D.I_ID;0
Homo_sapiens;ATCATAACAA;10;277;12;CAAACCCCCC;10;298;16327;GGGGGGTATG;10;16634;160;ATAATAACAA;10;16803;DI_I.D;0
Homo_sapiens;ATATCAATTG;10;6734;7;TAGGGTTTAT;10;6750;9761;ATAAAGCCTA;10;16520;277;ATAACAATTG;10;16806;DI_I.D;0
Homo_sapiens;ACTTTCCAAA;10;10806;15;AATCAACACA;10;10830;5933;TGTGTTAATT;10;16772;50;ACTTTCCACA;10;16831;DI_I.D;0
Homo_sapiens;ACACAAACAT;10;3988;6;TAATAAACAC;10;4003;12761;GTGTTAATTA;10;16773;56;ACACAGACAT;10;16838;DI_I.D;0
Homo_sapiens;CCACATCACT;10;14946;3;AGACGTAAAT;10;14958;1657;ATTTTCGTCT;10;16624;259;CCACAGCACT;10;16892;DI_I.D;0
Homo_sapiens;CCCACAAACA;10;5676;2;TTAGTTAACA;10;5687;11078;TGTTAATTAA;10;16774;139;CCCAAAAACA;10;16922;DI_I.D;0
Homo_sapiens;CCAAAAAACA;10;10811;10;AATCAACACA;10;10830;5933;TGTGTTAATT;10;16772;141;CCCAAAAACA;10;16922;DI_I.D;0
Homo_sapiens;ACCCTAACCC;10;12360;12;ATTCCCCCCA;10;12381;4243;TGGGGGGTAT;10;16633;294;ACCCTAACAC;10;16936;DI_I.D;0
Homo_sapiens;TCAACTTTTA;10;12262;20;TGGTCTTAGG;10;12291;4638;CCTAACACCA;10;16938;14;TCAAATTTTA;10;16961;D.I_ID;0
Homo_sapiens;AAACATTATT;10;3992;2;TAATAAACAC;10;4003;12761;GTGTTAATTA;10;16773;230;ACACATTATT;10;17012;DI_I.D;0
Homo_sapiens;AAACATTATT;10;3992;271;CTGATAAAAG;10;4272;12707;CTTTTAACAG;10;16988;15;ACACATTATT;10;17012;D.I_ID;0
Homo_sapiens;CCCTTACTAC;10;15408;3;AATCAAAGAC;10;15420;1269;GTCTTTGATT;10;16698;328;CCCATACTAC;10;17035;DI_I.D;0
Homo_sapiens;ACTAACCTCA;10;8678;4;CAAATGATAA;10;8691;8268;TTATCTTTTG;10;16968;66;ACTAATCTCA;10;17043;DI_I.D;0
Homo_sapiens;ACCCCCTCCC;10;954;5;AAAGCTAAAA;10;968;15989;TTTTATCTTT;10;16966;86;ACCCCCGCCC;10;17061;DI_I.D;0
Homo_sapiens;CCTACCGAGC;10;1995;1;CTGGTGATAG;10;2005;14925;CTAACACCAG;10;16939;125;CCTACCCAGC;10;17073;DI_I.D;0
Homo_sapiens;AATCAACCAA;10;2389;4;GTCATTATTA;10;2402;14390;TAATAATAAC;10;16801;304;AACCAACCAA;10;17114;DI_I.D;0
Homo_sapiens;CCCCCTCAAA;10;4248;15;CTGATAAAAG;10;4272;12707;CTTTTAACAG;10;16988;162;CCTCCTCAAA;10;17159;DI_I.D;0
Homo_sapiens;CTCATCACCC;10;8428;312;TAATCATTTT;10;8749;8422;AAAATGTTTA;10;17180;9;CACATCACCC;10;17198;D.I_ID;0
Homo_sapiens;AGATCACCCC;10;949;10;AAAGCTAAAA;10;968;15989;TTTTATCTTT;10;16966;224;ACATCACCCC;10;17199;DI_I.D;0
Homo_sapiens;AGCCCATAAA;10;8483;257;TAATCATTTT;10;8749;8422;AAAATGTTTA;10;17180;15;ACCCCATAAA;10;17204;D.I_ID;0
Homo_sapiens;AGTAATATTA;10;7294;334;AAGAGCTTAT;10;7637;9594;ATTAGCTCTT;10;17240;1;AGTAAGATTA;10;17250;D.I_ID;0
Homo_sapiens;ACATGCTAGC;10;4575;95;CTAATAGCTA;10;4679;12554;TAGCTCTTAG;10;17242;10;ACATGCAAGC;10;17261;D.I_ID;0
Homo_sapiens;CACGCAAGCA;10;4651;19;CTAATAGCTA;10;4679;12554;TAGCTCTTAG;10;17242;11;CATGCAAGCA;10;17262;D.I_ID;0
Homo_sapiens;TGAGCTCACC;10;9641;6;CTAATAGAAA;10;9656;7570;TTTCTATTAG;10;17235;40;TGAGTTCACC;10;17284;DI_I.D;0
Homo_sapiens;TCACCCTATA;10;2278;2;AAGAACTAAT;10;2289;14942;ATTAGCTCTT;10;17240;40;TCACCCTCTA;10;17289;DI_I.D;0
Homo_sapiens;GCATCAACCA;10;13288;1;ACCACACCTA;10;13298;3911;TAGGTTTGGT;10;17218;96;GCATCAAGCA;10;17323;DI_I.D;0
Homo_sapiens;AAACACTTAG;10;5681;2;TAACAGCTAA;10;5692;11540;TTAGCTCTTA;10;17241;100;AAACGCTTAG;10;17350;DI_I.D;0
Homo_sapiens;TAGCCTACCC;10;11528;286;AGCTTTTTGA;10;11823;5515;TCAAAACGCT;10;17347;1;TAGCCTAGCC;10;17357;D.I_ID;0
Homo_sapiens;CTCGCCACAC;10;6872;172;GAGCTGTATT;10;7053;10277;AATGCAGCTC;10;17339;13;CTAGCCACAC;10;17361;D.I_ID;0
Homo_sapiens;CCAAACCCCC;10;11667;147;AGCTTTTTGA;10;11823;5515;TCAAAACGCT;10;17347;9;CCACACCCCC;10;17365;D.I_ID;0
Homo_sapiens;ACACCCTCAC;10;4009;14;CTAGGAACAA;10;4032;13182;TTGGTCCTAG;10;17223;135;ACACCCCCAC;10;17367;DI_I.D;0
Homo_sapiens;ACACCCTCAC;10;4009;7;AATCTTCCTA;10;4025;13215;TAGTAAGATT;10;17249;109;ACACCCCCAC;10;17367;DI_I.D;0
Homo_sapiens;CGCCCACGGG;10;11709;105;AGCTTTTTGA;10;11823;5515;TCAAAACGCT;10;17347;14;CCCCCACGGG;10;17370;D.I_ID;0
Homo_sapiens;GGGCCAGCCA;10;6025;278;CCCACCCTGG;10;6312;11116;CCAGGGTTGG;10;17437;9;GTGCCAGCCA;10;17455;D.I_ID;0
Homo_sapiens;ACTCACCAGA;10;14909;12;CCTTTTCATC;10;14930;2369;GATCAAAAGG;10;17308;229;ACTCACCTGA;10;17546;DI_I.D;0
Homo_sapiens;AACACATAAT;10;10817;174;AACGCCACTT;10;11000;6585;AAGTGGCTTT;10;17594;11;AACACACAAT;10;17614;D.I_ID;0
Homo_sapiens;CCCACTAAGC;10;15699;8;TTTATTGACT;10;15716;1762;AGTCAATAGA;10;17487;156;CCCACTATGC;10;17652;DI_I.D;0
Homo_sapiens;CAATAAAACT;10;4776;178;CAGTTGAGGT;10;4963;12700;ACCTCAACAG;10;17672;7;CAACAAAACT;10;17688;D.I_ID;0
Homo_sapiens;TCAAATCCCT;10;16346;34;GGTCCCTTGA;10;16389;1334;TCAAAGGACC;10;17732;11;TCATATCCCT;10;17752;D.I_ID;0
Homo_sapiens;TCAACCTCCC;10;13443;109;TATCTATTAC;10;13561;4209;GTAATCGATA;10;17779;9;TCAACCTCAC;10;17797;D.I_ID;0
Homo_sapiens;CAACCACACC;10;13296;256;TATCTATTAC;10;13561;4209;GTAATCGATA;10;17779;10;CAACCTCACC;10;17798;D.I_ID;0
Homo_sapiens;ATACCCCCAT;10;12428;322;ATCGGCTGAG;10;12759;5048;CTCAGCCTAT;10;17816;1;ATACCGCCAT;10;17826;D.I_ID;0
Homo_sapiens;AAACCCTCAT;10;12037;10;AAAACACCCT;10;12056;5443;AGAGTGTTTT;10;17508;326;AAACCCTGAT;10;17843;DI_I.D;0
Homo_sapiens;CATGAGCTGG;10;5973;348;TAGACCTAAC;10;6330;11552;GTTAGGTCAA;10;17891;10;CATGAGGTGG;10;17910;D.I_ID;0
Homo_sapiens;ATTTAGCTGT;10;10905;14;CCTCCGACCC;10;10928;7041;GGGTCGAAGG;10;17978;4;ATTTAGCAGT;10;17991;DI_I.D;0
Homo_sapiens;ATTTAGCTGT;10;10905;14;CCTCCGACCC;10;10928;7041;GGGTCGAAGG;10;17978;4;ATTTAGCAGT;10;17991;D.I_ID;0
Homo_sapiens;TTAGCAGGAA;10;13473;278;ATCCCCCTTC;10;13760;4214;GAAGGTGGAT;10;17983;1;TTAGCAGTAA;10;17993;D.I_ID;0
Homo_sapiens;CAGTAAGCTA;10;15770;192;TAACTCCACC;10;15971;2006;GGTGGATTTA;10;17986;2;CAGTAAACTA;10;17997;D.I_ID;0
Homo_sapiens;TAAACTAATA;10;15899;63;TAACTCCACC;10;15971;2006;GGTGGATTTA;10;17986;5;TAAACTAAGA;10;18000;D.I_ID;0
Homo_sapiens;AAACTAGGAG;10;15604;5;CCTTGCCCTA;10;15618;2266;TAGGTCAAGG;10;17893;99;AAACTAAGAG;10;18001;DI_I.D;0
Homo_sapiens;CCCCTCACCC;10;16258;243;CTTCAGGGTC;10;16510;1512;GGCCCTGAAG;10;18031;14;CCCGTCACCC;10;18054;D.I_ID;0
Homo_sapiens;ACCCCCCTCA;10;16373;7;GGTCCCTTGA;10;16389;1334;TCAAAGGACC;10;17732;319;ACCCTCCTCA;10;18060;DI_I.D;0
Homo_sapiens;ACTAACACCC;10;5185;9;ATCCACCCTC;10;5203;12771;GAAGGTGGAT;10;17983;100;ACTAAAACCC;10;18092;DI_I.D;0
Homo_sapiens;AACTTTACTT;10;14089;11;TTCTTCCCAC;10;14109;3798;GTGGCAAGAA;10;17916;293;AACTTAACTT;10;18218;DI_I.D;0
Homo_sapiens;CCACAAACCC;10;14621;6;CTAAACCCAC;10;14636;3342;GTGGATTTAG;10;17987;254;CCCCAAACCC;10;18250;DI_I.D;0
Homo_sapiens;CCTACTCCAC;10;13070;3;AAGCACTATA;10;13082;4920;TAGAGTGCTT;10;18011;237;CCCACTCCAC;10;18257;DI_I.D;0
Homo_sapiens;AGACAACCAT;10;14474;9;CTAAATAAAT;10;14492;3607;ATTTATATAG;10;18108;159;AGACAACCTT;10;18276;DI_I.D;0
Homo_sapiens;CCTGAGCCAA;10;11324;311;CTCGTAGTAA;10;11644;6615;TTACTACCAG;10;18268;5;CCTTAGCCAA;10;18282;D.I_ID;0
Homo_sapiens;AAATATTATA;10;10486;5;CATTTACCAT;10;10500;7626;ATGGTAAGTG;10;18135;225;AAAAATTATA;10;18369;DI_I.D;0
Homo_sapiens;TTCTAACCAA;10;4596;296;ATCTCTCCCT;10;4901;13448;AGGGAAAGAT;10;18358;7;TTATAACCAA;10;18374;D.I_ID;0
Homo_sapiens;AATCATAATA;10;4759;133;ATCTCTCCCT;10;4901;13448;AGGGAAAGAT;10;18358;15;AAGCATAATA;10;18382;D.I_ID;0
Homo_sapiens;AGCCCTATAC;10;11967;3;CCTCTACATA;10;11979;6123;TATATAGAGG;10;18111;284;ACCCCTATAC;10;18404;DI_I.D;0
Homo_sapiens;ACCCCAATAC;10;14749;291;CTATATTACG;10;15049;3327;CATAATATAG;10;18385;10;ACCCCTATAC;10;18404;D.I_ID;0
Homo_sapiens;TATATCTTCT;10;11113;322;TAGTACTTGC;10;11444;6941;GCAAGGACTA;10;18394;6;TATACCTTCT;10;18409;D.I_ID;0
Homo_sapiens;ATCTAGAAAT;10;10254;304;AGAAGGAATA;10;10567;7833;TATACCTTCT;10;18409;13;AACTAGAAAT;10;18431;D.I_ID;0
Homo_sapiens;CTAGAATTAA;10;8215;14;CTTTGAAATA;10;8238;9827;TACTTCAAAG;10;18074;350;CTAGAAATAA;10;18433;DI_I.D;0
Homo_sapiens;CTAGAATTAA;10;8215;322;TTCATTCATT;10;8546;9868;AATGAATTAA;10;18423;1;CTAGAAATAA;10;18433;D.I_ID;0
Homo_sapiens;TAACTTAGCA;10;8305;9;TTAAGTTAAA;10;8323;9883;TTCAACTTAA;10;18215;216;TAACTTTGCA;10;18440;DI_I.D;0
Homo_sapiens;TAACTTAGCA;10;8305;232;TTCATTCATT;10;8546;9868;AATGAATTAA;10;18423;8;TAACTTTGCA;10;18440;D.I_ID;0
Homo_sapiens;ACCCCCCAAA;10;7464;2;CTGGTTTCAA;10;7475;10842;TTGAAACCTG;10;18326;133;ACCCCCGAAA;10;18468;DI_I.D;0
Homo_sapiens;AACAGACGAG;10;7842;14;CCCTTACCAT;10;7865;10261;ATGGTAAGTG;10;18135;333;ACCAGACGAG;10;18477;DI_I.D;0
Homo_sapiens;TTTGTTCAAC;10;3036;49;GTTTCTATCT;10;3094;15492;AGATAGAATC;10;18595;1;TTAGTTCAAC;10;18605;D.I_ID;0
Homo_sapiens;TTAAACTTTA;10;14086;15;TCTTCCCACT;10;14110;4414;AGTGGGAAGA;10;18533;67;TTCAACTTTA;10;18609;DI_I.D;0
Homo_sapiens;AACTTAAAAT;10;13864;5;TCCCCACTAT;10;13878;4644;ATAGTGGGAA;10;18531;72;AACTTTAAAT;10;18612;DI_I.D;0
Homo_sapiens;TCATTGGACA;10;15791;9;CCGTACTATA;10;15809;2528;TATAGTACCG;10;18346;328;TCTTTGGACA;10;18683;DI_I.D;0
Homo_sapiens;GTAGACCTAA;10;6329;7;TCTCCTTACA;10;6345;12092;TGCAAGGAGA;10;18446;283;GTAGGCCTAA;10;18738;DI_I.D;0
Homo_sapiens;CTAACAGCAG;10;7286;258;GTTAAATTAT;10;7553;11159;AAAATTTAAC;10;18721;14;CTAAAAGCAG;10;18744;D.I_ID;0
Homo_sapiens;ACAGCAGCCA;10;12831;136;TAGGCCTCCT;10;12976;5752;AGTAGGCCTA;10;18737;1;AAAGCAGCCA;10;18747;D.I_ID;0
Homo_sapiens;CACCCACCAC;10;12015;232;GCTTTCTCAA;10;12256;6496;TTAAGAAAGC;10;18761;13;CACCCACTAC;10;18783;D.I_ID;0
Homo_sapiens;CCATCACCCT;10;5319;13;CTTCTACCTA;10;5341;13197;TAGGTAGAGG;10;18547;288;CTATCACCCT;10;18844;DI_I.D;0
Homo_sapiens;AAACAATCTC;10;3718;263;ACAAACATTA;10;3990;14865;TAATGTTAGT;10;18864;14;AAACATTCTC;10;18887;D.I_ID;0
Homo_sapiens;CCTTCTCCTC;10;4924;161;TTATCCTAAC;10;5094;13765;GTTAGTATAA;10;18868;13;CATTCTCCTC;10;18890;D.I_ID;0
Homo_sapiens;CATACTCCTC;10;5007;78;TTATCCTAAC;10;5094;13765;GTTAGTATAA;10;18868;13;CATTCTCCTC;10;18890;D.I_ID;0
Homo_sapiens;AGATGAAAAC;10;15928;2;TTTTTCCAAG;10;15939;2745;CTAGGAAAAA;10;18693;214;AGATTAAAAC;10;18916;DI_I.D;0
Homo_sapiens;CAATATCAAC;10;9064;10;TCCCTCTACA;10;9083;9615;TGTAGAGAGA;10;18707;232;CAATATCTAC;10;18948;DI_I.D;0
Homo_sapiens;CATCATTACC;10;12114;4;TTTTCCTCTT;10;12127;6535;AAGAGGAACA;10;18671;293;CATTATTACC;10;18973;DI_I.D;0
Homo_sapiens;CATCATTACC;10;12114;12;TTGTAAATAT;10;12135;6806;ATATCTACAA;10;18950;14;CATTATTACC;10;18973;DI_I.D;0
Homo_sapiens;CATCATTACC;10;12114;12;TTGTAAATAT;10;12135;6806;ATATCTACAA;10;18950;14;CATTATTACC;10;18973;D.I_ID;0
Homo_sapiens;TCAAGCCAAC;10;7481;13;ATGACTTTTT;10;7503;11454;AACAAGTCAT;10;18966;15;TCAACCCAAC;10;18990;DI_I.D;0
Homo_sapiens;TCAAGCCAAC;10;7481;13;ATGACTTTTT;10;7503;11454;AACAAGTCAT;10;18966;15;TCAACCCAAC;10;18990;D.I_ID;0
Homo_sapiens;CAACAGAGGC;10;12177;345;TGACACTGAG;10;12531;6443;CTCACTGTCA;10;18983;4;CAACACAGGC;10;18996;D.I_ID;0
Homo_sapiens;AAAAATAAAA;10;8490;346;CCTTATGAGC;10;8845;10154;GCTCATAAGG;10;19008;11;AAAAGTAAAA;10;19028;D.I_ID;0
Homo_sapiens;CTTACCCCCC;10;11862;328;ATTTACCGAG;10;12199;6834;CTCGGCAAAT;10;19042;1;CTTACCCCGC;10;19052;D.I_ID;0
Homo_sapiens;TTTACCACAA;10;11989;201;ATTTACCGAG;10;12199;6834;CTCGGCAAAT;10;19042;14;TTTACCAAAA;10;19065;D.I_ID;0
Homo_sapiens;TTAACCAAAA;10;12148;11;TGAATCTGAC;10;12168;6736;GTCAGATTAA;10;18913;143;TTTACCAAAA;10;19065;DI_I.D;0
Homo_sapiens;TTAACCAAAA;10;12148;42;ATTTACCGAG;10;12199;6834;CTCGGCAAAT;10;19042;14;TTTACCAAAA;10;19065;D.I_ID;0
Homo_sapiens;AACACCACCT;10;6548;14;CGGAGGAGGA;10;6571;12312;TTCTCCTCCG;10;18892;173;AACATCACCT;10;19074;DI_I.D;0
Homo_sapiens;TAGCATCATC;10;10860;10;TTTTTTAACC;10;10879;8133;GGTTAAAAAA;10;19021;55;TAGCATCACC;10;19085;DI_I.D;0
Homo_sapiens;TAGCATCATC;10;10860;5;TACTATTTTT;10;10874;8142;AAAAAAAGTA;10;19025;51;TAGCATCACC;10;19085;DI_I.D;0
Homo_sapiens;TACCCTAGCC;10;15513;4;CCCTTAAACA;10;15526;3592;TGTTTAACGG;10;19127;7;TACCCTAACC;10;19143;DI_I.D;0
Homo_sapiens;TACCCTAGCC;10;15513;4;CCCTTAAACA;10;15526;3592;TGTTTAACGG;10;19127;7;TACCCTAACC;10;19143;D.I_ID;0
Homo_sapiens;TAGCATCATC;10;10860;10;TTTTTTAACC;10;10879;8133;GGTTAAAAAA;10;19021;132;TAGCATAATC;10;19162;DI_I.D;0
Homo_sapiens;TAGCATCATC;10;10860;5;TACTATTTTT;10;10874;8142;AAAAAAAGTA;10;19025;128;TAGCATAATC;10;19162;DI_I.D;0
Homo_sapiens;TCTCTTTCTT;10;14101;166;CTGACCCCTC;10;14276;4926;GAGGGTTCAG;10;19211;4;TCTCTTACTT;10;19224;D.I_ID;0
Homo_sapiens;TTCAACCAGT;10;14198;69;CTGACCCCTC;10;14276;4926;GAGGGTTCAG;10;19211;13;TTTAACCAGT;10;19233;D.I_ID;0
Homo_sapiens;ACCTAAGAAA;10;4257;15;GAGTTACTTT;10;4281;14745;AAAGGAACTC;10;19035;284;ACCTAACAAA;10;19328;DI_I.D;0
Homo_sapiens;TAACACACCC;10;14549;73;CATTACTAAA;10;14631;4670;TTTATTAATG;10;19310;12;TAACAAACCC;10;19331;D.I_ID;0
Homo_sapiens;TACCAAATCT;10;4895;10;TAAACGTAAG;10;4914;14304;CTTACTTTTA;10;19227;118;TACCAAACCT;10;19354;DI_I.D;0
Homo_sapiens;ACCTCGGAGC;10;5815;1;TGGTAAAAAG;10;5825;13228;CTGTTTACCA;10;19062;335;ACCTCCGAGC;10;19406;DI_I.D;0
Homo_sapiens;AAAGCTAACT;10;8300;15;TAAGTTAAAG;10;8324;10971;CTTTAATTTA;10;19304;128;AAAGCGAACT;10;19441;DI_I.D;0
Homo_sapiens;AAGCTACCCT;10;15774;11;TTGGACAAGT;10;15794;3670;ACTTGACCAA;10;19473;7;AAGTTACCCT;10;19489;DI_I.D;0
Homo_sapiens;AAGCTACCCT;10;15774;11;TTGGACAAGT;10;15794;3670;ACTTGACCAA;10;19473;7;AAGTTACCCT;10;19489;D.I_ID;0
Homo_sapiens;CGCATTCCTA;10;5110;95;TCTCCCTAGG;10;5214;14273;CCTAGGGATA;10;19496;5;CGCAATCCTA;10;19510;D.I_ID;0
Homo_sapiens;CTTTTAAAGG;10;12266;11;TCCATTGGTC;10;12286;7182;GACCAACGGA;10;19477;105;CTATTAAAGG;10;19591;DI_I.D;0
Homo_sapiens;TCAAACTCCT;10;11317;268;AAACAGACCT;10;11594;8054;AGGTCGGTTT;10;19657;11;TCAAATTCCT;10;19677;D.I_ID;0
Homo_sapiens;GTAAATAATA;10;4297;14;CCTTATTTCT;10;4320;15377;AGAAATAAGG;10;19706;26;GTAAATGATA;10;19741;DI_I.D;0
Homo_sapiens;CTCAACCTAG;10;3597;249;ATATGATTTA;10;3855;15878;TAAATGATAT;10;19742;4;CTCAACTTAG;10;19755;D.I_ID;0
Homo_sapiens;AATATTATAC;10;10487;1;TAGCATTTAC;10;10497;8911;GTACATGCTA;10;19417;337;AGTATTATAC;10;19763;DI_I.D;0
Homo_sapiens;AATATTATAC;10;10487;1;TAGCATTTAC;10;10497;9235;GTAAATGATA;10;19741;13;AGTATTATAC;10;19763;DI_I.D;0
Homo_sapiens;AATATTATAC;10;10487;1;TAGCATTTAC;10;10497;9235;GTAAATGATA;10;19741;13;AGTATTATAC;10;19763;D.I_ID;0
Homo_sapiens;CAACACCCAC;10;10615;161;TATATTACTA;10;10785;8968;TAGTATTATA;10;19762;2;CCACACCCAC;10;19773;D.I_ID;0
Homo_sapiens;GCATCAAACT;10;3669;153;CTGCCATCAT;10;3831;15961;AAGATGGCAG;10;19801;13;GCATAAAACT;10;19823;D.I_ID;0
Homo_sapiens;TTCAACTCCT;10;7936;15;TTATTCCTAG;10;7960;11528;CTAGGGATAA;10;19497;347;TTCAATTCCT;10;19853;DI_I.D;0
Homo_sapiens;TAACAACCTA;10;12737;278;ACCCCTGACT;10;13024;6811;AGTCAGAGGT;10;19844;15;TAACAACATA;10;19868;D.I_ID;0
Homo_sapiens;AACAAAATAC;10;15865;10;CCTGTCCTTG;10;15884;3891;CAAGAACAGG;10;19784;76;AACAACATAC;10;19869;DI_I.D;0
Homo_sapiens;TACCCAAGGC;10;4822;5;CTCTGACATC;10;4836;14958;GATGGCAGAG;10;19803;64;TACCCATGGC;10;19876;DI_I.D;0
Homo_sapiens;CATTACTAAT;10;3763;11;TTTAACCTCT;10;3783;16056;AGAGGTTCAA;10;19848;70;CATTCCTAAT;10;19927;DI_I.D;0
Homo_sapiens;ACTACTCAAA;10;13418;6;ACCTCTCACT;10;13433;6402;AGTCAGAGGT;10;19844;117;ACTACGCAAA;10;19970;DI_I.D;0
Homo_sapiens;CAAATGCCCC;10;10466;14;TATTATACTA;10;10489;9264;TAGTATTATA;10;19762;205;CAAAGGCCCC;10;19976;DI_I.D;0
Homo_sapiens;CCCCAACCTT;10;10916;15;TAACAACCCC;10;10940;8843;GGGTTTGTTA;10;19792;181;CCCCAACGTT;10;19982;DI_I.D;0
Homo_sapiens;CTACCACAAC;10;10127;9;TACATAGAAA;10;10145;9510;TTTCTATCTA;10;19664;334;CTACTACAAC;10;20007;DI_I.D;0
Homo_sapiens;TACCACAACC;10;14325;350;GGACTACAAC;10;14684;5296;GTTGTAGGCC;10;19989;10;TACTACAACC;10;20008;D.I_ID;0
Homo_sapiens;CCCCAACCTT;10;10916;15;TAACAACCCC;10;10940;8843;GGGTTTGTTA;10;19792;294;CCCCGACCTT;10;20095;DI_I.D;0
Homo_sapiens;CCCTCACCAT;10;13450;10;AGCATTAGCA;10;13469;6452;TCCTAATGCT;10;19930;168;CTCTCACCAT;10;20107;DI_I.D;0
Homo_sapiens;AACCTCCCTC;10;13445;15;AGCATTAGCA;10;13469;6452;TCCTAATGCT;10;19930;193;AACCCCCCTC;10;20132;DI_I.D;0
Homo_sapiens;ACCCCTCTCC;10;14279;308;ATAGGAGAAG;10;14596;5516;CTTCTACTAT;10;20121;3;ACCCCCCTCC;10;20133;D.I_ID;0
Homo_sapiens;CCCCCCACCC;10;7396;226;TCATAGAAGA;10;7631;12483;TCTACTATGA;10;20123;2;CCCCCCTCCC;10;20134;D.I_ID;0
Homo_sapiens;CCCTACCCCC;10;9526;1;CAATTAGGAG;10;9536;10351;CTCCTCATTG;10;19896;243;CCCAACCCCC;10;20148;DI_I.D;0
Homo_sapiens;TTATTCTCGC;10;14672;3;GGACTACAAC;10;14684;5296;GTTGTAGGCC;10;19989;187;TTATTCTAGC;10;20185;DI_I.D;0
Homo_sapiens;TGATGAGGGT;10;9977;151;TCAACGGCTA;10;10137;10060;TAGCCGTTTA;10;20206;11;TGATCAGGGT;10;20226;D.I_ID;0
Homo_sapiens;CTTCAAACTC;10;11800;109;CCTGATCAAA;10;11918;8297;TCTGATCAGG;10;20224;6;CATCAAACTC;10;20239;D.I_ID;0
Homo_sapiens;CCCAGACAAT;10;15501;1;TATACCCTAG;10;15511;4436;CTAGGCTATA;10;19956;319;CCCAAACAAT;10;20284;DI_I.D;0
Homo_sapiens;CAGCCTAGCC;10;9517;11;AATTAGGAGG;10;9537;10631;CCTCCTATTT;10;20177;120;CACCCTAGCC;10;20306;DI_I.D;0
Homo_sapiens;TACCCATCAT;10;6114;1;AATCGGAGGC;10;6124;14043;GCCTCCTATT;10;20176;126;TAGCCATCAT;10;20311;DI_I.D;0
Homo_sapiens;TCTACACCCT;10;11210;175;CCACTTATGA;10;11394;8935;TAATAAGTGG;10;20338;12;TCTCCACCCT;10;20359;D.I_ID;0
Homo_sapiens;ACTAGTCTCA;10;10699;13;TATGGCCTAG;10;10721;9684;CTTGGCCATA;10;20414;69;ACTAGTCTCA;10;20492;DI_I.D;0
Homo_sapiens;CTATACTTCA;10;15814;55;AATGGGCCTG;10;15878;4637;CAGGCCCCTT;10;20524;5;CTATTCTTCA;10;20538;D.I_ID;0
Homo_sapiens;AACACCCTTA;10;5188;302;TAATAATCTT;10;5499;15054;AACATTATTA;10;20562;6;AACACCCTCA;10;20577;D.I_ID;0
Homo_sapiens;AACACCCTTA;10;5188;296;TTATACTAAT;10;5493;15063;ATTATTATAA;10;20565;3;AACACCCTCA;10;20577;D.I_ID;0
Homo_sapiens;CACCATCACC;10;5317;173;TAATAATCTT;10;5499;15054;AACATTATTA;10;20562;8;CACCCTCACC;10;20579;D.I_ID;0
Homo_sapiens;CACCATCACC;10;5317;167;TTATACTAAT;10;5493;15063;ATTATTATAA;10;20565;5;CACCCTCACC;10;20579;D.I_ID;0
Homo_sapiens;CCCTTACCAC;10;5460;30;TAATAATCTT;10;5499;15054;AACATTATTA;10;20562;10;CCCTCACCAC;10;20581;D.I_ID;0
Homo_sapiens;CCCTTACCAC;10;5460;24;TTATACTAAT;10;5493;15063;ATTATTATAA;10;20565;7;CCCTCACCAC;10;20581;D.I_ID;0
Homo_sapiens;CTCATCACTA;10;6982;311;TAATAATTTT;10;7302;13251;AACATTATTA;10;20562;12;CTCACCACTA;10;20583;D.I_ID;0
Homo_sapiens;ACTACTATCT;10;5152;332;TTATACTAAT;10;5493;15063;ATTATTATAA;10;20565;15;ACTACAATCT;10;20589;D.I_ID;0
Homo_sapiens;AATCTCCCTA;10;11055;10;TTAATTATAA;10;11074;9486;TTATAATAAA;10;20569;16;AATCTTCCTA;10;20594;DI_I.D;0
Homo_sapiens;ACAACCTATT;10;12739;18;GAGAGGGCGT;10;12766;7842;ACGCACTCTC;10;20617;14;ACAACATATT;10;20640;D.I_ID;0
Homo_sapiens;ACAAGATATT;10;13394;2;GAAAAATAGG;10;13405;7123;CCTATTCTTC;10;20537;94;ACAACATATT;10;20640;DI_I.D;0
Homo_sapiens;CAACACCCTA;10;11262;245;TGACAAAACA;10;11516;9121;TATTTTGTCA;10;20646;2;CAAGACCCTA;10;20657;D.I_ID;0
Homo_sapiens;ATGATTTCGA;10;10428;10;TTATGATAAT;10;10447;10112;ATTATAATAA;10;20568;110;ATGAATTCGA;10;20687;DI_I.D;0
Homo_sapiens;TCTAACAGCA;10;7285;8;TAATAATTTT;10;7302;13251;AACATTATTA;10;20562;122;TCGAACAGCA;10;20693;DI_I.D;0
Homo_sapiens;AGCATACTCC;10;5005;259;GAATTCACAA;10;5273;15403;TTATGAATTC;10;20685;5;AGCATACCCC;10;20699;D.I_ID;0
Homo_sapiens;TCATACACCT;10;12071;210;TTGGTCTTAG;10;12290;8418;CTACGACCAA;10;20717;2;TCATACACCT;10;20728;D.I_ID;0
Homo_sapiens;CTCCTCCTAT;10;12091;190;TTGGTCTTAG;10;12290;8418;CTACGACCAA;10;20717;7;CACCTCCTAT;10;20733;D.I_ID;0
Homo_sapiens;CTACCAATCA;10;4734;210;TCATAGCAGG;10;4953;15773;CCTCCTATGA;10;20735;10;CTACCACTCA;10;20754;D.I_ID;0
Homo_sapiens;ACCACACACC;10;9414;50;GAAGTTTTTT;10;9473;11262;AAAAAACTTC;10;20744;3;ACCACTCACC;10;20756;D.I_ID;0
Homo_sapiens;ATGATATTTC;10;15558;2;TATTCGCCTA;10;15569;4970;TAGCCGAATA;10;20548;223;ATGATATGTC;10;20780;DI_I.D;0
Homo_sapiens;TCCGATAAAA;10;15388;164;ATATTTCCTA;10;15561;5259;TAAGAAATAT;10;20829;2;TCTGATAAAA;10;20840;D.I_ID;0
Homo_sapiens;AATAGGAGCT;10;7048;11;TCATAGGAGG;10;7068;13658;CCTCCTATGA;10;20735;128;AATAGGAGCT;10;20872;DI_I.D;0
Homo_sapiens;CCCCTTATTT;10;12193;12;TCACAAGAAC;10;12214;8458;GTTCTTATGA;10;20681;197;CCCCTTATTT;10;20887;DI_I.D;0
Homo_sapiens;CCCCTCATTT;10;10472;8;TATTATACTA;10;10489;10069;TATTATAATA;10;20567;311;CCCCTTATTT;10;20887;DI_I.D;0
Homo_sapiens;CCCATCGCTG;10;11428;343;TCATAATCCT;10;11780;9110;AGGACTATGA;10;20899;9;CCCATCCCTG;10;20917;D.I_ID;0
Homo_sapiens;CCCATCGCTG;10;11428;220;CCATTCTCAT;10;11657;9239;ATGAGAATCG;10;20905;3;CCCATCCCTG;10;20917;D.I_ID;0
Homo_sapiens;CACCTATCCC;10;12076;221;AAAATTTTGG;10;12306;8617;CCAAAATTCT;10;20932;7;CACCTATCAC;10;20948;D.I_ID;0
Homo_sapiens;TACTAATCAA;10;14214;255;AACCATCATT;10;14478;6524;AATGTTGGTT;10;21011;13;TACTAATTAA;10;21033;D.I_ID;0
Homo_sapiens;TACTAATCAA;10;14214;241;GTATATCCAA;10;14464;6542;TTGGTTATAC;10;21015;9;TACTAATTAA;10;21033;D.I_ID;0
Homo_sapiens;CGGCATCTAC;10;9775;240;ATTAACTAGT;10;10024;11001;ACTAATTAAT;10;21034;15;CGTCATCTAC;10;21058;D.I_ID;0
Homo_sapiens;CATGCACACT;10;12341;3;TATAACCACC;10;12353;8652;GTTGGTTATA;10;21014;58;CAGGCACACT;10;21081;DI_I.D;0
Homo_sapiens;TCACAGCCCT;10;13798;10;TTTCCTAGGA;10;13817;6911;TCCTATGAAA;10;20737;347;TCACAGCGCT;10;21093;DI_I.D;0
Homo_sapiens;TAAAAATAAA;10;8489;5;TATAACAAAC;10;8503;12502;GTTGGTTATA;10;21014;112;TAGAAATAAA;10;21135;DI_I.D;0
Homo_sapiens;TATTACCTCA;10;9463;4;GTTTTTTTCT;10;9476;11651;AGAAATAAAC;10;21136;67;TATTTCCTCA;10;21212;DI_I.D;0
Homo_sapiens;CATAATCATT;10;7668;14;TCCTAGTCCT;10;7691;13199;AGGACTATGA;10;20899;330;CATAATCCTT;10;21238;DI_I.D;0
Homo_sapiens;AATAGCCATC;10;14448;7;GTATATCCAA;10;14464;6542;TTGGTTATAC;10;21015;226;AATAGCTATC;10;21250;DI_I.D;0
Homo_sapiens;AATAGCCATC;10;14448;144;AGAAGGCTTA;10;14601;6630;TAATCCTTCT;10;21240;1;AATAGCTATC;10;21250;D.I_ID;0
Homo_sapiens;TCCACTTCAA;10;13248;215;ATTAGCAGGA;10;13472;7762;TCCTTCTAAT;10;21243;6;TCCTCTTCAA;10;21258;D.I_ID;0
Homo_sapiens;CAACATACTC;10;13904;99;AAAGCTATTA;10;14012;7228;TAATAGCTAT;10;21249;10;CAATATACTC;10;21268;D.I_ID;0
Homo_sapiens;AATCAATACT;10;4739;15;ATAATAGCTA;10;4763;16378;TAGCTTTTAT;10;21150;136;AACCAATACT;10;21295;DI_I.D;0
Homo_sapiens;TAATAACCAT;10;12334;10;TATAACCACC;10;12353;8652;GTTGGTTATA;10;21014;301;TAATAATCAT;10;21324;DI_I.D;0
Homo_sapiens;AATCAAACTA;10;8672;266;TAGTTATTAT;10;8947;12376;ATAATAGCTA;10;21332;5;AATAAAACTA;10;21346;D.I_ID;0
Homo_sapiens;AATAATACTA;10;10573;12;TATAGCTACT;10;10594;10731;AATAGCTATA;10;21334;3;AATAAAACTA;10;21346;DI_I.D;0
Homo_sapiens;AATAATACTA;10;10573;12;TATAGCTACT;10;10594;10731;AATAGCTATA;10;21334;3;AATAAAACTA;10;21346;D.I_ID;0
Homo_sapiens;ATAAACCTAG;10;8823;115;TAGTTATTAT;10;8947;12376;ATAATAGCTA;10;21332;6;ATAAAACTAG;10;21347;D.I_ID;0
Homo_sapiens;CCCCCTTCCA;10;13762;122;TTTTATTTCT;10;13893;7441;AGCAATAAAA;10;21343;11;CCCCCTTTCA;10;21363;D.I_ID;0
Homo_sapiens;TCTCACTTCT;10;10509;41;CTATGCCTAG;10;10559;10785;CTAGGAATAG;10;21353;6;TTTCACTTCT;10;21368;D.I_ID;0
Homo_sapiens;CCATCTCACT;10;10506;143;CTAGTCTTTG;10;10658;10770;CAAAAACTAG;10;21437;4;CCATCTCAAT;10;21450;D.I_ID;0
Homo_sapiens;CTATCATATA;10;9226;240;AGTTTTTTTC;10;9475;11951;GACAAAAACT;10;21435;12;CAATCATATA;10;21456;D.I_ID;0
Homo_sapiens;CCCTCAGTAA;10;5549;6;AATACTTAAT;10;5564;15633;ATCAAGTATT;10;21206;261;CCCTCACTAA;10;21476;DI_I.D;0
Homo_sapiens;GCCTCCTCCT;10;12979;4;AGCAGCAGGC;10;12992;8416;GCCTGCTTCT;10;21417;66;GCCTTCTCCT;10;21492;DI_I.D;0
Homo_sapiens;TAATCCAAAC;10;13150;89;TCCACTTCAA;10;13248;8278;TTGAGGTGGA;10;21535;2;TAAACCAAAC;10;21546;D.I_ID;0
Homo_sapiens;AAACCATACC;10;13426;343;AATCCCCCTC;10;13778;7750;GAGGTGGATT;10;21537;1;AAACCAAACC;10;21547;D.I_ID;0
Homo_sapiens;ACAAAACCCA;10;5426;276;TCAACTGGCT;10;5711;15809;AGGCAGTTGA;10;21529;11;ACCAAACCCA;10;21549;D.I_ID;0
Homo_sapiens;CAGCTAAGCA;10;5695;7;TCAACTGGCT;10;5711;15809;AGGCAGTTGA;10;21529;19;CAGCTACGCA;10;21557;DI_I.D;0
Homo_sapiens;CTACTCAAAA;10;13419;350;AATCCCCCTC;10;13778;7750;GAGGTGGATT;10;21537;14;CTACGCAAAA;10;21560;D.I_ID;0
Homo_sapiens;AGGAATAATA;10;10570;15;TATAGCTACT;10;10594;10731;AATAGCTATA;10;21334;258;ATGAATAATA;10;21601;DI_I.D;0
Homo_sapiens;TAACAGCAGT;10;7287;3;TATTAATAAT;10;7299;14011;ATCATTAATA;10;21319;278;TAATAGCAGT;10;21606;DI_I.D;0
Homo_sapiens;TTCTACCCTA;10;13917;191;ACTCATCCTA;10;14117;7471;TAGGATGAAT;10;21597;9;TTCTACCGTA;10;21615;D.I_ID;0
Homo_sapiens;TACAACCGTA;10;12855;12;GGTTTCATCC;10;12876;8657;GGATTAAACC;10;21542;72;TACAACCCTA;10;21623;DI_I.D;0
Homo_sapiens;TACAACCGTA;10;12855;246;TTACTCATCC;10;13110;8480;GGATGAATAA;10;21599;15;TACAACCCTA;10;21623;D.I_ID;0
Homo_sapiens;ACAACTCAAC;10;10132;14;AATCCACCCC;10;10155;11373;GAGGTGGATT;10;21537;142;ACTACTCAAC;10;21688;DI_I.D;0
Homo_sapiens;CTTCAACTCC;10;7935;60;TCGAGTAGTA;10;8004;13674;TACTACTCAA;10;21687;1;CTTAAACTCC;10;21697;D.I_ID;0
Homo_sapiens;TACTACTAAC;10;6525;7;CAACCTCAAC;10;6541;14984;GTTGAGGTGG;10;21534;177;TACTACTATC;10;21720;DI_I.D;0
Homo_sapiens;TACTACTAAC;10;6525;90;CTGAAGTTTA;10;6624;15066;TAAACTCCAG;10;21699;12;TACTACTATC;10;21720;D.I_ID;0
Homo_sapiens;CTCCTATCTC;10;6488;127;CTGAAGTTTA;10;6624;15066;TAAACTCCAG;10;21699;14;CTACTATCTC;10;21722;D.I_ID;0
Homo_sapiens;CTCGCATCTG;10;6239;8;GGAGGCCGGA;10;6256;15148;TCCGGCCTGC;10;21413;307;CTCGCACCTG;10;21729;DI_I.D;0
Homo_sapiens;AAGCTAACTT;10;8301;12;TTTAAGTTAA;10;8322;13362;TCAACTTAAA;10;21693;41;AAGCTAACAT;10;21743;DI_I.D;0
Homo_sapiens;TCACGAAAAA;10;11026;84;TTCTTCGAAA;10;11119;10707;TATCGAAGAA;10;21835;2;TCACAAAAAA;10;21846;D.I_ID;0
Homo_sapiens;CAAACAACAA;10;15675;1;AGCATAATAT;10;15685;5966;ATATTATCCT;10;21660;180;CAAAAAACAA;10;21849;DI_I.D;0
Homo_sapiens;TAGCATCATC;10;10860;250;TTCTTCGAAA;10;11119;10707;TATCGAAGAA;10;21835;15;TAGCCTCATC;10;21859;D.I_ID;0
Homo_sapiens;TCACAGCCAC;10;11087;66;GATGAGGCAA;10;11162;10688;TAGCCTCATC;10;21859;11;TCATAGCCAC;10;21879;D.I_ID;0
Homo_sapiens;ATCATCACCC;10;11152;1;GATGAGGCAA;10;11162;10688;TAGCCTCATC;10;21859;19;ACCATCACCC;10;21887;DI_I.D;0
Homo_sapiens;CCTCTCCTTC;10;14282;5;ATTATTCAGC;10;14296;7295;GATGAATAAT;10;21600;295;CCTCTACTTC;10;21904;DI_I.D;0
Homo_sapiens;CCTATTCTAC;10;11205;5;TAGTAGGCTC;10;11219;10487;GACCCTACTA;10;21715;198;CCTAATCTAC;10;21922;DI_I.D;0
Homo_sapiens;TACTAAACCC;10;13684;117;CTGTCACTTT;10;13810;8157;AAAATGACAG;10;21976;9;TACAAAACCC;10;21994;D.I_ID;0
Homo_sapiens;ACAAAACACA;10;11518;274;TTCAAACTCT;10;11801;10172;ACAGTTTGAA;10;21982;4;ACAAAACCCA;10;21995;D.I_ID;0
Homo_sapiens;AACCCCACCC;10;13674;127;CTGTCACTTT;10;13810;8157;AAAATGACAG;10;21976;13;AAACCCACCC;10;21998;D.I_ID;0
Homo_sapiens;TCCTCCCTAC;10;10550;7;TAGAAGGAAT;10;10566;11107;ATTCCTACTA;10;21682;320;TCCTCCCCAC;10;22011;DI_I.D;0
Homo_sapiens;TCTAGAAATT;10;10255;260;TACTAGTATA;10;10524;11530;TATACTAATA;10;22063;5;TATAGAAATT;10;22077;D.I_ID;0
Homo_sapiens;CAATACTAAA;10;14577;19;GGCTTAGAAG;10;14605;7496;CTTCAAAGCC;10;22110;13;CAATACTTAA;10;22132;D.I_ID;0
Homo_sapiens;GACTACAAAA;10;10374;97;TTACATAAAT;10;10480;11652;ATTTCTGTAA;10;22141;9;GACTGCAAAA;10;22159;D.I_ID;0
Homo_sapiens;AAACCACACT;10;11126;12;TGGCTATCAT;10;11147;10722;ATCATAGCCA;10;21878;279;AAACCCCACT;10;22166;DI_I.D;0
Homo_sapiens;TAAACCCCCA;10;14583;13;GGCTTAGAAG;10;14605;7496;CTTCAAAGCC;10;22110;122;TAAACCCACA;10;22241;DI_I.D;0
Homo_sapiens;CTTAGTTACC;10;12725;13;TTCCAACTGT;10;12747;9226;ACAGTTTGAA;10;21982;264;CTTAGTTAAC;10;22255;DI_I.D;0
Homo_sapiens;CTTAGTTACC;10;12725;11;TATTCCAACT;10;12745;9373;AGTTGCAATA;10;22127;119;CTTAGTTAAC;10;22255;DI_I.D;0
Homo_sapiens;AGCACCCAAA;10;15984;13;ATTTAAACTA;10;16006;6072;TAGGTTAAAT;10;22087;174;AGCACCCTAA;10;22270;DI_I.D;0
Homo_sapiens;CTACTTCTCC;10;12584;207;CAGTTGATGA;10;12800;9468;TAATCAACTG;10;22277;9;CTACTTCTCC;10;22295;D.I_ID;0
Homo_sapiens;TACTTCCCCC;10;7949;61;GATTGAAGCC;10;8019;14258;GGCTTCAATC;10;22286;1;TACTTCTCCC;10;22296;D.I_ID;0
Homo_sapiens;AGGCCTACCC;10;8570;327;CTTCTTACCA;10;8906;13479;TGGTAAAAAG;10;22394;1;AGGCCTAACC;10;22404;D.I_ID;0
Homo_sapiens;GCTTCATTCA;10;7077;77;GTAAATCTAA;10;7163;15249;TTAGATTTAC;10;22421;9;GCTTCACTCA;10;22439;D.I_ID;0
Homo_sapiens;CACTAAGCCA;10;15701;80;ATCATTGGAC;10;15790;6633;GTCCAATGCT;10;22432;2;CACTCAGCCA;10;22443;D.I_ID;0
Homo_sapiens;CCCTTTTACC;10;15780;7;GGACAAGTAG;10;15796;6490;CTACTTCTCC;10;22295;146;CCATTTTACC;10;22450;DI_I.D;0
Homo_sapiens;CCCTTTTACC;10;15780;1;ATCATTGGAC;10;15790;6633;GTCCAATGCT;10;22432;9;CCATTTTACC;10;22450;DI_I.D;0
Homo_sapiens;CCCTTTTACC;10;15780;1;ATCATTGGAC;10;15790;6633;GTCCAATGCT;10;22432;9;CCATTTTACC;10;22450;D.I_ID;0
Homo_sapiens;CCTCACCCAC;10;16260;12;CAAACCTACC;10;16281;6046;GGCAGGTTTG;10;22336;113;CCTCACCCCC;10;22458;DI_I.D;0
Homo_sapiens;CGTTGACAAT;10;7995;15;GATTGAAGCC;10;8019;14258;GGCTTCAATC;10;22286;189;CGTTGACTAT;10;22484;DI_I.D;0
Homo_sapiens;ACTATTCTCT;10;16012;14;GAAGCAGATT;10;16035;6248;AATCTACTTC;10;22292;188;ACTATTCTCT;10;22489;DI_I.D;0
Homo_sapiens;ACTATTCTCT;10;16012;14;GAAGCAGATT;10;16035;6302;AAGCTGCTTC;10;22346;134;ACTATTCTCT;10;22489;DI_I.D;0
Homo_sapiens;TCCCTACAAA;10;11059;5;CTTAATTATA;10;11073;11122;TTTAATTAAG;10;22204;281;TCTCTACAAA;10;22494;DI_I.D;0
Homo_sapiens;GAGCCCTAGG;10;6921;10;TCTTTTCACC;10;6940;15446;GGTAAAAAGA;10;22395;147;GAGTCCTAGG;10;22551;DI_I.D;0
Homo_sapiens;AGGCACACCT;10;8918;106;CTCATGCACC;10;9033;13496;GGCGCATGAG;10;22538;11;AGGCACAGCT;10;22558;D.I_ID;0
Homo_sapiens;AGGCACACCT;10;8918;316;CCAGCCCATG;10;9243;13290;CATGAGCTGG;10;22542;7;AGGCACAGCT;10;22558;D.I_ID;0
Homo_sapiens;GCTCTGAGCC;10;6916;15;TCTTTTCACC;10;6940;15446;GGTAAAAAGA;10;22395;161;GCTCTAAGCC;10;22565;DI_I.D;0
Homo_sapiens;TCCAAGCCTC;10;12956;11;TAGGCCTCCT;10;12976;9416;AAGAGGCCTA;10;22401;157;TCTAAGCCTC;10;22567;DI_I.D;0
Homo_sapiens;TCCAAGCCTC;10;12956;50;TAGGTCTCCA;10;13015;9525;TGGAGTCCTA;10;22549;9;TCTAAGCCTC;10;22567;D.I_ID;0
Homo_sapiens;TCCAAGCCTC;10;12956;10;CTAGGCCTCC;10;12975;9566;GGAGTCCTAG;10;22550;8;TCTAAGCCTC;10;22567;DI_I.D;0
Homo_sapiens;TCCAAGCCTC;10;12956;10;CTAGGCCTCC;10;12975;9566;GGAGTCCTAG;10;22550;8;TCTAAGCCTC;10;22567;D.I_ID;0
Homo_sapiens;CCTTCTTATT;10;10239;311;CTATGCCTAG;10;10559;11988;CTAGGCACAG;10;22556;8;CCTCCTTATT;10;22573;D.I_ID;0
Homo_sapiens;CAGGCCACCT;10;9022;2;CTCATGCACC;10;9033;13496;GGCGCATGAG;10;22538;55;CAGGCAACCT;10;22602;DI_I.D;0
Homo_sapiens;ACTAATCTTC;10;7929;131;CATGAGCTGT;10;8069;14568;ACAGCCCATG;10;22646;8;AATAATCTTC;10;22663;D.I_ID;0
Homo_sapiens;CTTCTCCATA;10;12587;12;TGTAGCATTG;10;12608;9818;CAATGCTTCA;10;22435;225;CTTCTTCATA;10;22669;DI_I.D;0
Homo_sapiens;TTTATAGTAA;10;11365;192;ATTATAACAA;10;11566;11084;TTGTAATAAT;10;22659;5;TTCATAGTAA;10;22673;D.I_ID;0
Homo_sapiens;ACCTGACTAG;10;14001;9;TTACCTAAAA;10;14019;8583;TTCTAGGTAA;10;22611;89;AACTGACTAG;10;22709;DI_I.D;0
Homo_sapiens;CTTACCCCCC;10;11862;309;CAGAGGCTTA;10;12180;10581;TAAGCTTCTG;10;22770;4;CTTACCTCCC;10;22783;D.I_ID;0
Homo_sapiens;ATTCTACCCT;10;13916;221;AACCTATTCC;10;14146;8683;GGAACAGGTT;10;22838;5;AGTCTACCCT;10;22852;D.I_ID;0
Homo_sapiens;TTTACCCTCC;10;9722;4;AAGCCTCAGA;10;9735;12951;TCGGAGGCTT;10;22695;150;TCTACCCTCC;10;22854;DI_I.D;0
Homo_sapiens;TATCCTCCCT;10;10548;2;CTATGCCTAG;10;10559;11988;CTAGGCACAG;10;22556;291;TACCCTCCCT;10;22856;DI_I.D;0
Homo_sapiens;CTCCCTAAGC;10;12563;180;ACTGTTCATC;10;12752;10084;GTTGAACAGT;10;22845;6;CTCCCTTAGC;10;22860;D.I_ID;0
Homo_sapiens;CTCCTAGCAG;10;12984;21;TTAGGTCTCC;10;13014;9875;GTAGACCTAA;10;22898;15;CACCTAGCAG;10;22922;D.I_ID;0
Homo_sapiens;TCCCCTATCT;10;13945;15;GCCAAAACCT;10;13969;8721;AGGCTTTGGC;10;22699;229;TCCTCTATCT;10;22937;DI_I.D;0
Homo_sapiens;CTCTATTTTA;10;9716;10;AAGCCTCAGA;10;9735;12951;TCGGAGGCTT;10;22695;235;CTCTATCTTA;10;22939;DI_I.D;0
Homo_sapiens;TATTAAACCC;10;14511;313;TGATGAAACT;10;14833;8116;AATTTCATCA;10;22958;14;TATAAAACCC;10;22981;D.I_ID;0
Homo_sapiens;AGAAAACCCC;10;14613;211;TGATGAAACT;10;14833;8116;AATTTCATCA;10;22958;15;ATAAAACCCC;10;22982;D.I_ID;0
Homo_sapiens;AGCAATCCTA;10;12845;14;GCGATATCGG;10;12868;9863;CCGATATGGC;10;22740;295;AGCAGTCCTA;10;23044;DI_I.D;0
Homo_sapiens;TCCCCTATCT;10;13945;15;GCCAAAACCT;10;13969;8721;AGGCTTTGGC;10;22699;348;TCTCCTATCT;10;23056;DI_I.D;0
Homo_sapiens;TCCTAGCCGC;10;15725;62;GGACAAGTAG;10;15796;7246;CTACTTCTCC;10;23051;13;TCCTAGCTGC;10;23073;D.I_ID;0
Homo_sapiens;ATTCTTTACC;10;15276;43;CTCCACCTCC;10;15328;7804;GGAGGAGGAG;10;23141;6;ATTCTATACC;10;23156;D.I_ID;0
Homo_sapiens;CTATTCCAAC;10;12744;264;GGTCTCCACC;10;13017;10118;GGAGGAGACC;10;23144;6;CTATACCAAC;10;23159;D.I_ID;0
Homo_sapiens;ATGCCAACAC;10;12823;185;GGTCTCCACC;10;13017;10118;GGAGGAGACC;10;23144;8;ATACCAACAC;10;23161;D.I_ID;0
Homo_sapiens;ATGACATCAA;10;13222;67;ACCACACCTA;10;13298;9976;TAGGTATGGT;10;23283;8;ATGATATCAA;10;23300;D.I_ID;0
Homo_sapiens;ACATATTTAC;10;11984;219;GCTCACAAGA;10;12212;11107;TCGTGTGAGC;10;23328;6;ATATATTTAC;10;23343;D.I_ID;0
Homo_sapiens;AGGATTAGAC;10;10384;10;TTGGTATATA;10;10403;12746;TCTATACCAA;10;23158;189;AGGAATAGAC;10;23356;DI_I.D;0
Homo_sapiens;GCAGTACTCT;10;11455;148;TCATTGCATA;10;11612;11843;TATGAAATGA;10;23464;7;GCAGTGCTCT;10;23480;D.I_ID;0
Homo_sapiens;AGCCCTAGCA;10;15315;4;CTCCACCTCC;10;15328;7804;GGAGGAGGAG;10;23141;341;AGCCCTAGGA;10;23491;DI_I.D;0
Homo_sapiens;AGCAATCTCA;10;14160;66;ATACAAAGCC;10;14235;9290;GGCATTGTAT;10;23534;2;AGCAAACTCA;10;23545;D.I_ID;0
Homo_sapiens;CTCATTACTA;10;13734;280;CTAAAACAAT;10;14023;9505;ATTGTATTAG;10;23537;5;CTCATCACTA;10;23551;D.I_ID;0
Homo_sapiens;TCAGTAGACA;10;15250;9;CTCACACGAT;10;15268;8050;ATCGTGTGAG;10;23327;219;TCACTAGACA;10;23555;DI_I.D;0
Homo_sapiens;CATCGCACTA;10;11241;14;ACACCCTAGG;10;11264;12044;CCTAGGGTTT;10;23317;237;CATCGTACTA;10;23563;DI_I.D;0
Homo_sapiens;TTCCCCCATT;10;7952;12;CAGGCGACCT;10;7973;15539;AGGTGGCCTG;10;23521;131;TTCCCCTATT;10;23661;DI_I.D;0
Homo_sapiens;CTCAGGATAC;10;14433;153;AATAGGAGAA;10;14595;9057;TTCCCCTATT;10;23661;1;CTCAGGCTAC;10;23671;D.I_ID;0
Homo_sapiens;GCATACATCA;10;14662;13;GGACTACAAC;10;14684;8895;GTTGTAGCCC;10;23588;210;GCATACACCA;10;23807;DI_I.D;0
Homo_sapiens;CTAGCAGCAG;10;12987;3;GGCAAATCAG;10;12999;10648;CTGATTTCCC;10;23656;190;CTAACAGCAG;10;23855;DI_I.D;0
Homo_sapiens;CCCACCATAA;10;8392;331;TCTTATACTA;10;8732;15181;TAGTAGAAGA;10;23922;2;CCCTCCATAA;10;23933;D.I_ID;0
Homo_sapiens;CACTCCATAA;10;9317;164;AGGATTTTTC;10;9490;14411;GAAAAGTCCT;10;23910;14;CCCTCCATAA;10;23933;D.I_ID;0
Homo_sapiens;CCCCCATAAA;10;14587;4;GAGAAGGCTT;10;14600;9283;AAGCCTTCGC;10;23892;33;CCTCCATAAA;10;23934;DI_I.D;0
Homo_sapiens;CCCCCATAAA;10;14587;290;AGGACTATTC;10;14886;9015;GAAAAGTCCT;10;23910;15;CCTCCATAAA;10;23934;D.I_ID;0
Homo_sapiens;ATGCCCCTCA;10;10469;6;ATAAATATTA;10;10484;13372;TAATATTAAT;10;23865;88;ATGCCCCCCA;10;23962;DI_I.D;0
Homo_sapiens;AGCCTACCCC;10;11529;4;CTTGTACTAT;10;11542;12370;ATAGTAGAAG;10;23921;123;AGCCAACCCC;10;24053;DI_I.D;0
Homo_sapiens;CATCACTTTG;10;9896;328;CTATTACCTT;10;10233;13844;AAGGTATTAG;10;24086;12;CATAACTTTG;10;24107;D.I_ID;0
Homo_sapiens;TCCTAGCCCT;10;10347;25;AAAAGGATTA;10;10381;13849;TAATCATTTT;10;24239;12;TCCTAGTCCT;10;24260;D.I_ID;0
Homo_sapiens;CCTCTTCCTA;10;15024;337;CTAGGAATCA;10;15370;8877;TGCTTCCTAG;10;24256;11;CCTTTTCCTA;10;24276;D.I_ID;0
Homo_sapiens;CTAACAATCA;10;14569;14;ATAAATAGGA;10;14592;9539;TCCTATATAT;10;24140;134;CTAACACTCA;10;24283;DI_I.D;0
Homo_sapiens;CCCACAACAA;10;12483;3;TTCATGTGCC;10;12495;11652;GGCACATGCA;10;24156;124;CTCACAACAA;10;24289;DI_I.D;0
Homo_sapiens;AAAAAAACTA;10;14503;85;TAGGAGAAGG;10;14597;9670;CCTTTTCCTA;10;24276;9;AACAAAACTA;10;24294;D.I_ID;0
Homo_sapiens;CCTACCCGCC;10;8573;14;TTCTATTTCC;10;8596;15725;GGAAATAGAA;10;24330;15;CCTGCCCGCC;10;24354;DI_I.D;0
Homo_sapiens;CCTACCCGCC;10;8573;14;TTCTATTTCC;10;8596;15725;GGAAATAGAA;10;24330;15;CCTGCCCGCC;10;24354;D.I_ID;0
Homo_sapiens;ACTGAACCGA;10;10392;8;TATAGTTTAA;10;10409;13705;TTAAATTATA;10;24123;335;ACTGAACCTA;10;24467;DI_I.D;0
Homo_sapiens;AAACCCCCAT;10;14584;4;TAGGAGAAGG;10;14597;9670;CCTTTTCCTA;10;24276;308;AAGCCCCCAT;10;24593;DI_I.D;0
Homo_sapiens;TGGTATAATA;10;11481;134;CTTCAATCAG;10;11624;12953;CCGATTGAAG;10;24586;8;TCGTATAATA;10;24603;D.I_ID;0
Homo_sapiens;TGCCCCCACA;10;8555;14;CCGCCGCAGT;10;8578;15901;ACTACGGCGG;10;24488;148;TGTCCCCACA;10;24645;DI_I.D;0
Homo_sapiens;CATGCCTATC;10;9221;14;CAGCCCATGA;10;9244;15384;TCATGAGCTG;10;24637;125;CATGCCCATC;10;24771;DI_I.D;0
Homo_sapiens;TAAAATTCTT;10;10215;289;ACTTCTAGGA;10;10513;14260;TCCTAGAATT;10;24782;9;TAAAAATCTT;10;24800;D.I_ID;0
Homo_sapiens;CATATTTACC;10;11985;310;CAAAAATTTT;10;12304;12489;AAAATCTTTG;10;24802;11;CGTATTTACC;10;24822;D.I_ID;0
Homo_sapiens;CCCTGTAGCA;10;12605;129;CCTATTCCAA;10;12743;12057;TTGAAATAGG;10;24809;12;CCCTATAGCA;10;24830;D.I_ID;0
Homo_sapiens;CTATAGCAAC;10;15113;100;CCTAGTTCAA;10;15222;9578;TTGAAATAGG;10;24809;14;CTATAGCACC;10;24832;D.I_ID;0
Homo_sapiens;AAGACAACCA;10;14473;15;TAAATTAAAA;10;14497;10384;TTTTAAGTTA;10;24890;7;AAGAGAACCA;10;24906;DI_I.D;0
Homo_sapiens;AAGACAACCA;10;14473;15;TAAATTAAAA;10;14497;10384;TTTTAAGTTA;10;24890;7;AAGAGAACCA;10;24906;D.I_ID;0
Homo_sapiens;AACCACCACC;10;14331;157;TAAATTAAAA;10;14497;10384;TTTTAAGTTA;10;24890;12;AACCAACACC;10;24911;D.I_ID;0
Homo_sapiens;CCCTACTCCT;10;14128;13;TATTCCCCCG;10;14150;10560;CGGGGGTATA;10;24719;249;CCATACTCCT;10;24977;DI_I.D;0
Homo_sapiens;CACCCAAGTA;10;16052;56;GAATATTGTA;10;16117;8861;TACACTATTC;10;24987;6;CACCCAACTA;10;25002;D.I_ID;0
Homo_sapiens;CCACCCTCAC;10;15263;6;TCTTTACCTT;10;15278;9607;AAGTTAAAGA;10;24894;136;CCTCCCTCAC;10;25039;DI_I.D;0
Homo_sapiens;AAATATTATA;10;10486;3;AGCATTTACC;10;10498;14226;GGTCAATGCT;10;24733;324;AAAAATTATA;10;25066;DI_I.D;0
Homo_sapiens;TCATTCCCCC;10;14483;5;TAAATTAAAA;10;14497;10384;TTTTAAGTTA;10;24890;221;TCATTGCCCC;10;25120;DI_I.D;0
Homo_sapiens;CTAATTACCA;10;12708;85;GTTGATGATA;10;12802;12391;TCTCATCAAC;10;25202;7;CTAATCACCA;10;25218;D.I_ID;0
Homo_sapiens;CACAACCCAA;10;12542;251;GTTGATGATA;10;12802;12391;TCTCATCAAC;10;25202;12;CACCACCCAA;10;25223;D.I_ID;0
Homo_sapiens;TTACCACAAC;10;14324;101;TCAGGATACT;10;14434;10867;AGTATCCTTA;10;25310;11;TTGCCACAAC;10;25330;D.I_ID;0
Homo_sapiens;CCTCCCTCAC;10;13447;9;GCCTAGCATT;10;13465;11659;AATCCTAGGC;10;25133;213;CCTGCCTCAC;10;25355;DI_I.D;0
Homo_sapiens;ACCGAAACCA;10;9669;323;ATAAATAGTA;10;10001;15503;TACTAGTTAT;10;25513;2;ATCGAAACCA;10;25524;D.I_ID;0
Homo_sapiens;TGGCTATCAT;10;11147;280;TGGGTCAATA;10;11436;14328;TAATGACCCA;10;25773;10;TGCCTATCAT;10;25792;D.I_ID;0
Homo_sapiens;AGCCCATGTC;10;11412;15;TGGGTCAATA;10;11436;14328;TAATGACCCA;10;25773;32;AGCCCATGAC;10;25814;DI_I.D;0
Homo_sapiens;TAATCAACAC;10;10080;7;AGCCTTACTA;10;10096;15639;TAGTAAGCCT;10;25744;164;TAACCAACAC;10;25917;DI_I.D;0
Homo_sapiens;CTAAACCCCC;10;14582;1;ATAAATAGGA;10;14592;11424;TCCTATTTAT;10;26025;110;CTAAATCCCC;10;26144;DI_I.D;0
Homo_sapiens;ATCAATCGCC;10;14937;106;TATTACGGAT;10;15052;11115;ATCCGTATTA;10;26176;15;ATCAATCACC;10;26200;D.I_ID;0
Homo_sapiens;TTTTACCATC;10;15783;2;TTGGACAAGT;10;15794;10190;ACCTGTCCAA;10;25993;288;TTTTACCCTC;10;26290;DI_I.D;0
Homo_sapiens;TTATTGACTC;10;15717;12;CCTCCTCATT;10;15738;10359;AATTAGGAGG;10;26106;285;TTATTGGCTC;10;26400;DI_I.D;0
Homo_sapiens;CCCACTAATA;10;11814;338;CAGATTGTGA;10;12161;14248;TCACTATCTG;10;26418;10;CCAACTAATA;10;26437;D.I_ID;0
Homo_sapiens;ACCCAAACAT;10;12667;46;AATCTTAGTT;10;12722;13708;AACTAATATT;10;26439;10;ATCCAAACAT;10;26458;D.I_ID;0
Homo_sapiens;CTCCATATAT;10;15664;286;AGAAAAAGTC;10;15959;10552;GACTATTTCT;10;26520;7;CTCCATCTAT;10;26536;D.I_ID;0
Homo_sapiens;ATAAATATTA;10;10484;117;ACCCTCAACA;10;10610;15927;TGATGAGGGT;10;26546;15;ATAAATAGTA;10;26570;D.I_ID;0
Homo_sapiens;ATAAATAGGA;10;14592;4;GGCTTAGAAG;10;14605;11862;CTTCGAAGCC;10;26476;85;ATAAATAGTA;10;26570;DI_I.D;0
Homo_sapiens;TACCGCTAAC;10;12731;159;ATTTATCCTA;10;12899;13658;TAGTATAAAT;10;26566;3;TACCGTTAAC;10;26578;D.I_ID;0
Homo_sapiens;CCTCGCCTTA;10;12884;6;ATTTATCCTA;10;12899;13658;TAGTATAAAT;10;26566;57;CTTCGCCTTA;10;26632;DI_I.D;0
Homo_sapiens;TCAACCCCCT;10;11507;3;CAAAACACAT;10;11519;14983;ATGTGGTTTG;10;26511;132;TCAACACCCT;10;26652;DI_I.D;0
Homo_sapiens;CACCCTACTA;10;13679;179;TTAAAATAAA;10;13867;12763;TTAATTTTAA;10;26639;8;CACCCTCCTA;10;26656;D.I_ID;0
Homo_sapiens;CCTCCTAGAC;10;13988;318;TATTAAAGTT;10;14315;12317;AATTTTAATA;10;26641;9;CCTCCTAGCC;10;26659;D.I_ID;0
Homo_sapiens;CTAATTATTA;10;10852;13;TACTATTTTT;10;10874;15687;ATAAATAGTA;10;26570;96;CTAATAATTA;10;26675;DI_I.D;0
Homo_sapiens;CAACCCCTTA;10;15522;11;CCCACATCAA;10;15542;10994;TTGATGAGGG;10;26545;173;CCACCCCTTA;10;26727;DI_I.D;0
Homo_sapiens;CCTTTTTCCA;10;15937;13;AGAAAAAGTC;10;15959;10552;GACTATTTCT;10;26520;245;CCTTTCTCCA;10;26774;DI_I.D;0
Homo_sapiens;CAACAAACCT;10;16278;9;TTAACAGTAC;10;16296;10272;GTACCGTTAA;10;26577;282;CAACTAACCT;10;26868;DI_I.D;0
Homo_sapiens;AGCATCATCC;10;10861;4;TACTATTTTT;10;10874;15687;ATAAATAGTA;10;26570;330;ATCATCATCC;10;26909;DI_I.D;0
Homo_sapiens;CGAATGATAT;10;15555;332;GTATAAACTA;10;15896;11075;TAGTTTAAAC;10;26980;5;CGAATGATTT;10;26994;D.I_ID;0
Homo_sapiens;CTAATTTACA;10;11248;83;AATATGACTA;10;11340;15673;TAATCATATT;10;27022;13;CTCATTTACA;10;27044;D.I_ID;0
Homo_sapiens;CTCAATTACA;10;14166;4;TATACACCAA;10;14179;12784;TTGGTATATA;10;26972;63;CTCATTTACA;10;27044;DI_I.D;0
Homo_sapiens;CCTCCTATCC;10;12093;9;CGACATCATT;10;12111;14876;AATGATTTCG;10;26996;107;CCTCATATCC;10;27112;DI_I.D;0
Homo_sapiens;ATAACCTCCC;10;14523;12;AATAATAACA;10;14544;12258;TCTTATTATT;10;26811;296;ATATCCTCCC;10;27116;DI_I.D;0
Homo_sapiens;ATGTCCTCCC;10;15137;9;AAATATCATT;10;15155;11859;AATCATATTT;10;27023;84;ATATCCTCCC;10;27116;DI_I.D;0
Homo_sapiens;TCCTAACCCT;10;14122;8;ATCACATAAC;10;14139;12740;GTTATGTCAT;10;26888;277;TCATAACCCT;10;27174;DI_I.D;0
Homo_sapiens;TACTAATCTC;10;11051;209;CTAGGCTCAC;10;11269;15976;GTGGGCCTAG;10;27254;4;TACTAGTCTC;10;27267;D.I_ID;0
Homo_sapiens;ACTATTCTCA;10;15474;6;CCTCCTAGGC;10;15489;11634;GCCTAGAAGG;10;27132;127;ACTAGTCTCA;10;27268;DI_I.D;0
Homo_sapiens;TCCTACACAT;10;15029;2;GGGCGAGGCC;10;15040;12208;GGCCTAGCCC;10;27257;15;TCCAACACAT;10;27281;DI_I.D;0
Homo_sapiens;TCCTACACAT;10;15029;2;GGGCGAGGCC;10;15040;12208;GGCCTAGCCC;10;27257;15;TCCAACACAT;10;27281;D.I_ID;0
Homo_sapiens;ACCTAAAACT;10;13789;154;TCTAGGCCTT;10;13952;13330;ATGGCCTAGA;10;27291;12;ACCTAAACCT;10;27312;D.I_ID;0
Homo_sapiens;TACTCAAATG;10;15872;15;GTATAAACTA;10;15896;11075;TAGTTTAAAC;10;26980;332;TACTCCAATG;10;27321;DI_I.D;0
Homo_sapiens;CCAAAGCTAA;10;15989;9;TTTAAACTAT;10;16007;10963;ATAGTTTAAA;10;26979;337;CCAATGCTAA;10;27325;DI_I.D;0
Homo_sapiens;CCCAAAAATT;10;12302;297;TGTAGCATTG;10;12608;14709;CAATGCTAAA;10;27326;10;CCCAACAATT;10;27345;D.I_ID;0
Homo_sapiens;TATTACTATC;10;15626;12;TAGCAATAAT;10;15647;11505;ATTATAGCTA;10;27161;186;TATTACTACC;10;27356;DI_I.D;0
Homo_sapiens;CACCCAAAGC;10;15986;4;GATTCTAATT;10;15999;11385;AATTTGAATC;10;27393;9;CACCCACAGC;10;27411;DI_I.D;0
Homo_sapiens;CACCCAAAGC;10;15986;4;GATTCTAATT;10;15999;11385;AATTTGAATC;10;27393;9;CACCCACAGC;10;27411;D.I_ID;0
Homo_sapiens;CCGAATCAAC;10;14265;320;AAATAGGAGA;10;14594;12838;TCTACTATTT;10;27441;6;CCAAATCAAC;10;27456;D.I_ID;0
Homo_sapiens;CCGCACAATC;10;13937;6;TCTAGGCCTT;10;13952;13330;ATGGCCTAGA;10;27291;249;CCTCACAATC;10;27549;DI_I.D;0
Homo_sapiens;TCAATACTAA;10;14576;9;AAATAGGAGA;10;14594;12838;TCTACTATTT;10;27441;166;TCTATACTAA;10;27616;DI_I.D;0
Homo_sapiens;TCTCCATAAT;10;12589;10;TGTAGCATTG;10;12608;14709;CAATGCTAAA;10;27326;303;TCTCCTTAAT;10;27638;DI_I.D;0
Homo_sapiens;ATAATATTCA;10;12594;5;TGTAGCATTG;10;12608;14709;CAATGCTAAA;10;27326;314;ATAACATTCA;10;27649;DI_I.D;0
Homo_sapiens;GAAGGCCCCA;10;13047;210;GGACTCATAA;10;13266;14692;TTATGACTCC;10;27967;15;GAAGCCCCCA;10;27991;D.I_ID;0
Homo_sapiens;AAACCCCCAT;10;14584;4;TAGGAGAAGG;10;14597;13192;CCTTCCCCTA;10;27798;185;AAGCCCCCAT;10;27992;DI_I.D;0
Homo_sapiens;CTAGCCGCAG;10;15727;324;TATTGACTCA;10;16060;11936;TGGGTCAATA;10;28005;4;CTTGCCGCAG;10;28018;D.I_ID;0
Homo_sapiens;TACTCTTCAA;10;11620;243;ACTATTAACC;10;11872;16126;GGTCAATAGT;10;28007;12;TACTCTTAAA;10;28028;D.I_ID;0
Homo_sapiens;CTCATTCTAA;10;15742;59;CGTACTATAC;10;15810;12233;GTATAATACG;10;28052;8;CTCATTCTCA;10;28069;D.I_ID;0
Homo_sapiens;CTAAACCCCC;10;14582;6;TAGGAGAAGG;10;14597;13192;CCTTCCCCTA;10;27798;268;CTCAACCCCC;10;28075;DI_I.D;0
Homo_sapiens;AACCCCTGAC;10;14415;6;TGCCTCAGGA;10;14430;13453;TCCTGAGCCA;10;27892;178;ACCCCCTGAC;10;28079;DI_I.D;0
Homo_sapiens;ACTATTCCTA;10;14889;233;TAGGCTATGT;10;15131;12954;ACATAGCCTA;10;28094;13;ACTATCCCTA;10;28116;D.I_ID;0
Homo_sapiens;AACAAACCTA;10;16279;8;TTAACAGTAC;10;16296;11722;GTACTCTTAA;10;28027;128;AACAGACCTA;10;28164;DI_I.D;0
Homo_sapiens;AACAAACTAG;10;15601;303;AGTCTTGTAA;10;15913;12589;TTACAGGACT;10;28511;2;AACATACTAG;10;28522;D.I_ID;0
Homo_sapiens;CAACCACCAC;10;14330;82;TGACCCCCAT;10;14421;14142;ATGGGGCTCA;10;28572;3;CACCCACCAC;10;28584;D.I_ID;0
Homo_sapiens;ACCAACCACA;10;13294;251;TGAGCCCTAT;10;13554;15009;ATGGGGCTCA;10;28572;4;ACCCACCACA;10;28585;D.I_ID;0
Homo_sapiens;ACCTTAACAA;10;13381;164;TGAGCCCTAT;10;13554;15009;ATGGGGCTCA;10;28572;11;ACATTAACAA;10;28592;D.I_ID;0
Homo_sapiens;CCCCAGTCTC;10;13057;324;ATGAACAAGA;10;13390;15235;TCATGTTCAT;10;28634;10;CCCCATTCTC;10;28653;D.I_ID;0
Homo_sapiens;CCTCAACCCC;10;14411;1;TGACCCCCAT;10;14421;14142;ATGGGGCTCA;10;28572;90;CCTCAACCCC;10;28671;DI_I.D;0
Homo_sapiens;CCTCAACCCC;10;14411;176;ATAGGAGAAG;10;14596;14055;CTCCTCCTAT;10;28660;2;CCTCAACCCC;10;28671;D.I_ID;0
Homo_sapiens;CATCATTCCC;10;14481;106;ATAGGAGAAG;10;14596;14055;CTCCTCCTAT;10;28660;14;CATCATTACC;10;28683;D.I_ID;0
Homo_sapiens;CTAACAACCT;10;12736;149;GCATGATTTA;10;12894;15893;TAACTCATGC;10;28796;9;CTAACAACAT;10;28814;D.I_ID;0
Homo_sapiens;CCCCATAAAT;10;14588;142;AACACCAATG;10;14739;14109;CATTGGTCTT;10;28857;4;CCCCAAAAAT;10;28870;D.I_ID;0
Homo_sapiens;CCCCATAAAT;10;14588;98;ACGACCAATG;10;14695;14153;CATTGGTCTT;10;28857;4;CCCCAAAAAT;10;28870;D.I_ID;0
Homo_sapiens;CCCAAACATT;10;12668;2;ATCAGTTCTT;10;12679;16099;AAGAACTGCT;10;28787;75;CCCAAAAATT;10;28871;DI_I.D;0
Homo_sapiens;AAACCCCCAT;10;14584;3;ATAGGAGAAG;10;14596;14055;CTCCTCCTAT;10;28660;328;ATACCCCCAT;10;28997;DI_I.D;0
Homo_sapiens;CATCATCGAA;10;13517;329;TAACCAACAA;10;13855;15320;TTGTTCGTTA;10;29184;8;CATCATAGAA;10;29201;D.I_ID;0
Homo_sapiens;ATATAACCTC;10;14521;1;CCCCAAAATT;10;14531;14337;AATTTTGGTG;10;28877;338;ATATAAACTC;10;29224;DI_I.D;0
Homo_sapiens;ACCGCAAACA;10;13527;120;ACTAACATTA;10;13656;15625;TAATCTTAGT;10;29290;2;ACCGCTAACA;10;29301;D.I_ID;0
Homo_sapiens;CCCTAGCAGA;10;13129;252;ATGAACAAGA;10;13390;15960;TCTTGCTCAT;10;29359;15;CCCGAGCAGA;10;29383;D.I_ID;0
Homo_sapiens;TCAACCTCGC;10;13634;13;ACTAACATTA;10;13656;15625;TAATCTTAGT;10;29290;150;TCATCCTCGC;10;29449;DI_I.D;0
Homo_sapiens;CCCACATCAA;10;15542;10;ATATTTCCTA;10;15561;13774;TAGGAATTAT;10;29344;142;CCCACAACAA;10;29495;DI_I.D;0
Homo_sapiens;CCCCACCCCA;10;14808;15;ATGATGAAAC;10;14832;14605;GTTTCATCCT;10;29446;76;CCTCACCCCA;10;29531;DI_I.D;0
Homo_sapiens;TCTCCACCTC;10;14047;2;ATCATCACCT;10;14058;15303;AGTTGATGAT;10;29370;209;TCTCCACCCC;10;29588;DI_I.D;0
Homo_sapiens;CCCCACCCCA;10;14808;15;ATGATGAAAC;10;14832;14605;GTTTCATCCT;10;29446;166;CCCCACCCCA;10;29621;DI_I.D;0
Homo_sapiens;CTAATCCTAA;10;15832;172;CTATTCTCTG;10;16013;13682;CAGAAAATAG;10;29704;5;CTAATCCAAA;10;29718;D.I_ID;0
Homo_sapiens;ATTAAAAAAA;10;14500;6;AAACCCATAT;10;14515;14916;ATATCGGTTT;10;29440;347;ATCAAAAAAA;10;29796;DI_I.D;0
Homo_sapiens;ATCGGCATTA;10;15088;122;AGACCTAGTT;10;15219;14602;AACTAGGACT;10;29830;14;ATCGGCATCA;10;29853;D.I_ID;0
Homo_sapiens;CCACCCTCAC;10;15263;1;ACGATTCTTT;10;15273;14518;AAAAAATCGT;10;29800;207;CCTCCCTCAC;10;30016;DI_I.D;0
Homo_sapiens;CGCTACCTTC;10;14983;3;GCCAATGGCG;10;14995;15019;CACCATTGGC;10;30023;114;CGCTACCTCC;10;30146;DI_I.D;0
Homo_sapiens;TATTCTCACC;10;15476;1;AGACCTCCTA;10;15486;14485;TAGGAGGACT;10;29980;196;TCTTCTCACC;10;30185;DI_I.D;0
Homo_sapiens;TGACATTAAC;10;15464;13;AGACCTCCTA;10;15486;14485;TAGGAGGACT;10;29980;238;TAACATTAAC;10;30227;DI_I.D;0
Homo_sapiens;AAACCTACCC;10;16282;234;GCCTAAATAG;10;16525;13984;CTATCTAGGC;10;30518;15;AAACCTGCCC;10;30542;D.I_ID;0
Homo_sapiens;CTAATCCTAA;10;15832;192;GGGAAGCAGA;10;16033;14634;TCTTCTTCCC;10;30676;2;CTCATCCTAA;10;30687;D.I_ID;0
Homo_sapiens;CATATAACCT;10;14520;68;TAGGAGAAGG;10;14597;16092;CCTACTCCTA;10;30698;3;CACATAACCT;10;30710;D.I_ID;0
Homo_sapiens;TAAACTATTC;10;16009;15;GGGAAGCAGA;10;16033;14634;TCTTCTTCCC;10;30676;29;TAACCTATTC;10;30714;DI_I.D;0
Homo_sapiens;ATTCCCCCTA;10;14485;103;TAGGAGAAGG;10;14597;16092;CCTACTCCTA;10;30698;13;ATTCCCCCGA;10;30720;D.I_ID;0
Homo_sapiens;TAAACTATTC;10;16009;15;GGGAAGCAGA;10;16033;14634;TCTTCTTCCC;10;30676;177;TAAATTATTC;10;30862;DI_I.D;0
Homo_sapiens;CTTCCTACAC;10;15027;9;AGGCCTATAT;10;15045;15466;ATCTAGGCCT;10;30520;345;CTTCCTACAC;10;30874;DI_I.D;0
Homo_sapiens;CCCACATCAC;10;14945;11;AATTATGGCT;10;14965;15673;AGGCATAATT;10;30647;270;CCCACAGCAC;10;30926;DI_I.D;0
Homo_sapiens;TGACCCCCCT;10;16371;3;GATAGGGGTC;10;16383;14455;GACCCCTCTC;10;30847;134;TGACCCCCAT;10;30990;DI_I.D;0
Homo_sapiens;CCATATATCC;10;15666;326;TTCTAATTTA;10;16001;15056;TAAATTAAAA;10;31066;13;CCATATAACC;10;31088;D.I_ID;0
Homo_sapiens;ACACAATTCT;10;15578;293;TGGGCCTGTC;10;15880;15936;GACAGTCCCA;10;31825;6;ACACGATTCT;10;31840;D.I_ID;0
Homo_sapiens;CAGACCTCCT;10;15734;12;GAATCGGAGG;10;15755;16138;CCTCCTATTC;10;31902;143;CAGACCTCCT;10;32054;DI_I.D;0
Homo_sapiens;CAGACCTCCT;10;15734;12;GAATCGGAGG;10;15755;16185;CCTCCCATTC;10;31949;96;CAGACCTCCT;10;32054;DI_I.D;0
