Spece;DirectRepeat1.Motiv;DirectRepeat1.Length;DirectRepeat1.Location;LengthOfInterval1;InvertedRepeat1.Motiv;InvertedRepeat1.Length;InvertedRepeat1.Location;LengthOfInterval2;InvertedRepeat2.Motiv;InvertedRepeat2.Length;InvertedRepeat2.Location;LengthOfInterval3;DirectRepeat2.Motiv;DirectRepeat2.Length;DirectRepeat2.Location;DIIDtype;G4
Homo_sapiens;CCTAAACCTC;10;1098;1;AACAGTTAAATCAA;14;1108;3955;TTAATTTAACTATT;14;5076;240;CCTTAACCTC;10;5329;DI_I.D;0
Homo_sapiens;CGGAGTAATC;10;3077;4;GTCGGTTTCTATCT;14;3090;4660;AAATAGAAACCGTC;14;7763;150;CGGACTAATC;10;7926;DI_I.D;0
Homo_sapiens;TAACATCTCA;10;7743;282;TCGTATAATAATTA;14;8034;2438;TAAATATTATACTA;14;10485;6;TACCATCTCA;10;10504;D.I_ID;0
Homo_sapiens;TACTATTTAT;10;13348;1;GTGCTCCGGGTCCA;14;13358;3296;TGGAGCCGGAGCAC;14;16667;40;TATTATTTAT;10;16720;DI_I.D;0
Homo_sapiens;CCATACTATT;10;13345;4;GTGCTCCGGGTCCA;14;13358;3296;TGGAGCCGGAGCAC;14;16667;356;CCATACTACT;10;17036;DI_I.D;0
Homo_sapiens;TACACCTAGC;10;6351;4;TGTCTCCTCTATCT;14;6364;11735;ATATAGAGGAGACA;14;18112;116;TAAACCTAGC;10;18241;DI_I.D;0
Homo_sapiens;TACACCAACA;10;14181;4;AATGTTCAACCAGT;14;14194;8634;ACAGGTTGAACAGT;14;22841;306;TATACCAACA;10;23160;DI_I.D;0
