Spece;DirectRepeat1.Motiv;DirectRepeat1.Length;DirectRepeat1.Location;LengthOfInterval1;InvertedRepeat1.Motiv;InvertedRepeat1.Length;InvertedRepeat1.Location;LengthOfInterval2;InvertedRepeat2.Motiv;InvertedRepeat2.Length;InvertedRepeat2.Location;LengthOfInterval3;DirectRepeat2.Motiv;DirectRepeat2.Length;DirectRepeat2.Location;DIIDtype;G4
Homo_sapiens;ACCCCAAAAA;10;351;218;TTATGTAGCTTACCT;15;578;3813;AGGTCAGCTAAATAA;15;4405;15;ACCCCGAAAA;10;4434;D.I_ID;0
Homo_sapiens;CCATAAAACT;10;3460;80;GCTCTTCTACTATGA;15;3549;3787;TAATAGTAGAAGAAC;15;7350;4;CCATAAACCT;10;7368;D.I_ID;0
Homo_sapiens;GGTTTGAAGC;10;5771;2;GCTTCTTCGAATTTG;15;5782;1615;CACATTCGAAGAACC;15;7411;52;GGTTTCAAGC;10;7477;DI_I.D;0
Homo_sapiens;TCACAACACC;10;11259;90;AATAGCTTTTATAGT;15;11358;2634;ACTAGAAAAGCTATT;15;14006;14;TCACAGCACC;10;14034;D.I_ID;0
Homo_sapiens;ACTTAAACCC;10;5669;17;CAGCTAAGCACCCTA;15;5695;12302;TAGAGTGCTTAGTTG;15;18011;67;ACTAAAACCC;10;18092;DI_I.D;0
Homo_sapiens;TCCCCCGCAT;10;13752;21;CCCCTCTACCTAAAA;15;13782;4748;TTATAGGTAGAGGCG;15;18544;337;TCCTCCGCAT;10;18895;DI_I.D;0
