Spece;DirectRepeat1.Motiv;DirectRepeat1.Length;DirectRepeat1.Location;LengthOfInterval1;InvertedRepeat1.Motiv;InvertedRepeat1.Length;InvertedRepeat1.Location;LengthOfInterval2;InvertedRepeat2.Motiv;InvertedRepeat2.Length;InvertedRepeat2.Location;LengthOfInterval3;DirectRepeat2.Motiv;DirectRepeat2.Length;DirectRepeat2.Location;DIIDtype;G4
Homo_sapiens;ATCCACCCTC;10;5203;6;CCTAGGAGGCCTG;13;5218;10255;CAGACCTCCTAGG;13;15485;136;ATCCATCCTC;10;15633;DI_I.D;0
Homo_sapiens;AAACCCACAA;10;5673;291;CATGAGCTGGAGT;13;5973;6925;ACTCCAACTCATG;13;12910;1;AGACCCACAA;10;12923;D.I_ID;0
Homo_sapiens;AGGCCTAACC;10;5835;8;TTAGATTTACAGT;13;5852;2431;ACTGTAAAGCTAA;13;8295;263;AGGCCTACCC;10;8570;DI_I.D;0
Homo_sapiens;AACACTATAC;10;5950;14;CATGAGCTGGAGT;13;5973;6925;ACTCCAACTCATG;13;12910;241;AACACTATGC;10;13163;DI_I.D;0
Homo_sapiens;AGACCCCATT;10;6580;14;TATTCTGATTTTT;13;6603;7920;AAAATTCAGAATA;13;14535;78;AAACCCCATT;10;14625;DI_I.D;0
Homo_sapiens;TTCATAACTT;10;7536;5;AAAGTTAAATTAT;13;7550;6520;ATAATTAAACTTT;13;14082;195;TTCATAAATT;10;14289;DI_I.D;0
Homo_sapiens;CCATTATTCC;10;7957;187;GGGTATACTACGG;13;8153;6294;CTGTAGTATATCC;13;14459;9;CCATCATTCC;10;14480;D.I_ID;0
Homo_sapiens;CCTCCCTCAC;10;8470;292;TAACCTCCTCGGA;13;8771;6453;TCTGAGGAGGCTA;13;15236;15;CCACCCTCAC;10;15263;D.I_ID;0
Homo_sapiens;TAGCAGAAAA;10;13132;207;TACTATTTATGTG;13;13348;1229;CCCATAAATAGGA;13;14589;8;TAGAAGAAAA;10;14609;D.I_ID;0
Homo_sapiens;AACAATGAAC;10;13386;11;AAAAATAGGAGGA;13;13406;3296;TCATCCTATTATT;13;16714;202;AACAAAGAAC;10;16928;DI_I.D;0
Homo_sapiens;ACTTAAACCC;10;5669;5;ACACTTAGTTAAC;13;5683;12304;GTAAACTAAGAGT;13;17999;81;ACTAAAACCC;10;18092;DI_I.D;0
Homo_sapiens;TTAGCACCCA;10;15982;2;AGCTAAGATTCTA;13;15993;2593;TAGAATCTTAGTT;13;18598;116;TTAACACCCA;10;18726;DI_I.D;0
Homo_sapiens;CCACTATTAA;10;11870;36;TCTCCTGATCAAA;13;11915;7634;TTGGATCAGGACA;13;19561;15;CCGCTATTAA;10;19588;D.I_ID;0
Homo_sapiens;TACCCTAGCC;10;15513;83;AACTAGGAGGCGT;13;15605;4557;AGGCCTCCTATTT;13;20174;15;TAGCCTAGCC;10;20201;D.I_ID;0
Homo_sapiens;CACCACTCTG;10;13184;70;CTAGGACTCATAA;13;13263;8099;TTCTGAGTCCCAG;13;21374;14;CACCCCTCTG;10;21400;D.I_ID;0
Homo_sapiens;CCTGACTAGA;10;14002;69;GCATAATTAAACT;13;14080;8110;ACTTTAATTAAGC;13;22202;6;CCTTACTAGA;10;22220;D.I_ID;0
Homo_sapiens;AACCCAAAAA;10;14069;2;GCATAATTAAACT;13;14080;8110;ACTTTAATTAAGC;13;22202;29;AACCCACAAA;10;22243;DI_I.D;0
Homo_sapiens;ACCTCAACCC;10;14064;7;GCATAATTAAACT;13;14080;8110;ACTTTAATTAAGC;13;22202;243;ACCTCACCCC;10;22457;DI_I.D;0
Homo_sapiens;ATAACCTCCC;10;14523;3;AAAATTCAGAATA;13;14535;8625;TATTCTGATTTTT;13;23172;44;ATAATCTCCC;10;23228;DI_I.D;0
Homo_sapiens;ATGACATCAA;10;13222;195;AAACCATACCTCT;13;13426;9844;ATAGGTATGGTCT;13;23282;6;ATGATATCAA;10;23300;D.I_ID;0
Homo_sapiens;TTCCCCCATT;10;7952;58;GATTGAAGCCCCC;13;8019;15611;GGAGGCTTCATTC;13;23642;7;TTCCCCTATT;10;23661;D.I_ID;0
Homo_sapiens;ACCTGCCACT;10;10305;201;TTCTAGGAATACT;13;10515;14001;ATTATTCCTAGAA;13;24528;8;ACCTGCGACT;10;24548;D.I_ID;0
Homo_sapiens;ATACTCCTCA;10;14439;11;CTGTAGTATATCC;13;14459;10251;GGGTATACTACGG;13;24722;245;ATACTCCTTA;10;24979;DI_I.D;0
Homo_sapiens;TCAATAGTAC;10;11440;5;CGCAGTACTCTTA;13;11454;14843;TCAGAGTACTTCG;13;26309;250;TAAATAGTAC;10;26571;DI_I.D;0
Homo_sapiens;TAACAATCAA;10;14570;10;CCCATAAATAGGA;13;14589;15316;TACTATTTATGTG;13;29917;25;TAACAATGAA;10;29954;DI_I.D;0
Homo_sapiens;ACCGCTAACA;10;14565;15;CCCATAAATAGGA;13;14589;15316;TACTATTTATGTG;13;29917;167;ACCGCAAACA;10;30096;DI_I.D;0
