Spece;DirectRepeat1.Motiv;DirectRepeat1.Length;DirectRepeat1.Location;LengthOfInterval1;InvertedRepeat1.Motiv;InvertedRepeat1.Length;InvertedRepeat1.Location;LengthOfInterval2;InvertedRepeat2.Motiv;InvertedRepeat2.Length;InvertedRepeat2.Location;LengthOfInterval3;DirectRepeat2.Motiv;DirectRepeat2.Length;DirectRepeat2.Location;DIIDtype;G4
Homo_sapiens;CTATGTCGCA;10;113;26;TCCTATTATTTATC;14;148;4870;GATGAATAATAGCA;14;5031;112;CTATCTCGCA;10;5156;DI_I.D;0
Homo_sapiens;CCTAAACCTC;10;1098;1;AACAGTTAAATCAA;14;1108;3955;TTAATTTAACTATT;14;5076;240;CCTTAACCTC;10;5329;DI_I.D;0
Homo_sapiens;TCACCACCTC;10;1234;77;ACGTTAGGTCAAGG;14;1320;12658;CCTAGACCTAACCT;14;13991;43;TCTCCACCTC;10;14047;D.I_ID;0
Homo_sapiens;CCGTCACCCT;10;1486;48;ATATAGAGGAGACA;14;1543;4808;TGTCTCCTCTATCT;14;6364;239;CGGTCACCCT;10;6616;DI_I.D;0
Homo_sapiens;CTTGGACGAA;10;1590;189;AAGGGAAAGATGAA;14;1788;13491;TTCATCTTGCCCTT;14;15292;37;CTTGCACGAA;10;15342;D.I_ID;0
Homo_sapiens;CACTCCACCT;10;1690;89;AAGGGAAAGATGAA;14;1788;13491;TTCATCTTGCCCTT;14;15292;21;CACTCCACCT;10;15326;D.I_ID;0
Homo_sapiens;GGACCAATCT;10;2267;21;ATGTTAGTATAAGT;14;2297;5425;ACTAATACTAACAT;14;7735;179;GGACTAATCT;10;7927;DI_I.D;0
Homo_sapiens;GTTCAACGAT;10;3039;42;GTCGGTTTCTATCT;14;3090;4660;AAATAGAAACCGTC;14;7763;75;GGTCAACGAT;10;7851;DI_I.D;0
Homo_sapiens;CGGAGTAATC;10;3077;4;GTCGGTTTCTATCT;14;3090;4660;AAATAGAAACCGTC;14;7763;150;CGGACTAATC;10;7926;DI_I.D;0
Homo_sapiens;ATCTTCCTAG;10;4026;95;AGCATACCCCCGAT;14;4130;4005;ACCGGGGGTATACT;14;8148;48;ATCGTCCTAG;10;8209;D.I_ID;0
Homo_sapiens;CCATCCCTGA;10;4349;199;GAGTAGGCCTAGAA;14;4557;8403;TACTAGGCCTCCTC;14;12973;36;CCACCCCTGA;10;13022;D.I_ID;0
Homo_sapiens;ATTAATCCCC;10;4469;79;GAGTAGGCCTAGAA;14;4557;3996;TCCTAGGCCTACCC;14;8566;33;ATTGATCCCC;10;8612;D.I_ID;0
Homo_sapiens;CACACTCATC;10;4516;33;AGTAGGCCTAGAAA;14;4558;9379;TATCTAGGCCTTCT;14;13950;151;CCCACTCATC;10;14114;DI_I.D;0
Homo_sapiens;TCTACAAACC;10;5927;42;GCTGGAGTCCTAGG;14;5978;2786;CCTCGGACTCCTGC;14;8777;30;TCTATAAACC;10;8820;DI_I.D;0
Homo_sapiens;TCTACAAACC;10;5927;42;GCTGGAGTCCTAGG;14;5978;2786;CCTCGGACTCCTGC;14;8777;30;TCTATAAACC;10;8820;D.I_ID;0
Homo_sapiens;TCTTACCTCC;10;6213;50;ACAGGTTGAACAGT;14;6272;7909;AATGTTCAACCAGT;14;14194;163;TCCTACCTCC;10;14370;DI_I.D;0
Homo_sapiens;CCTCTCTCCT;10;6222;41;ACAGGTTGAACAGT;14;6272;7909;AATGTTCAACCAGT;14;14194;73;CCCCTCTCCT;10;14280;DI_I.D;0
Homo_sapiens;CCTATCAATA;10;7042;239;CAGCAGTAATATTA;14;7290;1708;TAACATTACTGCAG;14;9011;35;CCTAGCAATA;10;9059;D.I_ID;0
Homo_sapiens;CCTATCATCT;10;7258;23;CAGCAGTAATATTA;14;7290;1708;TAACATTACTGCAG;14;9011;69;CTTATCATCT;10;9093;DI_I.D;0
Homo_sapiens;CCTATCATCT;10;7258;23;CAGCAGTAATATTA;14;7290;1708;TAACATTACTGCAG;14;9011;201;CCTATCATAT;10;9225;DI_I.D;0
Homo_sapiens;TAACATCTCA;10;7743;282;TCGTATAATAATTA;14;8034;2438;TAAATATTATACTA;14;10485;6;TACCATCTCA;10;10504;D.I_ID;0
Homo_sapiens;ATTTCACTTC;10;9307;45;AACCATATACCAAT;14;9361;1028;ATTGGTATATAGTT;14;10402;93;ATCTCACTTC;10;10508;DI_I.D;0
Homo_sapiens;CATAACGCTC;10;9322;30;AACCATATACCAAT;14;9361;1028;ATTGGTATATAGTT;14;10402;191;CATAACCCTC;10;10606;DI_I.D;0
Homo_sapiens;CATACTAGGC;10;9334;18;AACCATATACCAAT;14;9361;1028;ATTGGTATATAGTT;14;10402;239;CATACTAGTC;10;10654;DI_I.D;0
Homo_sapiens;CTTGCCGCAG;10;11449;18;GGCTATGGTATAAT;14;11476;4020;ATTATACCCTAGCC;14;15509;205;CTAGCCGCAG;10;15727;DI_I.D;0
Homo_sapiens;TACTATTTAT;10;13348;1;GTGCTCCGGGTCCA;14;13358;3296;TGGAGCCGGAGCAC;14;16667;40;TATTATTTAT;10;16720;DI_I.D;0
Homo_sapiens;TACTATTTAT;10;13348;1;GTGCTCCGGGTCCA;14;13358;3296;TGGAGCCGGAGCAC;14;16667;40;TATTATTTAT;10;16720;D.I_ID;0
Homo_sapiens;CCCCCCACCC;10;7396;46;AGGAAGGAATCGAA;14;7451;9237;TTTGATTCCTGCCT;14;16701;158;CCCCCCTCCC;10;16872;DI_I.D;0
Homo_sapiens;CGAAGAACCC;10;7417;25;AGGAAGGAATCGAA;14;7451;9237;TTTGATTCCTGCCT;14;16701;216;CAAAGAACCC;10;16930;DI_I.D;0
Homo_sapiens;ACCCTACCAC;10;7402;40;AGGAAGGAATCGAA;14;7451;9237;TTTGATTCCTGCCT;14;16701;222;ACCCTAACAC;10;16936;DI_I.D;0
Homo_sapiens;TACACCTAGC;10;6351;4;TGTCTCCTCTATCT;14;6364;11735;ATATAGAGGAGACA;14;18112;116;TAAACCTAGC;10;18241;DI_I.D;0
Homo_sapiens;ACTATAGCAA;10;15112;171;TTCATCTTGCCCTT;14;15292;3052;AAGGGAAAGATGAA;14;18357;18;AATATAGCAA;10;18388;D.I_ID;0
Homo_sapiens;TAACATCTCA;10;7743;11;AAATAGAAACCGTC;14;7763;11883;GTCGGTTTCTATCT;14;19659;77;TATCATCTCA;10;19749;DI_I.D;0
Homo_sapiens;TGATGAGGGT;10;9977;11;TAGTATAAATAGTA;14;9997;10169;TCCTATTTATTCTA;14;20179;34;TGATCAGGGT;10;20226;DI_I.D;0
Homo_sapiens;TGATGAGGGT;10;9977;11;TAGTATAAATAGTA;14;9997;10169;TCCTATTTATTCTA;14;20179;34;TGATCAGGGT;10;20226;D.I_ID;0
Homo_sapiens;TTATAGTAAA;10;11366;11;TACGGACTCCACTT;14;11386;9080;AAGGGGAGTCCGAA;14;20479;77;TTATAATAAA;10;20569;DI_I.D;0
Homo_sapiens;CTAGCATTCC;10;13305;218;AAACATATCATACA;14;13532;7232;TATATGATATGTCT;14;20777;19;CCAGCATTCC;10;20809;D.I_ID;0
Homo_sapiens;ATACCTTTCC;10;13482;41;AAACATATCATACA;14;13532;7232;TATATGATATGTCT;14;20777;231;ATACCCTTCC;10;21021;DI_I.D;0
Homo_sapiens;AACAAACCCT;10;8506;51;TCCTAGGCCTACCC;14;8566;12547;GAGTAGGCCTAGAA;14;21126;39;AATAAACCCT;10;21178;D.I_ID;0
Homo_sapiens;CAACATACTC;10;13904;37;TATCTAGGCCTTCT;14;13950;7164;AGTAGGCCTAGAAA;14;21127;128;CAATATACTC;10;21268;DI_I.D;0
Homo_sapiens;TCCTCCCCAC;10;5442;292;GGGAAAAAAGGCGG;14;5743;16054;CCGGCTTTTTGCCC;14;21810;44;TCATCCCCAC;10;21867;D.I_ID;0
Homo_sapiens;AATCTACTTC;10;5723;11;GGGAAAAAAGGCGG;14;5743;16054;CCGGCTTTTTGCCC;14;21810;102;AATCTACTCC;10;21925;DI_I.D;0
Homo_sapiens;ACCCCATTCT;10;6582;79;TATTGTAACTTACT;14;6670;15440;AGTAAGTTGCAATA;14;22123;32;ACCCCACTCT;10;22168;D.I_ID;0
Homo_sapiens;GCAATCTCAA;10;14161;24;AATGTTCAACCAGT;14;14194;8634;ACAGGTTGAACAGT;14;22841;255;GCAACCTCAA;10;23109;DI_I.D;0
Homo_sapiens;CATATTTACC;10;10457;19;TAAATATTATACTA;14;10485;14105;TCGTATAATAATTA;14;24603;206;CGTATTTACC;10;24822;DI_I.D;0
Homo_sapiens;TACAAAAAGG;10;10377;16;ATTGGTATATAGTT;14;10402;15515;AACCATATACCAAT;14;25930;55;TCCAAAAAGG;10;25998;DI_I.D;0
