Spece;DirectRepeat1.Motiv;DirectRepeat1.Length;DirectRepeat1.Location;LengthOfInterval1;InvertedRepeat1.Motiv;InvertedRepeat1.Length;InvertedRepeat1.Location;LengthOfInterval2;InvertedRepeat2.Motiv;InvertedRepeat2.Length;InvertedRepeat2.Location;LengthOfInterval3;DirectRepeat2.Motiv;DirectRepeat2.Length;DirectRepeat2.Location;DIIDtype;G4
Homo_sapiens;ACCCTATTAA;10;15;28;GGTATTTTCGT;11;52;13604;ACGAAAATAAC;11;13666;14;ACCCCATTAA;10;13690;D.I_ID;0
Homo_sapiens;TCAATATTAC;10;172;20;AGTGTGTTAAT;11;201;2138;ATTAAAACACT;11;2349;44;TCATTATTAC;10;2403;DI_I.D;0
Homo_sapiens;TATTACAGGC;10;176;16;AGTGTGTTAAT;11;201;2138;ATTAAAACACT;11;2349;169;TATTAGAGGC;10;2528;DI_I.D;0
Homo_sapiens;TACTAAAGTG;10;195;11;TTAATGCTTGT;11;215;525;ACAAGCATCAA;11;750;260;TACGAAAGTG;10;1020;DI_I.D;0
Homo_sapiens;AAACCCCCCC;10;299;88;ATTTTATCTTT;11;396;4995;AAAAATAAAAT;11;5401;18;AAACCCACCC;10;5429;D.I_ID;0
Homo_sapiens;CCAAAAACAA;10;354;298;TAGCCTTTCTA;11;661;13337;TAGAAAAGCTA;11;14008;4;CCTAAAACAA;10;14022;D.I_ID;0
Homo_sapiens;TTACCTCCTC;10;587;13;TGAAAATGTTT;11;609;13407;AAACAATTTCA;11;14026;57;TTACTTCCTC;10;14093;DI_I.D;0
Homo_sapiens;TCAAAGCAAT;10;595;6;GAAAATGTTTA;11;610;7050;TAATCATTTTC;11;7670;194;TCAAATCAAT;10;7874;DI_I.D;0
Homo_sapiens;TCACATCACC;10;628;24;TAGCCTTTCTA;11;661;13337;TAGAAAAGCTA;11;14008;16;TCACAGCACC;10;14034;D.I_ID;0
Homo_sapiens;CCCCATAAAC;10;636;4;TAGGTTTGGTC;11;649;6459;GACCAAACCTA;11;7118;238;CTCCATAAAC;10;7366;DI_I.D;0
Homo_sapiens;CCCATAAACA;10;637;15;TAGCCTTTCTA;11;661;13337;TAGAAAAGCTA;11;14008;208;CCCATAATCA;10;14226;DI_I.D;0
Homo_sapiens;ATCAAAAGGA;10;740;18;AGCAATGCAGC;11;767;6131;GCTGCAGTGCT;11;6908;127;ATCAATAGGA;10;7045;DI_I.D;0
Homo_sapiens;CAAGTCAATA;10;916;227;CAGCTTAAAAC;11;1152;4610;GTTTGAAGCTG;11;5772;15;CAATTCAATA;10;5797;D.I_ID;0
Homo_sapiens;ACACAAAATA;10;1007;162;GTGCTTCATAT;11;1178;2855;ATATGACGCAC;11;4043;16;ACACAACATA;10;4069;D.I_ID;0
Homo_sapiens;ACACAAAATA;10;1007;7;GAAAGTGGCTT;11;1023;7093;AAACCACTTTC;11;8126;317;ACACAAACTA;10;8453;DI_I.D;0
Homo_sapiens;TAGCCCTAAA;10;1094;5;AACAGTTAAAT;11;1108;967;ATTTAACTGTT;11;2085;75;TAGGCCTAAA;10;2170;DI_I.D;0
Homo_sapiens;AGCTTAAAAC;10;1153;16;GTGCTTCATAT;11;1178;2855;ATATGACGCAC;11;4043;256;AGCTTAAACC;10;4309;DI_I.D;0
Homo_sapiens;CTCAGCCTAT;10;1247;91;GTGGCAAGAAA;11;1347;5817;TTTCTTCCCAC;11;7174;9;CTCGGCCTAT;10;7193;D.I_ID;0
Homo_sapiens;CAAAGCACCC;10;1618;17;ATTTCAACTTA;11;1644;3902;TAAGTTGCAAT;11;5556;132;CTAAGCACCC;10;5698;DI_I.D;0
Homo_sapiens;TAGTACCGCA;10;1779;26;AGCATAATATA;11;1814;3266;TATATTATCCT;11;5090;4;TACTACCGCA;10;5104;D.I_ID;0
Homo_sapiens;CCCTATACCT;10;1837;5;CATAATGAATT;11;1851;3937;AATTCAATATG;11;5798;144;CACTATACCT;10;5952;DI_I.D;0
Homo_sapiens;AGACCCCCGA;10;1897;15;CCTAAGAACAG;11;1921;2179;CTGTTCTTATG;11;4110;13;ATACCCCCGA;10;4133;DI_I.D;0
Homo_sapiens;AGACCCCCGA;10;1897;15;CCTAAGAACAG;11;1921;2179;CTGTTCTTATG;11;4110;13;ATACCCCCGA;10;4133;D.I_ID;0
Homo_sapiens;GACCCCCGAA;10;1898;19;GAACAGCTAAA;11;1926;8970;TTTAGCTGTTC;11;10906;17;GACCCCCTAA;10;10933;DI_I.D;0
Homo_sapiens;GACCCCCGAA;10;1898;19;GAACAGCTAAA;11;1926;8970;TTTAGCTGTTC;11;10906;17;GACCCCCTAA;10;10933;D.I_ID;0
Homo_sapiens;GACCCCCGAA;10;1898;197;GAGGAACAGCT;11;2104;8795;AGCTGTTCCCC;11;10909;14;GACCCCCTAA;10;10933;D.I_ID;0
Homo_sapiens;AGATTTATAG;10;1971;11;CAAACCTACCG;11;1991;3765;CGGCAGGTTTG;11;5766;78;AGATTTACAG;10;5854;DI_I.D;0
Homo_sapiens;CAGAACCCTC;10;2060;19;TAACTGTTAGT;11;2088;8214;ACTAATAGTTA;11;10312;284;CATAACCCTC;10;10606;DI_I.D;0
Homo_sapiens;AATTTAACTG;10;2084;20;CTCTTTGGACA;11;2113;7304;TGTCCAAAAAG;11;9427;266;AATTTTACTG;10;9703;DI_I.D;0
Homo_sapiens;AGGAACAGCT;10;2105;19;AACCTTGTAGA;11;2133;3917;TCTACAACGTT;11;6060;198;AGGAACAGGT;10;6268;DI_I.D;0
Homo_sapiens;TAGTAGGCCT;10;2167;14;AATTAAGAAAG;11;2190;2871;CATTCTTAATT;11;5071;139;TAGGAGGCCT;10;5220;DI_I.D;0
Homo_sapiens;ACTCCTCACA;10;2250;40;GTTAGTATAAG;11;2299;8645;CTAATACTAAC;11;10954;13;ACCCCTCACA;10;10977;D.I_ID;0
Homo_sapiens;CTCACACCCA;10;2254;1;ATTGGACCAAT;11;2264;618;ATTGATCCAAT;11;2892;301;CCCACACCCA;10;3203;DI_I.D;0
Homo_sapiens;ATCACCCTAT;10;2277;13;GTTAGTATAAG;11;2299;8645;CTAATACTAAC;11;10954;191;ATCACCCGAT;10;11155;DI_I.D;0
Homo_sapiens;TCACCTCTAG;10;2509;10;TATTAGAGGCA;11;2528;7770;TGCCACTAATA;11;10308;193;TCACTTCTAG;10;10511;DI_I.D;0
Homo_sapiens;TCTCTTACTT;10;2655;6;CAGTGAAATTG;11;2670;11349;CAATTTCACAG;11;14029;62;TCTCTTTCTT;10;14101;DI_I.D;0
Homo_sapiens;CCAAACCTGC;10;2787;344;AATAAGGCCTA;11;3140;10804;TAGGCCTTCTT;11;13954;7;CAAAACCTGC;10;13971;D.I_ID;0
Homo_sapiens;AATCCTATTC;10;2944;17;AATAGGGTTTA;11;2970;10707;TAAACCCCATT;11;13687;18;AAGCCTATTC;10;13715;DI_I.D;0
Homo_sapiens;AATCCTATTC;10;2944;17;AATAGGGTTTA;11;2970;10707;TAAACCCCATT;11;13687;18;AAGCCTATTC;10;13715;D.I_ID;0
Homo_sapiens;CTATTCTAGA;10;2948;270;TTGTTAAGATG;11;3227;5861;CATCTTCACAA;11;9098;16;CTATCCTAGA;10;9124;D.I_ID;0
Homo_sapiens;GTTCAACGAT;10;3039;20;AGTTCAGACCG;11;3068;4694;CCGTCTGAACT;11;7772;69;GGTCAACGAT;10;7851;DI_I.D;0
Homo_sapiens;CCATAAAACT;10;3460;282;TTCTACTATCA;11;3751;3589;TAATAGTAGAA;11;7350;8;CCATAAACCT;10;7368;D.I_ID;0
Homo_sapiens;TAAAACTCTT;10;3463;142;ATTTATTCTAG;11;3614;4591;CTAGAATTAAT;11;8215;6;TAAAAATCTT;10;8231;D.I_ID;0
Homo_sapiens;AACCCCCCTC;10;3563;16;CTGGTCAACCT;11;3588;2676;AGGTTGAACAG;11;6274;158;AACGCCCCTC;10;6442;DI_I.D;0
Homo_sapiens;CCCCTCCCCA;10;3567;335;AGGGGAGTCCG;11;3911;9107;CTGACTCCCCT;11;13028;14;CCCCACCCCA;10;13052;D.I_ID;0
Homo_sapiens;CCATACCCAA;10;3574;20;CTAGGCCTCCT;11;3603;945;AGTAGGCCTAG;11;4558;154;CCATAACCAA;10;4722;DI_I.D;0
Homo_sapiens;CCAACCCCCT;10;3580;20;CTCCTATTTAT;11;3609;10973;ATAAATAGGAG;11;14592;163;CTAACCCCCT;10;14765;DI_I.D;0
Homo_sapiens;TTTATTCTAG;10;3615;19;TTTACTCAATC;11;3643;638;GATAGAGTAAA;11;4291;285;TTTATTCCAG;10;4586;DI_I.D;0
Homo_sapiens;TTACTAATAA;10;3765;222;ATTATTATAAT;11;3996;6067;ATTTTAATAAT;11;10073;17;TTACTACTAA;10;10100;D.I_ID;0
Homo_sapiens;ATCATGACCC;10;3836;7;ATAATATGATT;11;3852;7241;AATCATATTTT;11;11103;39;ATCATCACCC;10;11152;DI_I.D;0
Homo_sapiens;TCATGACCCT;10;3837;155;TATAATAAACA;11;4001;6576;TGTTCATTATA;11;10587;8;TCATAACCCT;10;10605;D.I_ID;0
Homo_sapiens;TAACCTCCCT;10;4102;91;ATTACTTATAT;11;4202;8115;ATAAAAGTAAT;11;12327;18;TAACCACCCT;10;12355;D.I_ID;0
Homo_sapiens;ACCACTCACC;10;4187;12;TATATGATATG;11;4208;5007;CCTATCATATA;11;9225;179;ACCACACACC;10;9414;DI_I.D;0
Homo_sapiens;AACCCCCTTA;10;4315;252;CATGCTAGCTT;11;4576;588;AAGCTAACATG;11;5174;4;AACACCCTTA;10;5188;D.I_ID;0
Homo_sapiens;ATTTTTTACC;10;4546;3;AGTAGGCCTAG;11;4558;6123;CTAGCCCTACT;11;10691;177;ATTTTTTAAC;10;10878;DI_I.D;0
Homo_sapiens;AGTAGGCCTA;10;4558;13;CTAGCTTTTAT;11;4580;2843;ATAAAATCTAG;11;7433;159;AGTAGGTCTA;10;7602;DI_I.D;0
Homo_sapiens;TAGAAATAAA;10;4566;1;CATGCTAGCTT;11;4576;588;AAGCTAACATG;11;5174;216;TAAAAATAAA;10;5400;DI_I.D;0
Homo_sapiens;AATACTACCA;10;4730;18;ATAATCATAAT;11;4757;5679;ATTATGATAAT;11;10446;332;ATTACTACCA;10;10788;DI_I.D;0
Homo_sapiens;ATACTCATCA;10;4744;10;ATAATAGCTAT;11;4763;6586;ATAGCTTTTAT;11;11359;250;ATACTCTTCA;10;11619;DI_I.D;0
Homo_sapiens;TACTCATCAT;10;4745;310;ACATAACCATT;11;5064;5241;AATAGTTATGT;11;10315;13;TAATCATCAT;10;10338;D.I_ID;0
Homo_sapiens;AAGCCTTCTC;10;4921;156;TATTTATATTA;11;5086;2200;TAATATTAATA;11;7296;17;AAGCCTTCGC;10;7323;D.I_ID;0
Homo_sapiens;ATTAAACCAA;10;4975;89;TTCTTAATTTA;11;5073;9414;TAAATTAAAAA;11;14497;5;ATTAAACCCA;10;14512;D.I_ID;0
Homo_sapiens;CCTCAATTAC;10;5013;9;GATGAATAATA;11;5031;5294;TATTAATCATC;11;10335;129;CCTCATTTAC;10;10474;DI_I.D;0
Homo_sapiens;CCCTAACATA;10;5059;18;TATTTATATTA;11;5086;2200;TAATATTAATA;11;7296;320;CCCTATCATA;10;7626;DI_I.D;0
Homo_sapiens;CCCTAACATA;10;5059;199;ATCGAAGAATT;11;5267;10305;AATTCTCCGAT;11;15582;5;CCCTAACAAA;10;15597;D.I_ID;0
Homo_sapiens;ATCTAACAAC;10;5389;118;TTTAGGTTAAA;11;5516;6621;TTTAACCAAAA;11;12147;14;ATCTGACAAC;10;12171;D.I_ID;0
Homo_sapiens;CTACCTATCT;10;5477;9;ATACTAATAAT;11;5495;5350;ATTATTAGCAT;11;10855;175;CTACCTCTCT;10;11040;DI_I.D;0
Homo_sapiens;TAATAATCTT;10;5499;16;AAATACAGACC;11;5524;4179;GGTCTCTATTT;11;9713;333;TAATAAACTT;10;10056;DI_I.D;0
Homo_sapiens;ATAATCTTAT;10;5501;19;CAGACCAAGAG;11;5529;910;CTCTTCGTCTG;11;6449;174;ATATTCTTAT;10;6633;DI_I.D;0
Homo_sapiens;CCCACAAACA;10;5676;19;ACCCTAATCAA;11;5704;4262;TTGATGAGGGT;11;9976;305;CCTACAAACA;10;10291;DI_I.D;0
Homo_sapiens;CCTCACCCCC;10;5889;230;GGAGGCTTTGG;11;6128;10111;CCAAAGCCACC;11;16249;1;CCTCACCCAC;10;16260;D.I_ID;0
Homo_sapiens;AAACCACAAA;10;5932;18;CCTATTATTCG;11;5959;7435;CGAAAAATAGG;11;13404;111;AAACCGCAAA;10;13525;DI_I.D;0
Homo_sapiens;ACAGCCCATG;10;6077;167;AGTGGAGGCCG;11;6253;5125;CGGACTCCACT;11;11388;12;AAAGCCCATG;10;11410;D.I_ID;0
Homo_sapiens;AATACCCATC;10;6112;6;CGGAGGCTTTG;11;6127;8101;CAAAGCCCCCG;11;14238;200;AATAGCCATC;10;14448;DI_I.D;0
Homo_sapiens;ACCAAACGCC;10;6438;339;TAGGAATAGAC;11;6786;8092;GACTATTCCTA;11;14888;15;ACCAGACGCC;10;14913;D.I_ID;0
Homo_sapiens;CTCCCAGTCC;10;6497;238;GCTTCCTAGGG;11;6744;8614;CCCTAGGAATC;11;15368;3;CTCCCATTCC;10;15381;D.I_ID;0
Homo_sapiens;ACTACTAACA;10;6526;204;AATTGGCTTCC;11;6739;6964;GGAAGCCTATT;11;13713;14;ATTACTAACA;10;13737;D.I_ID;0
Homo_sapiens;ACCTCAACAC;10;6543;20;GGAGGAGGAGA;11;6572;7465;TCTCCACCTCC;11;14047;7;ACCTCAACCC;10;14064;DI_I.D;0
Homo_sapiens;ACCTCAACAC;10;6543;20;GGAGGAGGAGA;11;6572;7465;TCTCCACCTCC;11;14047;7;ACCTCAACCC;10;14064;D.I_ID;0
Homo_sapiens;CACCTTCTTC;10;6553;12;AGGAGGAGACC;11;6574;6394;GGCCTCCTCCT;11;12978;343;CGCCTTCTTC;10;13331;DI_I.D;0
Homo_sapiens;CTTCGACCCC;10;6559;6;AGGAGGAGACC;11;6574;6394;GGCCTCCTCCT;11;12978;133;CTTCCACCCC;10;13121;DI_I.D;0
Homo_sapiens;TATACCAACA;10;6591;69;ATATTGTAACT;11;6669;7490;AATTACAATAT;11;14169;2;TACACCAACA;10;14181;D.I_ID;0
Homo_sapiens;ATAATCTCCC;10;6659;1;ATATTGTAACT;11;6669;7490;AATTACAATAT;11;14169;344;ATAACCTCCC;10;14523;DI_I.D;0
Homo_sapiens;GCACACCATA;10;6767;3;TTTACAGTAGG;11;6779;1503;CCCACTGTAAA;11;8292;89;GCCCACCATA;10;8391;DI_I.D;0
Homo_sapiens;AAAGTATTTA;10;6857;217;TTCACTGATTT;11;7083;8859;AAATCAGAGAA;11;15952;1;AAAGTCTTTA;10;15963;D.I_ID;0
Homo_sapiens;TATGTCCTAT;10;7037;2;AATAGGAGCTG;11;7048;8273;CACCTCCTATT;11;15331;221;TATTTCCTAT;10;15562;DI_I.D;0
Homo_sapiens;CCAAAATCCA;10;7131;161;TTAATAATTTT;11;7301;7195;AAAACTATTAA;11;14506;17;CCAAAATTCA;10;14533;D.I_ID;0
Homo_sapiens;AACATCCTAT;10;7253;89;AATAGTAGAAG;11;7351;3509;CCTCTACTATT;11;10870;17;AACAACCTAT;10;10897;D.I_ID;0
Homo_sapiens;AAGCCAACCC;10;7483;11;ATGACTTTTTC;11;7503;8447;GAAAAAGTCTT;11;15960;282;AAGCCACCCC;10;16252;DI_I.D;0
Homo_sapiens;GCCTCCATGA;10;7497;8;AAAAAGGTATT;11;7514;8409;AAAACCTTTTT;11;15933;166;GCCACCATGA;10;16109;DI_I.D;0
Homo_sapiens;AAAAACCATT;10;7527;17;GTTAAATTATA;11;7553;4579;TATAGTTTAAC;11;12142;291;AAAATCCATT;10;12443;DI_I.D;0
Homo_sapiens;TACTTCCCCT;10;7620;73;TATGCCCTTTT;11;7702;6362;AAAAAGGCATA;11;14074;10;TACTTCCTCT;10;14094;D.I_ID;0
Homo_sapiens;AATAGAAACC;10;7764;16;CCCGCCATCAT;11;7789;1574;ATGATGGCGCG;11;9373;275;AATAGAAAAC;10;9658;DI_I.D;0
Homo_sapiens;AATTACATCA;10;8043;15;CTCATGAGCTG;11;8067;4837;CAACTCATGAG;11;12914;297;AATGACATCA;10;13221;DI_I.D;0
Homo_sapiens;ATTTACCCTA;10;8256;12;CTACCCCCTCT;11;8277;4480;AGAGGGCGTAG;11;12767;122;ATTTATCCTA;10;12899;DI_I.D;0
Homo_sapiens;ATCAACAACC;10;8637;14;CCAACAATGAC;11;8660;1157;GTCATTATTGG;11;9827;245;ATCAACACCC;10;10082;DI_I.D;0
Homo_sapiens;ATACTAGTAT;10;8736;4;TAATCATTTTT;11;8749;1621;AAAAAGGATTA;11;10380;265;ATACTAGTCT;10;10655;DI_I.D;0
Homo_sapiens;TACTAGTATC;10;8737;3;TAATCATTTTT;11;8749;1621;AAAAAGGATTA;11;10380;308;TACTAGTCTC;10;10698;DI_I.D;0
Homo_sapiens;CACTTCTAGT;10;9169;314;GATTTTTCTGA;11;9492;3726;TCAAAAAAATC;11;13228;12;CACTTCAAGT;10;13250;D.I_ID;0
Homo_sapiens;ACCCCTAACA;10;9253;279;AGGAGGGCACT;11;9541;711;ATTGCCCTCCT;11;10262;4;ACCCCTACCA;10;10276;D.I_ID;0
Homo_sapiens;AGCCCTCCTA;10;9274;199;TTCTTCGCAGG;11;9482;1179;CCTGCGAAGCA;11;10671;12;AGCCCTACTA;10;10693;D.I_ID;0
Homo_sapiens;ATCCTATTTA;10;9455;18;TTCTTCGCAGG;11;9482;1179;CCTGCGAAGCA;11;10671;219;AACCTATTTA;10;10900;DI_I.D;0
Homo_sapiens;CTATTTATTA;10;9458;15;TTCTTCGCAGG;11;9482;1179;CCTGCGAAGCA;11;10671;195;CTATTTTTTA;10;10876;DI_I.D;0
Homo_sapiens;AACACATCCG;10;9602;12;TCAGGAGTATC;11;9623;4805;GATACTCCTCA;11;14438;102;AACACACCCG;10;14550;DI_I.D;0
Homo_sapiens;CACATCCGTA;10;9604;326;TAGATGTGGTT;11;9939;3348;AACCACACCTA;11;13297;10;CACATCTGTA;10;13317;D.I_ID;0
Homo_sapiens;CGGCATCTAC;10;9775;8;CATTTTTTGTA;11;9792;3412;TACACAAAATG;11;13214;62;CGGCATCAAC;10;13286;DI_I.D;0
Homo_sapiens;TACATCCAAA;10;9886;78;CTATTGATGAG;11;9973;4459;CTCCTCAATAG;11;14442;13;TATATCCAAA;10;14465;D.I_ID;0
Homo_sapiens;CTTCGAAGCC;10;9907;13;TGGCATTTTGT;11;9929;3278;ACAAAATGACA;11;13217;110;CTTCAAAGCC;10;13337;DI_I.D;0
Homo_sapiens;TCGAAGCCGC;10;9909;11;TGGCATTTTGT;11;9929;3278;ACAAAATGACA;11;13217;295;TCGAAACCGC;10;13522;DI_I.D;0
Homo_sapiens;TAAATAGTAC;10;10002;162;GCGGCTTCGAC;11;10173;1236;GTCGAAGCCCC;11;11419;11;TCAATAGTAC;10;11440;D.I_ID;0
Homo_sapiens;TGACAACATT;10;10036;7;AGAGTAATAAA;11;10052;3501;TCTATTACTCT;11;13563;169;TAACAACATT;10;13742;DI_I.D;0
Homo_sapiens;TACTAGCATT;10;10494;16;AGGAATACTAG;11;10519;2776;CTAGCATTCCT;11;13305;340;TACTAACATT;10;13655;DI_I.D;0
Homo_sapiens;AGGAATAATA;10;10570;47;CCCTCTTAGCC;11;10626;2126;GGCTGAGAGGG;11;12762;4;AGGAATTATA;10;12776;D.I_ID;0
Homo_sapiens;ACCCTCAACA;10;10610;7;CCCTCTTAGCC;11;10626;2126;GGCTGAGAGGG;11;12762;153;ACCCACAACA;10;12925;DI_I.D;0
Homo_sapiens;TTAGCATCAT;10;10859;56;TTTTCCTCCGA;11;10924;4824;TCGGAGGACAA;11;15758;17;TTACCATCAT;10;15785;D.I_ID;0
Homo_sapiens;AAACTCTACT;10;11804;6;TAATAGCTTTT;11;11819;2182;AAAAGCTATTA;11;14011;67;AAACTTTACT;10;14088;DI_I.D;0
Homo_sapiens;TCTACTCCCA;10;11808;9;TTTTTGATGAC;11;11826;1388;GACATCAAAAA;11;13224;267;TCTACTCCAA;10;13501;DI_I.D;0
Homo_sapiens;ATCCCTCAAC;10;12099;17;GGTTTTCCTCT;11;12125;3793;AGATGAAAACC;11;15928;280;AACCCTCAAC;10;16218;DI_I.D;0
Homo_sapiens;CAAACATTAA;10;12670;8;TTCAAATATCT;11;12687;700;AGATATTCGAA;11;13397;250;CTAACATTAA;10;13657;DI_I.D;0
Homo_sapiens;TTCATCGGCT;10;12756;322;CTATAGTTGTA;11;13087;2011;TGCAACTATAG;11;15108;9;TTCATAGGCT;10;15127;D.I_ID;0
Homo_sapiens;CCTCACCCCA;10;12962;8;GCCTCCTCCTA;11;12979;1608;TAGGAGAAGGC;11;14597;201;CCCCACCCCA;10;14808;DI_I.D;0
Homo_sapiens;ACCCCACTAC;10;12966;4;GCCTCCTCCTA;11;12979;1608;TAGGAGAAGGC;11;14597;142;ACCCCAATAC;10;14749;DI_I.D;0
Homo_sapiens;CCCTTACACA;10;13210;20;GTAGCCTTCTC;11;13239;1990;GAGGAGGCTAC;11;15239;277;CCCTTAAACA;10;15526;DI_I.D;0
Homo_sapiens;CAGTAACTAC;10;14204;327;TCAGAATAATA;11;14540;608;TATCATTCTGA;11;15158;8;CAGTAATTAC;10;15176;D.I_ID;0
Homo_sapiens;ATAACCTCCC;10;14523;8;TCAGAATAATA;11;14540;608;TATCATTCTGA;11;15158;208;ATCACCTCCC;10;15376;DI_I.D;0
Homo_sapiens;GGGGGTATAC;10;8151;1;TACGGTCAATG;11;8161;8149;CATTTACCGTA;11;16320;305;GGGGGTATGC;10;16635;DI_I.D;0
Homo_sapiens;GGCCATAATA;10;3848;342;AGCATTACTTA;11;4199;12572;TAATTAATGCT;11;16781;5;GGACATAATA;10;16796;D.I_ID;0
Homo_sapiens;ATTATAATAA;10;3999;191;AGCATTACTTA;11;4199;12572;TAATTAATGCT;11;16781;9;ATAATAATAA;10;16800;D.I_ID;0
Homo_sapiens;TAATAACCAT;10;12334;327;CAAACATTAAT;11;12670;4103;ATTAATGCTTG;11;16783;11;TAATAACAAT;10;16804;D.I_ID;0
Homo_sapiens;ATATCAATTG;10;6734;292;ACTATGTCCTA;11;7035;9749;TAGGACATAAT;11;16794;2;ATAACAATTG;10;16806;D.I_ID;0
Homo_sapiens;CCTACCACTC;10;4184;6;AGCATTACTTA;11;4199;12572;TAATTAATGCT;11;16781;235;CCTCCCACTC;10;17026;DI_I.D;0
Homo_sapiens;ACCCCATTAA;10;13690;327;AAACAATTTCA;11;14026;3142;TGAAAATGTTT;11;17178;16;ACCCCATAAA;10;17204;D.I_ID;0
Homo_sapiens;CTCCATAAAC;10;7366;295;TAATCATTTTC;11;7670;9499;GAAAATGTTTA;11;17179;16;CCCCATAAAC;10;17205;D.I_ID;0
Homo_sapiens;TTGTATTAGC;10;6969;140;GACCAAACCTA;11;7118;10090;TAGGTTTGGTC;11;17218;8;TTCTATTAGC;10;17236;D.I_ID;0
Homo_sapiens;CTCGCCACAC;10;6872;27;GCTGCAGTGCT;11;6908;10418;AGCAATGCAGC;11;17336;15;CTAGCCACAC;10;17361;D.I_ID;0
Homo_sapiens;TCACACGATT;10;15269;64;CTTGCACGAAA;11;15342;2099;TTTCGTGCCAG;11;17451;10;TCACACGATT;10;17471;D.I_ID;0
Homo_sapiens;CGATAAACCC;10;1215;124;TGGCAAGAAAT;11;1348;16092;ATTTCGTGCCA;11;17450;16;CGATTAACCC;10;17476;D.I_ID;0
Homo_sapiens;CCTCCCGAAT;10;14261;123;CTAAAACACTC;11;14393;3106;GAGTGTTTTAG;11;17509;8;CCTCCCCAAT;10;17527;D.I_ID;0
Homo_sapiens;AAAGCTAAGA;10;15991;314;TAAAGCCATTT;11;16314;1270;AAGTGGCTTTA;11;17594;18;ATAGCTAAGA;10;17622;D.I_ID;0
Homo_sapiens;AACCCTCAAC;10;16218;243;GGGGTAGCTAA;11;16470;1164;TTAGATACCCC;11;17644;16;AAACCTCAAC;10;17670;D.I_ID;0
Homo_sapiens;CCTTAACAGT;10;16294;11;TAAAGCCATTT;11;16314;1270;AAGTGGCTTTA;11;17594;69;CCTCAACAGT;10;17673;DI_I.D;0
Homo_sapiens;CCTTAACAGT;10;16294;167;GGGGTAGCTAA;11;16470;1164;TTAGATACCCC;11;17644;19;CCTCAACAGT;10;17673;D.I_ID;0
Homo_sapiens;CCATAACACT;10;16458;3;GGGGTAGCTAA;11;16470;1164;TTAGATACCCC;11;17644;49;CCAGAACACT;10;17703;DI_I.D;0
Homo_sapiens;CACCCCCTCT;10;8269;3;CCCCTCTAGAG;11;8281;9469;CTCTAGAGGAG;11;17760;34;CACCACCTCT;10;17804;DI_I.D;0
Homo_sapiens;TACCTCCATC;10;14373;11;CTAAAACACTC;11;14393;3106;GAGTGTTTTAG;11;17509;308;TACCGCCATC;10;17827;DI_I.D;0
Homo_sapiens;AACCAAATAA;10;9674;262;TGGTTTGACTA;11;9945;8330;TAGCCAAACCA;11;18285;4;ACCCAAATAA;10;18299;D.I_ID;0
Homo_sapiens;CTAGCAATAA;10;15646;7;TCCTCCATATA;11;15662;2439;TATATAGAGGA;11;18111;312;CTAGAAATAA;10;18433;DI_I.D;0
Homo_sapiens;TAACTTAGCA;10;8305;8;TTTAAGTTAAA;11;8322;9756;TTTAACTAAAA;11;18088;342;TAACTTTGCA;10;18440;DI_I.D;0
Homo_sapiens;ACCCACCAAT;10;9209;121;TAGGCCTACTA;11;9339;9387;TAGTAGGCCTA;11;18736;6;AGCCACCAAT;10;18752;D.I_ID;0
Homo_sapiens;TCAAACTCAA;10;3672;94;GTGGCTCCTTT;11;3775;14962;AAAGCAGCCAC;11;18747;16;TCAAGCTCAA;10;18773;D.I_ID;0
Homo_sapiens;CACCCTCTAC;10;3509;18;AGCTCTCACCA;11;3536;15029;TGGTGATAGCT;11;18575;198;CACCCACTAC;10;18783;DI_I.D;0
Homo_sapiens;CCCTAACATA;10;5059;3;CATTCTTAATT;11;5071;13678;AATTAAGAAAG;11;18759;33;CCCAAACATA;10;18802;DI_I.D;0
Homo_sapiens;CTCCTCATAC;10;9329;1;TAGGCCTACTA;11;9339;9387;TAGTAGGCCTA;11;18736;74;CTCCTCACAC;10;18820;DI_I.D;0
Homo_sapiens;ACCCTATGGA;10;2724;159;ATTGATCCAAT;11;2892;15931;ATTGGACCAAT;11;18833;6;ACCCTATAGA;10;18849;D.I_ID;0
Homo_sapiens;AAAATTCTCC;10;4365;4;CCACCTATCAC;11;4378;14189;GTGATAGCTGG;11;18577;301;AACATTCTCC;10;18888;DI_I.D;0
Homo_sapiens;TTTTCCTCCG;10;10924;21;CTAATACTAAC;11;10954;7904;GTTAGTATAAG;11;18868;14;TTCTCCTCCG;10;18892;D.I_ID;0
Homo_sapiens;ACCTGCCCCT;10;13975;45;CAATTTCACAG;11;14029;5200;CAGTGAAATTG;11;19239;1;ACCTGCCCGT;10;19250;D.I_ID;0
Homo_sapiens;AAAAGGCGGG;10;5748;67;CTGGTAAAAAG;11;5824;13397;CTTTTAACCAG;11;19231;20;AAGAGGCGGG;10;19261;D.I_ID;0
Homo_sapiens;AGCTTTTATT;10;4582;20;TAAACCCTCGT;11;4611;14588;ACGAGGGTTCA;11;19209;83;AGCTTTAATT;10;19302;DI_I.D;0
Homo_sapiens;CTACCAAACC;10;2784;1;TGCATTAAAAA;11;2794;16507;TTATTAATGCA;11;19311;9;CTAACAAACC;10;19330;DI_I.D;0
Homo_sapiens;CTACCAAACC;10;2784;1;TGCATTAAAAA;11;2794;16507;TTATTAATGCA;11;19311;9;CTAACAAACC;10;19330;D.I_ID;0
Homo_sapiens;TTCCCCCGCA;10;13751;194;TAGGCCTTCTT;11;13954;5745;AATAAGGCCTA;11;19709;15;TTCCCCCGTA;10;19734;D.I_ID;0
Homo_sapiens;TAACATCTCA;10;7743;20;CCGTCTGAACT;11;7772;11855;AGTTCAGACCG;11;19637;102;TATCATCTCA;10;19749;DI_I.D;0
Homo_sapiens;ACCCACTCCC;10;10619;327;TAATACTAACT;11;10955;8794;ACTTAGTATTA;11;19759;2;ACCCACACCC;10;19771;D.I_ID;0
Homo_sapiens;ACCCACAGCC;10;10843;103;TAATACTAACT;11;10955;8794;ACTTAGTATTA;11;19759;2;ACCCACACCC;10;19771;D.I_ID;0
Homo_sapiens;CAACACCCAC;10;10615;331;TAATACTAACT;11;10955;8794;ACTTAGTATTA;11;19759;4;CCACACCCAC;10;19773;D.I_ID;0
Homo_sapiens;ACTCCCACCC;10;6309;205;TATACTACTAA;11;6523;13228;TTAGTATTATA;11;19761;4;ACACCCACCC;10;19775;D.I_ID;0
Homo_sapiens;CAGGAACAGG;10;6267;247;TATACTACTAA;11;6523;13228;TTAGTATTATA;11;19761;13;CAAGAACAGG;10;19784;D.I_ID;0
Homo_sapiens;AACATAAAAC;10;12031;78;ATTACCGGGTT;11;12118;7683;AGCCCGGTAAT;11;19811;8;AACTTAAAAC;10;19829;D.I_ID;0
Homo_sapiens;ACTTCAAACT;10;11799;310;ATTACCGGGTT;11;12118;7683;AGCCCGGTAAT;11;19811;9;ACTTAAAACT;10;19830;D.I_ID;0
Homo_sapiens;TTCAACTCCT;10;7936;350;ACTGTAAAGCT;11;8295;11531;AACTTTACAGT;11;19836;7;TTCAATTCCT;10;19853;D.I_ID;0
Homo_sapiens;CTTAAAAACA;10;8091;195;ACTGTAAAGCT;11;8295;11531;AACTTTACAGT;11;19836;20;CTTAACAACA;10;19866;D.I_ID;0
Homo_sapiens;TATACTACTA;10;6523;78;ATTTTTCGGTC;11;6610;13324;GAACGAAAAAT;11;19944;10;TATACAACTA;10;19964;D.I_ID;0
Homo_sapiens;ACTACTCAAA;10;13418;37;AGCCTAGCATT;11;13464;6478;AATTCTAGGCT;11;19952;8;ACTACGCAAA;10;19970;D.I_ID;0
Homo_sapiens;GACCCCCTAA;10;10933;13;TAATACTAACT;11;10955;8794;ACTTAGTATTA;11;19759;280;GAGCCCCTAA;10;20049;DI_I.D;0
Homo_sapiens;TACCAACACC;10;6593;8;ATTTTTCGGTC;11;6610;13324;GAACGAAAAAT;11;19944;118;TACCATCACC;10;20072;DI_I.D;0
Homo_sapiens;CCCCCTCTAC;10;8271;15;ACTGTAAAGCT;11;8295;11531;AACTTTACAGT;11;19836;232;CACCCTCTAC;10;20078;DI_I.D;0
Homo_sapiens;CCCTCACCAT;10;13450;5;AGCCTAGCATT;11;13464;6478;AATTCTAGGCT;11;19952;145;CTCTCACCAT;10;20107;DI_I.D;0
Homo_sapiens;AACCTCCCTC;10;13445;10;AGCCTAGCATT;11;13464;6478;AATTCTAGGCT;11;19952;170;AACCCCCCTC;10;20132;DI_I.D;0
Homo_sapiens;ACTTCAACCT;10;13440;15;AGCCTAGCATT;11;13464;6478;AATTCTAGGCT;11;19952;202;ACCTCAACCT;10;20164;DI_I.D;0
Homo_sapiens;CCTAGTCCTC;10;7800;182;TTGACGTTGAC;11;7991;12159;GTCAACCTCAA;11;20160;1;CCTAGGCCTC;10;20171;D.I_ID;0
Homo_sapiens;CCCCCTCTAG;10;8280;6;ACTGTAAAGCT;11;8295;11531;AACTTTACAGT;11;19836;348;CCACCTCTAG;10;20194;DI_I.D;0
Homo_sapiens;AACTACTCCC;10;6305;303;GGTCACCCTGA;11;6617;13602;TCAGGGTGAGC;11;20229;11;AACTACGCCC;10;20250;D.I_ID;0
Homo_sapiens;CACCCTAGGC;10;11265;62;ACTTAATATGA;11;11336;8949;TCATATGAAGT;11;20295;1;CACCCTAGCC;10;20306;D.I_ID;0
Homo_sapiens;TATCCATCAT;10;4947;9;GTTGAGGTGGA;11;4965;15186;TCAACCTCAAC;11;20161;140;TAGCCATCAT;10;20311;DI_I.D;0
Homo_sapiens;CACAAACACT;10;5678;16;CACCCTAATCA;11;5703;14513;TGATCAGGGTG;11;20226;322;CACAAACATT;10;20558;DI_I.D;0
Homo_sapiens;ATCATCCTAG;10;10343;94;ATTATGATAAT;11;10446;10109;ATTATTATAAT;11;20565;20;ATCTTCCTAG;10;20595;D.I_ID;0
Homo_sapiens;ATCATCCTAG;10;10343;235;TGTTCATTATA;11;10587;9973;TATAATAAACA;11;20570;15;ATCTTCCTAG;10;20595;D.I_ID;0
Homo_sapiens;ATGATTTCGA;10;10428;9;ATTATGATAAT;11;10446;10109;ATTATTATAAT;11;20565;112;ATGAATTCGA;10;20687;DI_I.D;0
Homo_sapiens;AGCATACTCC;10;5005;18;ATGAATAATAG;11;5032;15496;CTATTCTTCAT;11;20538;151;AGCATACCCC;10;20699;DI_I.D;0
Homo_sapiens;CATACTCCTC;10;5007;16;ATGAATAATAG;11;5032;15496;CTATTCTTCAT;11;20538;181;CATACACCTC;10;20729;DI_I.D;0
Homo_sapiens;AATAAACTTC;10;10057;7;ATTTTAATAAT;11;10073;10482;ATTATTATAAT;11;20565;169;AAAAAACTTC;10;20744;DI_I.D;0
Homo_sapiens;TAGGTCTCCA;10;13015;4;CTGACTCCCCT;11;13028;7442;AGGGGAGTCCG;11;20480;294;TATGTCTCCA;10;20784;DI_I.D;0
Homo_sapiens;AAAAAAGAGT;10;10047;17;ATTTTAATAAT;11;10073;10482;ATTATTATAAT;11;20565;269;ATAAAAGAGT;10;20844;DI_I.D;0
Homo_sapiens;AAAATTCTTC;10;10216;17;TCTTATTATTT;11;10242;10616;AAATAATAGGA;11;20868;56;AAAATTCTCC;10;20934;DI_I.D;0
Homo_sapiens;AGTAGGTCTA;10;7602;18;TATCATAGAAG;11;7629;13136;CTTATATGATA;11;20775;342;AGTAGGCCTA;10;21127;DI_I.D;0
Homo_sapiens;CTAGCATTTA;10;10496;186;CTAGCCCTACT;11;10691;10426;AGTAGGCCTAG;11;21127;12;CTAGCTTTTA;10;21149;D.I_ID;0
Homo_sapiens;CAGTTCTACC;10;5043;122;AAGCTAACATG;11;5174;15961;CATGCTAGCTT;11;21145;7;CAGTTCTAAC;10;21162;D.I_ID;0
Homo_sapiens;GCTGGCATCA;10;6512;228;CTAGGGTTTAT;11;6749;14420;ATAAACCCTCG;11;21179;11;GCTGCCATCA;10;21200;D.I_ID;0
Homo_sapiens;TAGTAGCTAT;10;10227;98;TTATTAATCAT;11;10334;10975;ATCATTAATAA;11;21319;4;TAATAGCTAT;10;21333;D.I_ID;0
Homo_sapiens;TAATAGTTAT;10;10314;11;TTATTAATCAT;11;10334;10975;ATCATTAATAA;11;21319;4;TAATAGCTAT;10;21333;DI_I.D;0
Homo_sapiens;TAATAGTTAT;10;10314;11;TTATTAATCAT;11;10334;10975;ATCATTAATAA;11;21319;4;TAATAGCTAT;10;21333;D.I_ID;0
Homo_sapiens;CTTAATTTTA;10;10069;237;AATAGTTATGT;11;10315;11308;ACATAACCATT;11;21633;1;CTTAATTTAA;10;21644;D.I_ID;0
Homo_sapiens;TTAACTAGTT;10;10025;281;AATAGTTATGT;11;10315;11308;ACATAACCATT;11;21633;7;TTAACTATTT;10;21650;D.I_ID;0
Homo_sapiens;TAACTACTAC;10;14207;320;AAATTCAGAAT;11;14536;7095;ATTCTTAATTT;11;21641;18;TAACTACTAC;10;21669;D.I_ID;0
Homo_sapiens;TAACTACTAC;10;14207;281;TAAATTAAAAA;11;14497;7135;TTCTTAATTTA;11;21642;17;TAACTACTAC;10;21669;D.I_ID;0
Homo_sapiens;ACTCAAGCAC;10;13078;8;GTAGCAGGAAT;11;13095;8577;ATTCCTACTAC;11;21682;10;ACTCCAGCAC;10;21702;DI_I.D;0
Homo_sapiens;ACTCAAGCAC;10;13078;8;GTAGCAGGAAT;11;13095;8577;ATTCCTACTAC;11;21682;10;ACTCCAGCAC;10;21702;D.I_ID;0
Homo_sapiens;ACAAAACACA;10;11518;177;ATAATCGCCCA;11;11704;10113;TGGGCCATTAT;11;21827;11;ACAAAAAACA;10;21848;D.I_ID;0
Homo_sapiens;ACACAATAGC;10;11354;341;ATAATCGCCCA;11;11704;10113;TGGGCCATTAT;11;21827;16;AAACAATAGC;10;21853;D.I_ID;0
Homo_sapiens;CATCATTCCC;10;14481;7;TAAATTAAAAA;11;14497;7135;TTCTTAATTTA;11;21642;213;CATCATCCCC;10;21865;DI_I.D;0
Homo_sapiens;CAACCATCAT;10;14477;11;TAAATTAAAAA;11;14497;7135;TTCTTAATTTA;11;21642;221;CCACCATCAT;10;21873;DI_I.D;0
Homo_sapiens;TAGGCTAAAT;10;7562;12;TAATGGCACAT;11;7583;14233;ATGGGCCATTA;11;21826;251;TAGGTTAAAT;10;22087;DI_I.D;0
Homo_sapiens;ACAGACCTAG;10;15217;12;TGAGGAGGCTA;11;15238;6611;TAGCCTCATCA;11;21859;228;ACAGACCAAG;10;22097;DI_I.D;0
Homo_sapiens;CTTCGAAGCC;10;9907;11;ACTGGCATTTT;11;9927;12039;AAAATGACAGT;11;21976;124;CTTCAAAGCC;10;22110;DI_I.D;0
Homo_sapiens;TCACAGCCCT;10;11963;175;TTTAACCAAAA;11;12147;9928;TTTAGGTTAAA;11;22085;17;TCAAAGCCCT;10;22112;D.I_ID;0
Homo_sapiens;AAAACCCTCA;10;12036;102;TTTAACCAAAA;11;12147;9928;TTTAGGTTAAA;11;22085;19;AAAGCCCTCA;10;22114;D.I_ID;0
Homo_sapiens;CCAAATCAAC;10;10887;11;TTAGCTGTTCC;11;10907;11230;GTAACAGCTAA;11;22147;118;CCTAATCAAC;10;22275;DI_I.D;0
Homo_sapiens;CCCGCCGCAG;10;8577;7;TCATTCTATTT;11;8593;13369;AAATAAAATGA;11;21972;321;CCCGCCGCCG;10;22303;DI_I.D;0
Homo_sapiens;CCGCCGCCTG;10;9915;3;ACTGGCATTTT;11;9927;12039;AAAATGACAGT;11;21976;318;CCGCCGCCGG;10;22304;DI_I.D;0
Homo_sapiens;AATAGCCATC;10;14448;11;ATCCAAAGACA;11;14468;7938;TGTCTTTAGAT;11;22416;255;AATACCCATC;10;22681;DI_I.D;0
Homo_sapiens;AGGCTTTCGC;10;8870;7;ATTAAAAATGC;11;8886;13759;GCATTTGTAAT;11;22655;34;AGGCTTTGGC;10;22699;DI_I.D;0
Homo_sapiens;ACCTGACTAG;10;14001;228;CAAAGCCCCCG;11;14238;8448;CGGAGGCTTTG;11;22696;3;AACTGACTAG;10;22709;D.I_ID;0
Homo_sapiens;AACATTCTAC;10;11281;98;CGGACTCCACT;11;11388;11424;AGTGGAGGCCG;11;22822;17;AACAGTCTAC;10;22849;D.I_ID;0
Homo_sapiens;TATCCTCCCT;10;10548;5;TGCCTAGAAGG;11;10562;12037;CCTTCTAGGTA;11;22609;237;TACCCTCCCT;10;22856;DI_I.D;0
Homo_sapiens;CTCCCTAAGC;10;12563;168;CAACCTATTCC;11;12740;10088;GGAACAGGTTG;11;22838;12;CTCCCTTAGC;10;22860;D.I_ID;0
Homo_sapiens;ACCACCTTCT;10;6551;12;GGAGGAGGAGA;11;6572;16213;TCTCCTACTCC;11;22795;102;ACCATCTTCT;10;22907;DI_I.D;0
Homo_sapiens;GGGTCCATCA;10;13365;16;ATGAACAAGAT;11;13390;9267;ATCTTCTTCAT;11;22667;272;GGGGCCATCA;10;22949;DI_I.D;0
Homo_sapiens;ACACTTATCA;10;9090;151;ATGACCCCTAA;11;9250;13686;TTAGGGGCCAT;11;22946;14;ACAATTATCA;10;22970;D.I_ID;0
Homo_sapiens;CTATTCCAAC;10;12744;225;GGCCTCCTCCT;11;12978;10155;AGGAGGAGACC;11;23143;6;CTATACCAAC;10;23159;D.I_ID;0
Homo_sapiens;ATGCCAACAC;10;12823;146;GGCCTCCTCCT;11;12978;10155;AGGAGGAGACC;11;23143;8;ATACCAACAC;10;23161;D.I_ID;0
Homo_sapiens;CATATAGTAA;10;9230;11;ATGACCCCTAA;11;9250;13686;TTAGGGGCCAT;11;22946;281;CATATTGTAA;10;23237;DI_I.D;0
Homo_sapiens;GACGTTGACA;10;7993;290;CCCACTGTAAA;11;8292;15046;TTTACAGTAGG;11;23348;5;GACGTAGACA;10;23363;D.I_ID;0
Homo_sapiens;TATTTCAACT;10;14724;155;GACTATTCCTA;11;14888;8457;TAGGAATAGAC;11;23355;16;TATTTCACCT;10;23381;D.I_ID;0
Homo_sapiens;CTACACATCG;10;15031;17;CGGATCATTTC;11;15057;8400;GAAATGATCTG;11;23467;81;CTAGACATCG;10;23558;DI_I.D;0
Homo_sapiens;AGGAGGCTAC;10;15240;82;CACCTCCTATT;11;15331;8276;AATAGGAGCTG;11;23617;14;AGGAGGCTTC;10;23641;D.I_ID;0
Homo_sapiens;AGCCATCGCT;10;14451;46;AAAACTATTAA;11;14506;9354;TTAATAATTTT;11;23870;13;AGCCTTCGCT;10;23893;D.I_ID;0
Homo_sapiens;TAGAAAAACC;10;7524;17;AAAGTTAAATT;11;7550;16175;AATCTAACTTT;11;23735;180;TAGAAGAACC;10;23925;DI_I.D;0
Homo_sapiens;CCCACCATAA;10;8392;137;CTGTTCGCTTC;11;8538;15357;GAAGCGAAAAG;11;23905;18;CCCTCCATAA;10;23933;D.I_ID;0
Homo_sapiens;AAAACCTTTT;10;15933;18;GAAAAAGTCTT;11;15960;8102;ATGACTTTTTC;11;24072;15;AAAACCATTT;10;24097;DI_I.D;0
Homo_sapiens;AAAACCTTTT;10;15933;18;GAAAAAGTCTT;11;15960;8102;ATGACTTTTTC;11;24072;15;AAAACCATTT;10;24097;D.I_ID;0
Homo_sapiens;ACTAACAACA;10;13740;325;AAAAAGGCATA;11;14074;10187;TATGCCCTTTT;11;24271;7;ACTCACAACA;10;24288;D.I_ID;0
Homo_sapiens;AACTACCTAA;10;13848;217;AAAAAGGCATA;11;14074;10187;TATGCCCTTTT;11;24271;18;AACTAACTAA;10;24299;D.I_ID;0
Homo_sapiens;CTAGGCGACC;10;15493;144;CTAGCAATAAT;11;15646;8872;ATTATTCCTAG;11;24528;3;CCAGGCGACC;10;24541;D.I_ID;0
Homo_sapiens;ATTTATCCTA;10;12899;6;CAACTCATGAG;11;12914;11712;CTCATGAGCTG;11;24636;179;ATTTACCCTA;10;24825;DI_I.D;0
Homo_sapiens;CTTAGCATGA;10;12890;15;CAACTCATGAG;11;12914;11712;CTCATGAGCTG;11;24636;231;CTTAGCATTA;10;24877;DI_I.D;0
Homo_sapiens;AATCAACACC;10;10081;20;TAATTATTACA;11;10110;14486;TATAATAATTA;11;24606;295;AACCAACACC;10;24911;DI_I.D;0
Homo_sapiens;AAATGATAAC;10;8692;165;TTATAGGCTTT;11;8866;16174;AAAGCCCATAA;11;25050;8;AAATTATAAC;10;25068;D.I_ID;0
Homo_sapiens;CCGGCGCAGT;10;11687;3;TTCTCATAATC;11;11699;13193;GATTAAGAGAA;11;24902;235;CCGCCGCAGT;10;25147;DI_I.D;0
Homo_sapiens;CACCCATCAA;10;16068;14;TTTCGTACATT;11;16091;8993;AATGAACGAAA;11;25094;122;CACCCAACAA;10;25226;DI_I.D;0
Homo_sapiens;ATACTAGTCT;10;10655;20;GGTGGGCCTAG;11;10684;14443;CTAGGCCTACC;11;25137;158;ATACTAGTAT;10;25305;DI_I.D;0
Homo_sapiens;TACCACAACT;10;10128;243;AAAAAGGATTA;11;10380;14928;TAATCATTTTT;11;25318;3;TGCCACAACT;10;25331;D.I_ID;0
Homo_sapiens;TCCACGGACT;10;9813;5;GTCATTATTGG;11;9827;15392;CCAACAATGAC;11;25229;106;TCCTCGGACT;10;25345;DI_I.D;0
Homo_sapiens;CTAACATTAA;10;13657;46;CGGAAGCCTAT;11;13712;11715;ATAGGCTTTCG;11;25437;3;CTAAGATTAA;10;25450;D.I_ID;0
Homo_sapiens;ACTCAAGCAC;10;13078;3;TAGTTGTAGCA;11;13090;12231;TGCCACAACTA;11;25331;260;ACTCATGCAC;10;25601;DI_I.D;0
Homo_sapiens;CCAGCCTAGC;10;9516;10;CCAATTAGGAG;11;9535;16063;CACCTAATTGG;11;25608;6;CCACCCTAGC;10;25624;DI_I.D;0
Homo_sapiens;CCAGCCTAGC;10;9516;10;CCAATTAGGAG;11;9535;16063;CACCTAATTGG;11;25608;6;CCACCCTAGC;10;25624;D.I_ID;0
Homo_sapiens;AGCCCCTACC;10;9523;3;CCAATTAGGAG;11;9535;16063;CACCTAATTGG;11;25608;131;AGCCTCTACC;10;25749;DI_I.D;0
Homo_sapiens;TACCACTCCA;10;9509;17;CCAATTAGGAG;11;9535;16063;CACCTAATTGG;11;25608;265;TTCCACTCCA;10;25883;DI_I.D;0
Homo_sapiens;TACCACTCCA;10;9509;20;ATTAGGAGGGC;11;9538;16296;GCCCTCCTAAT;11;25844;29;TTCCACTCCA;10;25883;DI_I.D;0
Homo_sapiens;CCACTCAAGC;10;13076;143;TCAAAAAAATC;11;13228;12823;GATTTTTCTGA;11;26061;9;CCACTCCAGC;10;26080;D.I_ID;0
Homo_sapiens;CTAAACCCCC;10;14582;12;AAGGCTTAGAA;11;14603;11453;TTCTGAGCCTT;11;26066;68;CTAAATCCCC;10;26144;DI_I.D;0
Homo_sapiens;CTTCTTATTA;10;10240;13;ATTGCCCTCCT;11;10262;15838;AGGAGGGCACT;11;26110;141;CTGCTTATTA;10;26261;DI_I.D;0
Homo_sapiens;CATGCCTCAG;10;14428;1;GATACTCCTCA;11;14438;11744;TCAGGAGTATC;11;26192;101;CAAGCCTCAG;10;26303;DI_I.D;0
Homo_sapiens;CCTCACAATC;10;10980;337;TGAGCCAACAA;11;11326;15064;TTATTGGCTCA;11;26400;6;CCTCACTATC;10;26416;D.I_ID;0
Homo_sapiens;TATCTTCTTC;10;11115;202;TGAGCCAACAA;11;11326;15064;TTATTGGCTCA;11;26400;12;TATCTGCTTC;10;26422;D.I_ID;0
Homo_sapiens;TAGGTCTCCA;10;13015;273;AACCACACCTA;11;13297;13201;TAGATGTGGTT;11;26508;13;TATGTCTCCA;10;26531;D.I_ID;0
Homo_sapiens;CTCCATATAT;10;15664;196;AAATACTCAAA;11;15869;10638;TTTGACTATTT;11;26517;9;CTCCATCTAT;10;26536;D.I_ID;0
Homo_sapiens;ACTTCCTATT;10;11201;155;TTTATAGTAAA;11;11365;15189;TTTAGTATAAA;11;26564;12;ACTTCCAATT;10;26586;D.I_ID;0
Homo_sapiens;CTAATTATTA;10;10852;13;TACTATTTTTT;11;10874;15732;AAAAAAGAGTA;11;26616;49;CTAATAATTA;10;26675;DI_I.D;0
Homo_sapiens;TACATAAAAA;10;16156;3;CAATCCACATC;11;16168;10332;GATGTGGTTTG;11;26510;194;TACATAGAAA;10;26714;DI_I.D;0
Homo_sapiens;AGCATCATCC;10;10861;4;TACTATTTTTT;11;10874;15732;AAAAAAGAGTA;11;26616;283;ATCATCATCC;10;26909;DI_I.D;0
Homo_sapiens;TAATTTAAAC;10;16004;330;CAGTCAAATCC;11;16343;10601;GGATTAGACTG;11;26954;16;TAGTTTAAAC;10;26980;D.I_ID;0
Homo_sapiens;TTAACCAAAT;10;10883;212;ATCATATTTTA;11;11104;15898;TAAATTATGAT;11;27012;8;TTTACCAAAT;10;27030;D.I_ID;0
Homo_sapiens;CATTTACCGT;10;16320;14;CAGTCAAATCC;11;16343;10601;GGATTAGACTG;11;26954;105;CATTTACCAT;10;27069;DI_I.D;0
Homo_sapiens;AGGAATAATA;10;10570;14;TTATAGCTACT;11;10593;16194;AGTAGCTATTA;11;26797;281;AGGAATACTA;10;27088;DI_I.D;0
Homo_sapiens;GCTCACTCCT;10;14846;34;ACTATTCCTAG;11;14889;12187;CTAGGAATACT;11;27086;9;GCTCACACCT;10;27105;D.I_ID;0
Homo_sapiens;CGTACATAGC;10;16327;7;CAGTCAAATCC;11;16343;10601;GGATTAGACTG;11;26954;340;CGTACATAAC;10;27304;DI_I.D;0
Homo_sapiens;AATCACCACA;10;14877;3;ACTATTCCTAG;11;14889;12187;CTAGGAATACT;11;27086;303;AATCAACACA;10;27399;DI_I.D;0
Homo_sapiens;CCTATTACTA;10;15624;125;TCGGAGGACAA;11;15758;11725;TTTTCCTCCGA;11;27493;19;CCTAATACTA;10;27522;D.I_ID;0
Homo_sapiens;CTAACAACCT;10;12736;17;GGCTGAGAGGG;11;12762;14423;CCCTCTTAGCC;11;27195;324;CTAACTACCT;10;27529;DI_I.D;0
Homo_sapiens;CTTTCTCAAC;10;12257;10;ATAACAGCTAT;11;12276;15642;ATAGCTTTTAT;11;27928;133;CATTCTCAAC;10;28071;DI_I.D;0
Homo_sapiens;CAAGCCTCAC;10;12958;257;GACATCAAAAA;11;13224;15161;TTTTTGATGAC;11;28395;7;CAAGCCTCGC;10;28412;D.I_ID;0
Homo_sapiens;TAACCTCCCC;10;14524;8;CAGAATAATAA;11;14541;13749;TTACTATTCTG;11;28300;112;TAACCTCGCC;10;28422;DI_I.D;0
Homo_sapiens;CCCCACATCA;10;15541;6;GAATGATATTT;11;15556;12928;AAATATCACTC;11;28494;174;CCCGACATCA;10;28678;DI_I.D;0
Homo_sapiens;AAACTAATAC;10;15900;19;AGATGAAAACC;11;15928;12756;GGTTTTCCTCT;11;28694;287;AAACTCATAC;10;28991;DI_I.D;0
Homo_sapiens;CCCACAACAA;10;12926;332;GACTCATAATA;11;13267;15759;TATTATCAGTC;11;29036;6;CCCACAACAA;10;29052;D.I_ID;0
Homo_sapiens;ATATATACAC;10;14176;2;AACAAACAATG;11;14187;14985;CATTGTTCGTT;11;29182;30;ATATATAAAC;10;29222;DI_I.D;0
Homo_sapiens;AATTACAATA;10;14169;9;AACAAACAATG;11;14187;14985;CATTGTTCGTT;11;29182;87;AATTACCATA;10;29279;DI_I.D;0
Homo_sapiens;CCATACTATT;10;13345;43;AGATATTCGAA;11;13397;15849;TTCAAATATCT;11;29256;18;CCATACTAAT;10;29284;D.I_ID;0
Homo_sapiens;CCCACATCAA;10;15542;341;TGTAGTATAAA;11;15892;13567;TTTATCCTACA;11;29469;16;CCCACAACAA;10;29495;D.I_ID;0
Homo_sapiens;ATCGGCATTA;10;15088;11;TGCAACTATAG;11;15108;14538;CTATAGTTGTA;11;29656;187;ATCGGCATCA;10;29853;DI_I.D;0
Homo_sapiens;CCCACCCTTA;10;16289;77;CCCCCTCAGAT;11;16375;15419;ATCTGAGGAGG;11;31804;17;CCCACCCTCA;10;31831;D.I_ID;0
Homo_sapiens;CTTCTCGTCC;10;16354;12;CCCCCTCAGAT;11;16375;15419;ATCTGAGGAGG;11;31804;197;CTTCTCTTCC;10;32011;DI_I.D;0
