Spece;DirectRepeat1.Motiv;DirectRepeat1.Length;DirectRepeat1.Location;LengthOfInterval1;InvertedRepeat1.Motiv;InvertedRepeat1.Length;InvertedRepeat1.Location;LengthOfInterval2;InvertedRepeat2.Motiv;InvertedRepeat2.Length;InvertedRepeat2.Location;LengthOfInterval3;DirectRepeat2.Motiv;DirectRepeat2.Length;DirectRepeat2.Location;DIIDtype;G4
Homo_sapiens;CCTAAACCTC;10;1098;1;AACAGTTAAATCAA;14;1108;3955;TTAATTTAACTATT;14;5076;240;CCTTAACCTC;10;5329;DI_I.D;0
Homo_sapiens;CGGAGTAATC;10;3077;4;GTCGGTTTCTATCT;14;3090;4660;AAATAGAAACCGTC;14;7763;150;CGGACTAATC;10;7926;DI_I.D;0
Homo_sapiens;TAACATCTCA;10;7743;282;TCGTATAATAATTA;14;8034;2438;TAAATATTATACTA;14;10485;6;TACCATCTCA;10;10504;D.I_ID;0
Homo_sapiens;CATACTAGGC;10;9334;18;AACCATATACCAAT;14;9361;1028;ATTGGTATATAGTT;14;10402;239;CATACTAGTC;10;10654;DI_I.D;0
Homo_sapiens;CTTGCCGCAG;10;11449;18;GGCTATGGTATAAT;14;11476;4020;ATTATACCCTAGCC;14;15509;205;CTAGCCGCAG;10;15727;DI_I.D;0
Homo_sapiens;TACTATTTAT;10;13348;1;GTGCTCCGGGTCCA;14;13358;3296;TGGAGCCGGAGCAC;14;16667;40;TATTATTTAT;10;16720;DI_I.D;0
Homo_sapiens;TACACCTAGC;10;6351;4;TGTCTCCTCTATCT;14;6364;11735;ATATAGAGGAGACA;14;18112;116;TAAACCTAGC;10;18241;DI_I.D;0
Homo_sapiens;ACTATAGCAA;10;15112;171;TTCATCTTGCCCTT;14;15292;3052;AAGGGAAAGATGAA;14;18357;18;AATATAGCAA;10;18388;D.I_ID;0
Homo_sapiens;TAACATCTCA;10;7743;11;AAATAGAAACCGTC;14;7763;11883;GTCGGTTTCTATCT;14;19659;77;TATCATCTCA;10;19749;DI_I.D;0
Homo_sapiens;TGATGAGGGT;10;9977;11;TAGTATAAATAGTA;14;9997;10169;TCCTATTTATTCTA;14;20179;34;TGATCAGGGT;10;20226;DI_I.D;0
Homo_sapiens;TTATAGTAAA;10;11366;11;TACGGACTCCACTT;14;11386;9080;AAGGGGAGTCCGAA;14;20479;77;TTATAATAAA;10;20569;DI_I.D;0
Homo_sapiens;CTAGCATTCC;10;13305;218;AAACATATCATACA;14;13532;7232;TATATGATATGTCT;14;20777;19;CCAGCATTCC;10;20809;D.I_ID;0
Homo_sapiens;AATCTACTTC;10;5723;11;GGGAAAAAAGGCGG;14;5743;16054;CCGGCTTTTTGCCC;14;21810;102;AATCTACTCC;10;21925;DI_I.D;0
Homo_sapiens;TACACCAACA;10;14181;4;AATGTTCAACCAGT;14;14194;8634;ACAGGTTGAACAGT;14;22841;306;TATACCAACA;10;23160;DI_I.D;0
Homo_sapiens;CATATTTACC;10;10457;19;TAAATATTATACTA;14;10485;14105;TCGTATAATAATTA;14;24603;206;CGTATTTACC;10;24822;DI_I.D;0
Homo_sapiens;CATATTTACC;10;10457;19;TAAATATTATACTA;14;10485;14105;TCGTATAATAATTA;14;24603;350;CATAATTACC;10;24966;DI_I.D;0
Homo_sapiens;TACAAAAAGG;10;10377;16;ATTGGTATATAGTT;14;10402;15515;AACCATATACCAAT;14;25930;55;TCCAAAAAGG;10;25998;DI_I.D;0
