Spece;DirectRepeat1.Motiv;DirectRepeat1.Length;DirectRepeat1.Location;LengthOfInterval1;InvertedRepeat1.Motiv;InvertedRepeat1.Length;InvertedRepeat1.Location;LengthOfInterval2;InvertedRepeat2.Motiv;InvertedRepeat2.Length;InvertedRepeat2.Location;LengthOfInterval3;DirectRepeat2.Motiv;DirectRepeat2.Length;DirectRepeat2.Location;DIIDtype;G4
Homo_sapiens;CTATGTCGCA;10;113;26;TCCTATTATTTATC;14;148;4870;GATGAATAATAGCA;14;5031;112;CTATCTCGCA;10;5156;DI_I.D;0
Homo_sapiens;CACTCCACCT;10;1690;89;AAGGGAAAGATGAA;14;1788;13491;TTCATCTTGCCCTT;14;15292;21;CACTCCACCT;10;15326;D.I_ID;0
Homo_sapiens;GGACCAATCT;10;2267;21;ATGTTAGTATAAGT;14;2297;5425;ACTAATACTAACAT;14;7735;179;GGACTAATCT;10;7927;DI_I.D;0
Homo_sapiens;CGGAGTAATC;10;3077;4;GTCGGTTTCTATCT;14;3090;4660;AAATAGAAACCGTC;14;7763;150;CGGACTAATC;10;7926;DI_I.D;0
Homo_sapiens;TCTACAAACC;10;5927;42;GCTGGAGTCCTAGG;14;5978;2786;CCTCGGACTCCTGC;14;8777;30;TCTATAAACC;10;8820;D.I_ID;0
Homo_sapiens;CCTATCATCT;10;7258;23;CAGCAGTAATATTA;14;7290;1708;TAACATTACTGCAG;14;9011;69;CTTATCATCT;10;9093;DI_I.D;0
Homo_sapiens;CATAACGCTC;10;9322;30;AACCATATACCAAT;14;9361;1028;ATTGGTATATAGTT;14;10402;191;CATAACCCTC;10;10606;DI_I.D;0
Homo_sapiens;TACTATTTAT;10;13348;1;GTGCTCCGGGTCCA;14;13358;3296;TGGAGCCGGAGCAC;14;16667;40;TATTATTTAT;10;16720;DI_I.D;0
Homo_sapiens;TACACCTAGC;10;6351;4;TGTCTCCTCTATCT;14;6364;11735;ATATAGAGGAGACA;14;18112;116;TAAACCTAGC;10;18241;DI_I.D;0
Homo_sapiens;ACTATAGCAA;10;15112;171;TTCATCTTGCCCTT;14;15292;3052;AAGGGAAAGATGAA;14;18357;18;AATATAGCAA;10;18388;D.I_ID;0
Homo_sapiens;TAACATCTCA;10;7743;11;AAATAGAAACCGTC;14;7763;11883;GTCGGTTTCTATCT;14;19659;77;TATCATCTCA;10;19749;DI_I.D;0
Homo_sapiens;TGATGAGGGT;10;9977;11;TAGTATAAATAGTA;14;9997;10169;TCCTATTTATTCTA;14;20179;34;TGATCAGGGT;10;20226;DI_I.D;0
Homo_sapiens;TTATAGTAAA;10;11366;11;TACGGACTCCACTT;14;11386;9080;AAGGGGAGTCCGAA;14;20479;77;TTATAATAAA;10;20569;DI_I.D;0
Homo_sapiens;AATCTACTTC;10;5723;11;GGGAAAAAAGGCGG;14;5743;16054;CCGGCTTTTTGCCC;14;21810;102;AATCTACTCC;10;21925;DI_I.D;0
Homo_sapiens;TACAAAAAGG;10;10377;16;ATTGGTATATAGTT;14;10402;15515;AACCATATACCAAT;14;25930;55;TCCAAAAAGG;10;25998;DI_I.D;0
