Spece;DirectRepeat1.Motiv;DirectRepeat1.Length;DirectRepeat1.Location;LengthOfInterval1;InvertedRepeat1.Motiv;InvertedRepeat1.Length;InvertedRepeat1.Location;LengthOfInterval2;InvertedRepeat2.Motiv;InvertedRepeat2.Length;InvertedRepeat2.Location;LengthOfInterval3;DirectRepeat2.Motiv;DirectRepeat2.Length;DirectRepeat2.Location;DIIDtype;G4
Homo_sapiens;CTTTGATTCC;10;131;8;TCCTATTATTTA;12;148;4139;TAAATAATAGGA;12;4298;275;CTTTTATTCC;10;4584;DI_I.D;0
Homo_sapiens;TACTACTAAT;10;470;1;CTCATCAATACA;12;480;9481;TCTATTGATGAG;12;9972;121;TACTAATAAT;10;10104;DI_I.D;0
Homo_sapiens;AAATCACCAC;10;729;203;AGTGTTTTAGAT;12;941;13069;ACCTAAAACAAT;12;14021;12;AAATCTCCAC;10;14044;D.I_ID;0
Homo_sapiens;TAGCCACACC;10;793;44;GTTTAACTAAGC;12;846;591;GCTTAGTTGAAC;12;1448;257;TAGCCAAACC;10;1716;DI_I.D;0
Homo_sapiens;ACACGATTAA;10;904;28;AGTGTTTTAGAT;12;941;13069;ACCTAAAACAAT;12;14021;279;ACACTATTAA;10;14311;DI_I.D;0
Homo_sapiens;CTCAGCCTAT;10;1247;31;GGCTACAAAGTA;12;1287;5718;TACGTTGTAGCC;12;7016;166;CTCGGCCTAT;10;7193;DI_I.D;0
Homo_sapiens;ACTAAAACCC;10;1523;34;ATGGTAAGTGTA;12;1566;7512;TACACTTATCAT;12;9089;135;AGTAAAACCC;10;9235;DI_I.D;0
Homo_sapiens;ATTTACCCAA;10;1726;235;AAGATTTATAGG;12;1970;6248;CCTAAAAATCTT;12;8229;16;ATTTACCCTA;10;8256;D.I_ID;0
Homo_sapiens;CCCCTATACC;10;1836;125;AAGATTTATAGG;12;1970;6248;CCTAAAAATCTT;12;8229;32;CCCCTCTACC;10;8272;D.I_ID;0
Homo_sapiens;TATTACCCTC;10;2407;253;CCAGTGAAATTG;12;2669;7022;CAATTTTACTGG;12;9702;8;TTTTACCCTC;10;9721;D.I_ID;0
Homo_sapiens;ACCCAACACA;10;2424;13;AGGAAAGGTTAA;12;2446;6619;TTAACCTTCCCT;12;9076;262;AACCAACACA;10;9349;DI_I.D;0
Homo_sapiens;TCTTACTTTT;10;2657;3;CCAGTGAAATTG;12;2669;7022;CAATTTTACTGG;12;9702;273;TCTTACTCTT;10;9986;DI_I.D;0
Homo_sapiens;ACTATACTCA;10;2882;243;AAGAGAAATAAG;12;3134;12293;CTTACTTCTCTT;12;15438;25;ACTATTCTCA;10;15474;D.I_ID;0
Homo_sapiens;ATAACAGCGC;10;2934;289;AAGATGGCAGAG;12;3232;1255;CTCTACCATCTT;12;4498;14;ATCACAGCGC;10;4523;D.I_ID;0
Homo_sapiens;CGCAATCCTA;10;2941;271;CAGGGTTTGTTA;12;3221;5273;TAACAAACCCTG;12;8505;45;CACAATCCTA;10;8561;D.I_ID;0
Homo_sapiens;ATAAGGCCTA;10;3141;43;TAGTATTATACC;12;3193;7367;GGAATAATACTA;12;10571;138;ATATGGCCTA;10;10720;DI_I.D;0
Homo_sapiens;AAATGATATC;10;3174;38;CAGGGTTTGTTA;12;3221;5273;TAACAAACCCTG;12;8505;176;AAATGATAAC;10;8692;DI_I.D;0
Homo_sapiens;TCCTAATGCT;10;3361;16;TCTAGGCTATAT;12;3386;7323;ATATGGCCTAGA;12;10720;221;TCCTAATACT;10;10952;DI_I.D;0
Homo_sapiens;CTCTACATCA;10;3513;8;GACCTTAGCTCT;12;3530;2040;ACAGCTAAGGAC;12;5581;13;CTCTGCATCA;10;5605;DI_I.D;0
Homo_sapiens;CTCTACATCA;10;3513;8;GACCTTAGCTCT;12;3530;2040;ACAGCTAAGGAC;12;5581;13;CTCTGCATCA;10;5605;D.I_ID;0
Homo_sapiens;TCCTCTGATC;10;3652;42;TGCGAGCAGTAG;12;3703;2519;CTCCTGCTCGCA;12;6233;209;TCGTCTGATC;10;6453;DI_I.D;0
Homo_sapiens;AACTACGCCC;10;3681;13;TGCGAGCAGTAG;12;3703;2519;CTCCTGCTCGCA;12;6233;61;AACTACTCCC;10;6305;DI_I.D;0
Homo_sapiens;CCTAGCATTA;10;4196;87;ATAGAGTAAATA;12;4292;3952;TATTTACCCTAT;12;8255;42;CTTAGCATTA;10;8308;D.I_ID;0
Homo_sapiens;ATATGATATG;10;4209;189;GTCAGCTAAATA;12;4407;2443;TATTTAGCTGAC;12;6861;22;ATATGAAATG;10;6894;D.I_ID;0
Homo_sapiens;AAGAAATATG;10;4261;137;GTCAGCTAAATA;12;4407;2443;TATTTAGCTGAC;12;6861;17;AAGCAATATG;10;6889;D.I_ID;0
Homo_sapiens;GCCACCTATC;10;4377;23;CAGCTAAATAAG;12;4409;6482;CCTATTTAGCTG;12;10902;90;GCCACTTATC;10;11003;DI_I.D;0
Homo_sapiens;AATAGCCCCC;10;4789;28;CAAGGCACCCCT;12;4826;11549;AGGGGTCCCTTG;12;16386;133;AATAGCCCAC;10;16530;DI_I.D;0
Homo_sapiens;CCATCTCAAT;10;4881;2;ATATACCAAATC;12;4892;5497;GAATTGGTATAT;12;10400;95;CCATCTCACT;10;10506;DI_I.D;0
Homo_sapiens;CCTTCTCCTC;10;4924;29;GCAGTTGAGGTG;12;4962;11260;CACATCAACTGC;12;16233;109;CCTTCTCGTC;10;16353;DI_I.D;0
Homo_sapiens;CCTTCTCCTC;10;4924;33;TTGAGGTGGATT;12;4966;11192;AATCCACATCAA;12;16169;173;CCTTCTCGTC;10;16353;DI_I.D;0
Homo_sapiens;TTAGCATACT;10;5003;18;GGATGAATAATA;12;5030;7554;TAATATTCATCC;12;12595;106;TTACCATACT;10;12712;DI_I.D;0
Homo_sapiens;CCCTAACATA;10;5059;9;TAATTTAACTAT;12;5077;2462;AAAGTTAAATTA;12;7550;65;CCCTATCATA;10;7626;DI_I.D;0
Homo_sapiens;CATAACCATT;10;5065;3;TAATTTAACTAT;12;5077;2462;AAAGTTAAATTA;12;7550;107;CATAATCATT;10;7668;DI_I.D;0
Homo_sapiens;ATTCACAAAA;10;5275;208;TTTATACTAATA;12;5492;4491;TTTTAGTATAAA;12;9994;38;ATTCAAAAAA;10;10043;D.I_ID;0
Homo_sapiens;CACCTCAATC;10;5365;27;AAAAATAAAATG;12;5401;8479;CATTTTATTTCT;12;13891;161;CACCTCAACC;10;14063;DI_I.D;0
Homo_sapiens;CTCAATCACA;10;5368;24;AAAAATAAAATG;12;5401;8479;CATTTTATTTCT;12;13891;264;CTCAATTACA;10;14166;DI_I.D;0
Homo_sapiens;ACACTACTCC;10;5375;17;AAAAATAAAATG;12;5401;8479;CATTTTATTTCT;12;13891;225;ACCCTACTCC;10;14127;DI_I.D;0
Homo_sapiens;CCCATATCTA;10;5384;8;AAAAATAAAATG;12;5401;8479;CATTTTATTTCT;12;13891;44;CCCCTATCTA;10;13946;DI_I.D;0
Homo_sapiens;CCCATATCTA;10;5384;8;AAAAATAAAATG;12;5401;8479;CATTTTATTTCT;12;13891;44;CCCCTATCTA;10;13946;D.I_ID;0
Homo_sapiens;TACTCCTACC;10;5472;11;TTTATACTAATA;12;5492;4491;TTTTAGTATAAA;12;9994;270;TACCCCTACC;10;10275;DI_I.D;0
Homo_sapiens;ACCAAGAGCC;10;5532;285;GGTAAAAAGAGG;12;5826;4430;CCTCCTTTTACC;12;10267;4;ACCATGAGCC;10;10282;D.I_ID;0
Homo_sapiens;CCCACAAACA;10;5676;141;GGTAAAAAGAGG;12;5826;4430;CCTCCTTTTACC;12;10267;13;CCTACAAACA;10;10291;D.I_ID;0
Homo_sapiens;ACAAACCACA;10;5930;59;TCTAAGCCTCCT;12;5998;8592;AGAAGGCTTAGA;12;14601;11;ACAAACCCCA;10;14623;D.I_ID;0
Homo_sapiens;ACTATACCTA;10;5953;36;TCTAAGCCTCCT;12;5998;8592;AGAAGGCTTAGA;12;14601;277;ACTATTCCTA;10;14889;DI_I.D;0
Homo_sapiens;CCCCTAATAA;10;6152;107;AGGAACAGGTTG;12;6268;4640;CAACCTTTTCCT;12;10919;6;CCCCTAACAA;10;10936;D.I_ID;0
Homo_sapiens;CTCCCTCTCT;10;6219;40;AGGAACAGGTTG;12;6268;4640;CAACCTTTTCCT;12;10919;110;CTACCTCTCT;10;11040;DI_I.D;0
Homo_sapiens;ATTTCATCAC;10;6390;4;AATTATCAATAT;12;6403;884;ATATTAATAATT;12;7298;225;ATTTCATAAC;10;7534;DI_I.D;0
Homo_sapiens;ATAAAACCCC;10;6413;63;CTTCTCCTATCT;12;6485;8098;AAATAGGAGAAG;12;14594;8;AGAAAACCCC;10;14613;D.I_ID;0
Homo_sapiens;TCCTAATCAC;10;6465;11;CTTCTCCTATCT;12;6485;8098;AAATAGGAGAAG;12;14594;268;TCCAAATCAC;10;14873;DI_I.D;0
Homo_sapiens;CCTCAACACC;10;6544;202;TTTATCGTGTGA;12;6755;5281;TCACACGAGAAA;12;12047;44;CCTCAACCCC;10;12102;D.I_ID;0
Homo_sapiens;ACACCTATTC;10;6598;148;TTTATCGTGTGA;12;6755;5281;TCACACGAGAAA;12;12047;17;ACACCTATCC;10;12075;D.I_ID;0
Homo_sapiens;TATCAATTGG;10;6735;11;TTTATCGTGTGA;12;6755;5281;TCACACGAGAAA;12;12047;226;TATCCATTGG;10;12284;DI_I.D;0
Homo_sapiens;GCACACCATA;10;6767;83;AGTATTTAGCTG;12;6859;1501;CAACTAAATACT;12;8371;9;GCCCACCATA;10;8391;D.I_ID;0
Homo_sapiens;CTACCATAAT;10;6825;25;AGTATTTAGCTG;12;6859;1501;CAACTAAATACT;12;8371;11;CCACCATAAT;10;8393;DI_I.D;0
Homo_sapiens;CTACCATAAT;10;6825;25;AGTATTTAGCTG;12;6859;1501;CAACTAAATACT;12;8371;11;CCACCATAAT;10;8393;D.I_ID;0
Homo_sapiens;AACATCCTAT;10;7253;30;GCAGTAATATTA;12;7292;3481;TTATATTACTAC;12;10784;102;AACAACCTAT;10;10897;DI_I.D;0
Homo_sapiens;CTTTTTCAAA;10;7507;90;GGTCTACAAGAC;12;7606;8297;GTCTTGTAAACC;12;15914;13;CTTTTTCCAA;10;15938;D.I_ID;0
Homo_sapiens;AAAACCATTT;10;7528;69;GGTCTACAAGAC;12;7606;8297;GTCTTGTAAACC;12;15914;8;AAAACCTTTT;10;15933;D.I_ID;0
Homo_sapiens;AAAATGCCCT;10;8890;44;ATACTAGTTATT;12;8943;1070;ATTAACTAGTTT;12;10024;225;AAATTGCCCT;10;10260;DI_I.D;1
Homo_sapiens;AACCGCTAAC;10;9005;161;TAGTAAGCCTCT;12;9175;2995;AGAGGCTTACGA;12;12181;29;AACTGCTAAC;10;12221;D.I_ID;0
Homo_sapiens;AATCAACACC;10;10081;14;TACTAATAATTA;12;10104;738;TAATTATTAGCA;12;10853;26;AATCAACAAC;10;10890;DI_I.D;0
Homo_sapiens;AATCAACACC;10;10081;14;TACTAATAATTA;12;10104;738;TAATTATTAGCA;12;10853;26;AATCAACAAC;10;10890;D.I_ID;0
Homo_sapiens;ATCAACACCC;10;10082;13;TACTAATAATTA;12;10104;738;TAATTATTAGCA;12;10853;288;ATCATCACCC;10;11152;DI_I.D;0
Homo_sapiens;CACCCTCCTA;10;10087;8;TACTAATAATTA;12;10104;738;TAATTATTAGCA;12;10853;83;CCCCCTCCTA;10;10947;DI_I.D;0
Homo_sapiens;AATTATAACA;10;11565;245;TAATAGCTTTTT;12;11819;2674;AAAAAACTATTA;12;14504;29;AATAATAACA;10;14544;D.I_ID;0
Homo_sapiens;ACTCAACATA;10;11949;166;GGGTTTTCCTCT;12;12124;2475;AGAAGAAAACCC;12;14610;25;ACTCAACAGA;10;14646;D.I_ID;0
Homo_sapiens;CCTCAACCCC;10;12102;13;GGGTTTTCCTCT;12;12124;2475;AGAAGAAAACCC;12;14610;300;CCTCAACCGC;10;14921;DI_I.D;0
Homo_sapiens;CAACCCCGAC;10;12105;10;GGGTTTTCCTCT;12;12124;2475;AGAAGAAAACCC;12;14610;69;CAACCACGAC;10;14690;DI_I.D;0
Homo_sapiens;CTAGGACTCA;10;13263;134;AAAAATAGGAGG;12;13406;1916;CCTCCTATTCTT;12;15333;26;CTAGGAATCA;10;15370;D.I_ID;0
Homo_sapiens;CCCTTACTAA;10;13651;292;TCTAGGCCTTCT;12;13952;638;AGAAGGCTTAGA;12;14601;18;CCATTACTAA;10;14630;D.I_ID;0
Homo_sapiens;ATAACCCCAC;10;13672;271;TCTAGGCCTTCT;12;13952;638;AGAAGGCTTAGA;12;14601;3;AAAACCCCAC;10;14615;D.I_ID;0
Homo_sapiens;TACTAAACCC;10;13684;259;TCTAGGCCTTCT;12;13952;638;AGAAGGCTTAGA;12;14601;22;TACTAAACCC;10;14634;D.I_ID;0
Homo_sapiens;AAATCCCCAC;10;13875;68;TCTAGGCCTTCT;12;13952;638;AGAAGGCTTAGA;12;14601;3;AAAACCCCAC;10;14615;D.I_ID;0
Homo_sapiens;CACAATCCCC;10;13940;3;TCTAGGCCTTCT;12;13952;638;AGAAGGCTTAGA;12;14601;10;CACAAACCCC;10;14622;DI_I.D;0
Homo_sapiens;CACAATCCCC;10;13940;3;TCTAGGCCTTCT;12;13952;638;AGAAGGCTTAGA;12;14601;10;CACAAACCCC;10;14622;D.I_ID;0
Homo_sapiens;GATATGAAAA;10;14704;18;ACTACAAGAACA;12;14731;1144;TGTCCTTGTAGT;12;15886;30;GAGATGAAAA;10;15927;DI_I.D;0
Homo_sapiens;GATATGAAAA;10;14704;18;ACTACAAGAACA;12;14731;1144;TGTCCTTGTAGT;12;15886;30;GAGATGAAAA;10;15927;D.I_ID;0
Homo_sapiens;CACACACACA;10;513;42;ACACCCCCCACA;12;564;16056;TCTGGGGGGTAT;12;16631;195;CACACAGACA;10;16837;DI_I.D;0
Homo_sapiens;ACAGGCATCA;10;9560;160;TCCTACAAGCCT;12;9729;7047;ATGCTTGTAGGA;12;16787;42;ACAGACATCA;10;16840;D.I_ID;0
Homo_sapiens;CCACACCCCC;10;796;218;GAAAGTGGCTTT;12;1023;15791;ACAGCCACTTTC;12;16825;30;CCAAACCCCC;10;16866;D.I_ID;0
Homo_sapiens;CCTTCCCCCG;10;3163;54;TTTGTTAAGATG;12;3226;13608;CATCATAACAAA;12;16845;19;CCCTCCCCCG;10;16875;D.I_ID;0
Homo_sapiens;CCCAAGAACA;10;3213;4;TTTGTTAAGATG;12;3226;13608;CATCATAACAAA;12;16845;66;CCCAAAAACA;10;16922;DI_I.D;0
Homo_sapiens;CACACCCACC;10;3205;12;TTTGTTAAGATG;12;3226;13608;CATCATAACAAA;12;16845;228;CACACACACC;10;17084;DI_I.D;0
Homo_sapiens;AACACATAAT;10;9198;266;GAAGTTTTTTTC;12;9473;8075;GTAAAAAACTCC;12;17559;44;AACACACAAT;10;17614;D.I_ID;0
Homo_sapiens;AACCTCAACA;10;6542;170;GGTCTGAGCTAT;12;6721;10890;ATAGCTAAGACC;12;17622;38;AACCTCAACA;10;17671;D.I_ID;0
Homo_sapiens;CCCCCGTAAA;10;3167;54;TTAAGATGGCAG;12;3230;14588;CCGCCATCTTCA;12;17829;38;CCCACGTAAA;10;17878;D.I_ID;0
Homo_sapiens;CTTACCACAA;10;8909;171;TACACTTATCAT;12;9089;9035;ATGGTAAGTGTA;12;18135;34;CTTAACACAA;10;18180;D.I_ID;0
Homo_sapiens;GTAGAGGCGA;10;1981;42;AATCTTAGTTCA;12;2032;15957;TAAACTAAGAGT;12;18000;299;GTATAGGCGA;10;18310;DI_I.D;0
Homo_sapiens;AATATGAAAA;10;5803;141;ACTATACCTATT;12;5953;12376;AATAGATATAGT;12;18340;12;AAGATGAAAA;10;18363;D.I_ID;0
Homo_sapiens;AAAGCTGGTT;10;7471;92;CCTATATATCTT;12;7572;10956;AAGATTTATAGG;12;18539;30;ATAGCTGGTT;10;18580;D.I_ID;0
Homo_sapiens;TTAGCACCCA;10;15982;12;CTAATTTAAACT;12;16003;2599;ACTTTAAATTTG;12;18613;102;TTAACACCCA;10;18726;DI_I.D;0
Homo_sapiens;CACCCTCTAC;10;3509;86;TAGGCCTCCTAT;12;3604;15120;ATAGTAGGCCTA;12;18735;37;CACCCACTAC;10;18783;D.I_ID;0
Homo_sapiens;CAATCATATA;10;4887;36;TCACTCTCTCAA;12;4932;13766;TAGAGAGAGTAA;12;18709;84;CAAACATATA;10;18804;DI_I.D;0
Homo_sapiens;ATCACCCGAT;10;11155;3;GGCAACCAGCCA;12;11167;7403;TAGCTGGTTGTC;12;18581;254;ATCACCCTAT;10;18846;DI_I.D;0
Homo_sapiens;CCTCCCCATA;10;3569;26;TAGGCCTCCTAT;12;3604;15120;ATAGTAGGCCTA;12;18735;150;CCTCCGCATA;10;18896;DI_I.D;0
Homo_sapiens;CTTTTAAAGG;10;12266;128;TCGTTAACCCTA;12;12403;7127;TAGGGTTTACGA;12;19541;39;CTATTAAAGG;10;19591;D.I_ID;0
Homo_sapiens;AATTCCCCCC;10;12380;14;TCGTTAACCCTA;12;12403;7127;TAGGGTTTACGA;12;19541;128;AATTCCTCCC;10;19680;DI_I.D;0
Homo_sapiens;AATTCCCCCC;10;12380;269;TAAACTCAGACC;12;12658;6962;GATCTGAGTTCA;12;19631;38;AATTCCTCCC;10;19680;D.I_ID;0
Homo_sapiens;TACTACACAA;10;15412;17;CTTACTTCTCTT;12;15438;4254;AAGAGAAATAAG;12;19703;4;TACTTCACAA;10;19718;DI_I.D;0
Homo_sapiens;TACTACACAA;10;15412;17;CTTACTTCTCTT;12;15438;4254;AAGAGAAATAAG;12;19703;4;TACTTCACAA;10;19718;D.I_ID;0
Homo_sapiens;AACTTACTAT;10;15187;242;CTTACTTCTCTT;12;15438;4254;AAGAGAAATAAG;12;19703;44;AACTTAGTAT;10;19758;D.I_ID;0
Homo_sapiens;CAAATGCCCC;10;10466;245;ATATGGCCTAGA;12;10720;9224;TCTAGGCTATAT;12;19955;10;CAAAGGCCCC;10;19976;D.I_ID;0
Homo_sapiens;CCATAAAAAT;10;8486;10;TAACAAACCCTG;12;8505;11274;CAGGGTTTGTTA;12;19790;228;CCATAAAACT;10;20029;DI_I.D;0
Homo_sapiens;ACCTGAGCTC;10;9638;289;TTGTAGATGTGG;12;9936;10118;CCACATCTACCA;12;20065;24;ACCTTAGCTC;10;20100;D.I_ID;0
Homo_sapiens;CTCACCATAG;10;9645;282;TTGTAGATGTGG;12;9936;10118;CCACATCTACCA;12;20065;33;CTCACCATCG;10;20109;D.I_ID;0
Homo_sapiens;CATCGCCCTT;10;5455;117;ACAGCTAAGGAC;12;5581;14507;GACCTTAGCTCT;12;20099;4;CATCGCTCTT;10;20114;D.I_ID;0
Homo_sapiens;CCCACCCCAT;10;5432;140;ACAGCTAAGGAC;12;5581;14507;GACCTTAGCTCT;12;20099;27;CCCTCCCCAT;10;20137;D.I_ID;0
Homo_sapiens;GCCTAGCCCT;10;10689;22;ATATGGCCTAGA;12;10720;9224;TCTAGGCTATAT;12;19955;237;GCCTAGCCGT;10;20203;DI_I.D;0
Homo_sapiens;TACCCATCAT;10;6114;110;CTCCTGCTCGCA;12;6233;14028;TGCGAGCAGTAG;12;20272;28;TAGCCATCAT;10;20311;D.I_ID;0
Homo_sapiens;ACAACATAAG;10;6195;29;CTCCTGCTCGCA;12;6233;14028;TGCGAGCAGTAG;12;20272;90;ACAACACAAG;10;20373;DI_I.D;0
Homo_sapiens;CCCCATTATT;10;7955;291;TATTTACCCTAT;12;8255;12595;ATAGAGTAAATA;12;20861;14;CCCCCTTATT;10;20886;D.I_ID;0
Homo_sapiens;TGACAATCGA;10;7998;248;TATTTACCCTAT;12;8255;12595;ATAGAGTAAATA;12;20861;34;TGAGAATCGA;10;20906;D.I_ID;0
Homo_sapiens;CCCATCGCTG;10;11428;261;ATTCTCATAATC;12;11698;9192;GACTATGAGAAT;12;20901;5;CCCATCCCTG;10;20917;D.I_ID;0
Homo_sapiens;ATACCTTTCC;10;13482;252;AACAACATTTCC;12;13743;7254;GAAAATGTTGGT;12;21008;2;ATACCCTTCC;10;21021;D.I_ID;0
Homo_sapiens;CCCTTACTAA;10;13651;83;AACAACATTTCC;12;13743;7254;GAAAATGTTGGT;12;21008;10;CCCGTACTAA;10;21029;D.I_ID;0
Homo_sapiens;ATTTTTTAAC;10;10878;15;CCTATTTAGCTG;12;10902;10065;CAGCTAAATAAG;12;20978;126;ATTTTTTACC;10;21115;DI_I.D;0
Homo_sapiens;CCATAATCAT;10;6828;24;TATTTAGCTGAC;12;6861;14104;GTCAGCTAAATA;12;20976;250;CCATAATCCT;10;21237;DI_I.D;0
Homo_sapiens;ATCGCTATCC;10;6836;16;TATTTAGCTGAC;12;6861;14104;GTCAGCTAAATA;12;20976;264;ATAGCTATCC;10;21251;DI_I.D;0
Homo_sapiens;CCATTTCACT;10;7138;43;TTTCTCGGCCTA;12;7190;13928;TAGGCCTAGAAA;12;21129;225;CCCTTTCACT;10;21365;DI_I.D;0
Homo_sapiens;CCTTCTCGTC;10;16353;24;AGGGGTCCCTTG;12;16386;4998;CAAGGCACCCCT;12;21395;87;CCTTCTCCTC;10;21493;DI_I.D;0
Homo_sapiens;ACTAAACCCA;10;14635;277;CCTCAACCGCCT;12;14921;6597;AGGCAGTTGAGG;12;21529;9;ACCAAACCCA;10;21549;D.I_ID;0
Homo_sapiens;AACTTAGCAT;10;8306;16;AAGATTAAGAGA;12;8331;13163;TCTCTCAATCTT;12;21505;53;ATCTTAGCAT;10;21569;DI_I.D;0
Homo_sapiens;ATAACCATGC;10;12336;250;TAATATTCATCC;12;12595;8993;GGATGAATAATA;12;21599;25;ATAACCATTC;10;21635;D.I_ID;0
Homo_sapiens;ACTACTCACC;10;14906;6;CCTCAACCGCCT;12;14921;6597;AGGCAGTTGAGG;12;21529;148;ACTACTCAAC;10;21688;DI_I.D;0
Homo_sapiens;AAGCTAACTT;10;8301;21;AAGATTAAGAGA;12;8331;13163;TCTCTCAATCTT;12;21505;227;AAGCTAACAT;10;21743;DI_I.D;0
Homo_sapiens;ATCAACCCTC;10;16215;9;CACATCAACTGC;12;16233;5287;GCAGTTGAGGTG;12;21531;230;ATCCACCCTC;10;21772;DI_I.D;0
Homo_sapiens;CTACTTCTCC;10;12584;2;TAATATTCATCC;12;12595;8993;GGATGAATAATA;12;21599;297;CTACTTCTAC;10;21907;DI_I.D;0
Homo_sapiens;TACTAAACCC;10;13684;198;CATTTTATTTCT;12;13891;8068;AAAAATAAAATG;12;21970;13;TACAAAACCC;10;21994;D.I_ID;0
Homo_sapiens;AACCCCACCC;10;13674;208;CATTTTATTTCT;12;13891;8068;AAAAATAAAATG;12;21970;17;AAACCCACCC;10;21998;D.I_ID;0
Homo_sapiens;TCCCCACCCT;10;13645;237;CATTTTATTTCT;12;13891;8068;AAAAATAAAATG;12;21970;33;TCCCCACACT;10;22014;D.I_ID;0
Homo_sapiens;CATCCCCCTT;10;13759;123;CATTTTATTTCT;12;13891;8068;AAAAATAAAATG;12;21970;43;CATCGCCCTT;10;22024;D.I_ID;0
Homo_sapiens;CTTCGAAGCC;10;9907;78;TTTTAGTATAAA;12;9994;12056;TTTATACTAATA;12;22061;38;CTTCAAAGCC;10;22110;D.I_ID;0
Homo_sapiens;CCTAACCAAC;10;13853;29;CATTTTATTTCT;12;13891;8068;AAAAATAAAATG;12;21970;294;CCTAATCAAC;10;22275;DI_I.D;0
Homo_sapiens;CACTAAGCCA;10;15701;71;CCTTTTACCATC;12;15781;6600;GCTGGTAAAAAG;12;22392;40;CACTCAGCCA;10;22443;D.I_ID;0
Homo_sapiens;CCTTCTTATT;10;10239;19;CCTCCTTTTACC;12;10267;12117;GGTAAAAAGAGG;12;22395;167;CCTCCTTATT;10;22573;DI_I.D;0
Homo_sapiens;CGACCACACC;10;14558;34;AGAAGGCTTAGA;12;14601;7955;TCTAAGCCTCCT;12;22567;43;CGACCACATC;10;22621;DI_I.D;0
Homo_sapiens;CGACCACACC;10;14558;34;AGAAGGCTTAGA;12;14601;7955;TCTAAGCCTCCT;12;22567;43;CGACCACATC;10;22621;D.I_ID;0
Homo_sapiens;CCCCCATAAA;10;14587;5;AGAAGGCTTAGA;12;14601;7955;TCTAAGCCTCCT;12;22567;177;CCCGCATAAA;10;22755;DI_I.D;0
Homo_sapiens;ATAAAAACCC;10;16159;208;CCCCTCAGATAG;12;16376;6554;CTATCTTAGGGG;12;22941;30;ATAAAACCCC;10;22982;D.I_ID;0
Homo_sapiens;TAACAGCAGT;10;7287;2;ATATTAATAATT;12;7298;15663;AATTATCAATAT;12;22972;57;TCACAGCAGT;10;23040;DI_I.D;0
Homo_sapiens;TATCAATAGG;10;7044;64;AGACCAAACCTA;12;7117;16155;TAGGTATGGTCT;12;23283;10;TATCAATTGG;10;23304;D.I_ID;0
Homo_sapiens;ACATATTTAC;10;11984;54;TCACACGAGAAA;12;12047;11266;TTTATCGTGTGA;12;23324;8;ATATATTTAC;10;23343;D.I_ID;0
Homo_sapiens;CTTGCCCTAT;10;15619;286;GTCTTGTAAACC;12;15914;8250;GGTCTACAAGAC;12;24175;5;CTTCCCCTAT;10;24191;D.I_ID;0
Homo_sapiens;AATGACATCA;10;13221;183;GGAGGACTACTC;12;13413;11151;GAGTAGTACTCC;12;24575;26;AATTACATCA;10;24612;D.I_ID;0
Homo_sapiens;AAATGATAAC;10;8692;51;TCATTTTTATTG;12;8752;16292;CCATAAAAATAA;12;25055;2;AAATTATAAC;10;25068;D.I_ID;0
Homo_sapiens;GAACGAAAAT;10;8528;215;TCATTTTTATTG;12;8752;16292;CCATAAAAATAA;12;25055;21;GAACCAAAAT;10;25087;D.I_ID;0
Homo_sapiens;TCACCCACCA;10;12014;158;AGAGGCTTACGA;12;12181;13552;TAGTAAGCCTCT;12;25744;21;TGACCCACCA;10;25776;D.I_ID;0
Homo_sapiens;TTACTACCAC;10;10789;55;TAATTATTAGCA;12;10853;15809;TACTAATAATTA;12;26673;9;TGACTACCAC;10;26693;D.I_ID;0
Homo_sapiens;AAAACTAACC;10;14761;4;TAATAAAATTAA;12;14774;11854;TTAATTTTAATA;12;26639;217;ACAACTAACC;10;26867;DI_I.D;0
Homo_sapiens;ACTACAAGAA;10;14731;34;TAATAAAATTAA;12;14774;11854;TTAATTTTAATA;12;26639;294;ACTACAAAAA;10;26944;DI_I.D;0
Homo_sapiens;ATCCTCCATA;10;15661;15;AGCATAATATTT;12;15685;11359;AAATATTATACT;12;27055;52;ATCCTCCCTA;10;27118;DI_I.D;0
Homo_sapiens;CCTGACCCCC;10;14419;76;AAAAAACTATTA;12;14504;13873;TAATAGCTTTTT;12;28388;31;CCTTACCCCC;10;28430;D.I_ID;0
Homo_sapiens;CATCATTCCC;10;14481;14;AAAAAACTATTA;12;14504;13873;TAATAGCTTTTT;12;28388;284;CATCATTACC;10;28683;DI_I.D;0
Homo_sapiens;CCCCATAAAT;10;14588;13;AGAAGAAAACCC;12;14610;14072;GGGTTTTCCTCT;12;28693;166;CCCCAAAAAT;10;28870;DI_I.D;0
Homo_sapiens;TACCCACCCT;10;16287;17;ATAAAGCCATTT;12;16313;12496;ACATGGCTTTCT;12;28820;93;TAACCACCCT;10;28924;DI_I.D;0
Homo_sapiens;CCCACCCTTA;10;16289;15;ATAAAGCCATTT;12;16313;12496;ACATGGCTTTCT;12;28820;125;CCCATCCTTA;10;28956;DI_I.D;0
Homo_sapiens;AAACCCCCAT;10;14584;17;AGAAGAAAACCC;12;14610;14072;GGGTTTTCCTCT;12;28693;293;ATACCCCCAT;10;28997;DI_I.D;0
Homo_sapiens;TAACAATCAA;10;14570;26;GGCTTAGAAGAA;12;14605;15288;TTCTTCAAAGCC;12;29904;39;TAACAATGAA;10;29954;DI_I.D;0
Homo_sapiens;TAACAATCAA;10;14570;26;GGCTTAGAAGAA;12;14605;15288;TTCTTCAAAGCC;12;29904;39;TAACAATGAA;10;29954;D.I_ID;0
Homo_sapiens;CTACTCAGAA;10;15069;255;CCTCCTATTCTT;12;15333;14631;AAAAATAGGAGG;12;29975;2;CTACTCAAAA;10;29988;D.I_ID;0
Homo_sapiens;CCACCCTCAC;10;15263;61;CCTCCTATTCTT;12;15333;14631;AAAAATAGGAGG;12;29975;30;CCTCCCTCAC;10;30016;D.I_ID;0
Homo_sapiens;ACCGCTAACA;10;14565;31;GGCTTAGAAGAA;12;14605;15288;TTCTTCAAAGCC;12;29904;181;ACCGCAAACA;10;30096;DI_I.D;0
Homo_sapiens;AACCTCCCCC;10;14525;67;AGAAGGCTTAGA;12;14601;15909;TCTAGGCCTTCT;12;30521;11;AACCTGCCCC;10;30543;D.I_ID;0
Homo_sapiens;AACAATCAAT;10;14571;21;AGAAGGCTTAGA;12;14601;15909;TCTAGGCCTTCT;12;30521;224;AACAAACAAT;10;30756;DI_I.D;0
Homo_sapiens;AATACTCAAA;10;15870;7;TGTCCTTGTAGT;12;15886;15403;ACTACAAGAACA;12;31300;12;AATACGCAAA;10;31323;DI_I.D;0
Homo_sapiens;AATACTCAAA;10;15870;7;TGTCCTTGTAGT;12;15886;15403;ACTACAAGAACA;12;31300;12;AATACGCAAA;10;31323;D.I_ID;0
Homo_sapiens;CCCTAACAAA;10;15597;280;TGTCCTTGTAGT;12;15886;15403;ACTACAAGAACA;12;31300;29;CCCTAATAAA;10;31340;D.I_ID;0
Homo_sapiens;AACCTGAATC;10;15750;48;ATCCGTACTATA;12;15807;15801;TATATTACGGAT;12;31619;17;AACCTGAAAC;10;31647;D.I_ID;0
