Spece;DirectRepeat1.Motiv;DirectRepeat1.Length;DirectRepeat1.Location;LengthOfInterval1;InvertedRepeat1.Motiv;InvertedRepeat1.Length;InvertedRepeat1.Location;LengthOfInterval2;InvertedRepeat2.Motiv;InvertedRepeat2.Length;InvertedRepeat2.Location;LengthOfInterval3;DirectRepeat2.Motiv;DirectRepeat2.Length;DirectRepeat2.Location;DIIDtype;G4
Homo_sapiens;ACCCTATTAA;10;15;28;GGTATTTTCGT;11;52;13604;ACGAAAATAAC;11;13666;14;ACCCCATTAA;10;13690;D.I_ID;0
Homo_sapiens;TTACCTCCTC;10;587;13;TGAAAATGTTT;11;609;13407;AAACAATTTCA;11;14026;57;TTACTTCCTC;10;14093;DI_I.D;0
Homo_sapiens;TCAAAGCAAT;10;595;6;GAAAATGTTTA;11;610;7050;TAATCATTTTC;11;7670;194;TCAAATCAAT;10;7874;DI_I.D;0
Homo_sapiens;TAGCCCTAAA;10;1094;5;AACAGTTAAAT;11;1108;967;ATTTAACTGTT;11;2085;75;TAGGCCTAAA;10;2170;DI_I.D;0
Homo_sapiens;CTCAGCCTAT;10;1247;91;GTGGCAAGAAA;11;1347;5817;TTTCTTCCCAC;11;7174;9;CTCGGCCTAT;10;7193;D.I_ID;0
Homo_sapiens;TAGTACCGCA;10;1779;26;AGCATAATATA;11;1814;3266;TATATTATCCT;11;5090;4;TACTACCGCA;10;5104;D.I_ID;0
Homo_sapiens;CCCTATACCT;10;1837;5;CATAATGAATT;11;1851;3937;AATTCAATATG;11;5798;144;CACTATACCT;10;5952;DI_I.D;0
Homo_sapiens;AGACCCCCGA;10;1897;15;CCTAAGAACAG;11;1921;2179;CTGTTCTTATG;11;4110;13;ATACCCCCGA;10;4133;DI_I.D;0
Homo_sapiens;AGACCCCCGA;10;1897;15;CCTAAGAACAG;11;1921;2179;CTGTTCTTATG;11;4110;13;ATACCCCCGA;10;4133;D.I_ID;0
Homo_sapiens;GACCCCCGAA;10;1898;197;GAGGAACAGCT;11;2104;8795;AGCTGTTCCCC;11;10909;14;GACCCCCTAA;10;10933;D.I_ID;0
Homo_sapiens;AGATTTATAG;10;1971;11;CAAACCTACCG;11;1991;3765;CGGCAGGTTTG;11;5766;78;AGATTTACAG;10;5854;DI_I.D;0
Homo_sapiens;TAGTAGGCCT;10;2167;14;AATTAAGAAAG;11;2190;2871;CATTCTTAATT;11;5071;139;TAGGAGGCCT;10;5220;DI_I.D;0
Homo_sapiens;ACTCCTCACA;10;2250;40;GTTAGTATAAG;11;2299;8645;CTAATACTAAC;11;10954;13;ACCCCTCACA;10;10977;D.I_ID;0
Homo_sapiens;ATCACCCTAT;10;2277;13;GTTAGTATAAG;11;2299;8645;CTAATACTAAC;11;10954;191;ATCACCCGAT;10;11155;DI_I.D;0
Homo_sapiens;TCACCTCTAG;10;2509;10;TATTAGAGGCA;11;2528;7770;TGCCACTAATA;11;10308;193;TCACTTCTAG;10;10511;DI_I.D;0
Homo_sapiens;TCTCTTACTT;10;2655;6;CAGTGAAATTG;11;2670;11349;CAATTTCACAG;11;14029;62;TCTCTTTCTT;10;14101;DI_I.D;0
Homo_sapiens;TAAAACTCTT;10;3463;142;ATTTATTCTAG;11;3614;4591;CTAGAATTAAT;11;8215;6;TAAAAATCTT;10;8231;D.I_ID;0
Homo_sapiens;ATCATGACCC;10;3836;7;ATAATATGATT;11;3852;7241;AATCATATTTT;11;11103;39;ATCATCACCC;10;11152;DI_I.D;0
Homo_sapiens;TCATGACCCT;10;3837;155;TATAATAAACA;11;4001;6576;TGTTCATTATA;11;10587;8;TCATAACCCT;10;10605;D.I_ID;0
Homo_sapiens;ACCACTCACC;10;4187;12;TATATGATATG;11;4208;5007;CCTATCATATA;11;9225;179;ACCACACACC;10;9414;DI_I.D;0
Homo_sapiens;ATTTTTTACC;10;4546;3;AGTAGGCCTAG;11;4558;6123;CTAGCCCTACT;11;10691;177;ATTTTTTAAC;10;10878;DI_I.D;0
Homo_sapiens;AGTAGGCCTA;10;4558;13;CTAGCTTTTAT;11;4580;2843;ATAAAATCTAG;11;7433;159;AGTAGGTCTA;10;7602;DI_I.D;0
Homo_sapiens;ATTAAACCAA;10;4975;89;TTCTTAATTTA;11;5073;9414;TAAATTAAAAA;11;14497;5;ATTAAACCCA;10;14512;D.I_ID;0
Homo_sapiens;CCTCAATTAC;10;5013;9;GATGAATAATA;11;5031;5294;TATTAATCATC;11;10335;129;CCTCATTTAC;10;10474;DI_I.D;0
Homo_sapiens;CCCTAACATA;10;5059;199;ATCGAAGAATT;11;5267;10305;AATTCTCCGAT;11;15582;5;CCCTAACAAA;10;15597;D.I_ID;0
Homo_sapiens;ATCTAACAAC;10;5389;118;TTTAGGTTAAA;11;5516;6621;TTTAACCAAAA;11;12147;14;ATCTGACAAC;10;12171;D.I_ID;0
Homo_sapiens;CTACCTATCT;10;5477;9;ATACTAATAAT;11;5495;5350;ATTATTAGCAT;11;10855;175;CTACCTCTCT;10;11040;DI_I.D;0
Homo_sapiens;ACAGCCCATG;10;6077;167;AGTGGAGGCCG;11;6253;5125;CGGACTCCACT;11;11388;12;AAAGCCCATG;10;11410;D.I_ID;0
Homo_sapiens;AATACCCATC;10;6112;6;CGGAGGCTTTG;11;6127;8101;CAAAGCCCCCG;11;14238;200;AATAGCCATC;10;14448;DI_I.D;0
Homo_sapiens;ACCTCAACAC;10;6543;20;GGAGGAGGAGA;11;6572;7465;TCTCCACCTCC;11;14047;7;ACCTCAACCC;10;14064;D.I_ID;0
Homo_sapiens;CTTCGACCCC;10;6559;6;AGGAGGAGACC;11;6574;6394;GGCCTCCTCCT;11;12978;133;CTTCCACCCC;10;13121;DI_I.D;0
Homo_sapiens;TATACCAACA;10;6591;69;ATATTGTAACT;11;6669;7490;AATTACAATAT;11;14169;2;TACACCAACA;10;14181;D.I_ID;0
Homo_sapiens;GCACACCATA;10;6767;3;TTTACAGTAGG;11;6779;1503;CCCACTGTAAA;11;8292;89;GCCCACCATA;10;8391;DI_I.D;0
Homo_sapiens;GCCTCCATGA;10;7497;8;AAAAAGGTATT;11;7514;8409;AAAACCTTTTT;11;15933;166;GCCACCATGA;10;16109;DI_I.D;0
Homo_sapiens;TACTTCCCCT;10;7620;73;TATGCCCTTTT;11;7702;6362;AAAAAGGCATA;11;14074;10;TACTTCCTCT;10;14094;D.I_ID;0
Homo_sapiens;ATTTACCCTA;10;8256;12;CTACCCCCTCT;11;8277;4480;AGAGGGCGTAG;11;12767;122;ATTTATCCTA;10;12899;DI_I.D;0
Homo_sapiens;AGCCCTCCTA;10;9274;199;TTCTTCGCAGG;11;9482;1179;CCTGCGAAGCA;11;10671;12;AGCCCTACTA;10;10693;D.I_ID;0
Homo_sapiens;CTATTTATTA;10;9458;15;TTCTTCGCAGG;11;9482;1179;CCTGCGAAGCA;11;10671;195;CTATTTTTTA;10;10876;DI_I.D;0
Homo_sapiens;AACACATCCG;10;9602;12;TCAGGAGTATC;11;9623;4805;GATACTCCTCA;11;14438;102;AACACACCCG;10;14550;DI_I.D;0
Homo_sapiens;CGGCATCTAC;10;9775;8;CATTTTTTGTA;11;9792;3412;TACACAAAATG;11;13214;62;CGGCATCAAC;10;13286;DI_I.D;0
Homo_sapiens;TACATCCAAA;10;9886;78;CTATTGATGAG;11;9973;4459;CTCCTCAATAG;11;14442;13;TATATCCAAA;10;14465;D.I_ID;0
Homo_sapiens;CTTCGAAGCC;10;9907;13;TGGCATTTTGT;11;9929;3278;ACAAAATGACA;11;13217;110;CTTCAAAGCC;10;13337;DI_I.D;0
Homo_sapiens;TAAATAGTAC;10;10002;162;GCGGCTTCGAC;11;10173;1236;GTCGAAGCCCC;11;11419;11;TCAATAGTAC;10;11440;D.I_ID;0
Homo_sapiens;TGACAACATT;10;10036;7;AGAGTAATAAA;11;10052;3501;TCTATTACTCT;11;13563;169;TAACAACATT;10;13742;DI_I.D;0
Homo_sapiens;AGGAATAATA;10;10570;47;CCCTCTTAGCC;11;10626;2126;GGCTGAGAGGG;11;12762;4;AGGAATTATA;10;12776;D.I_ID;0
Homo_sapiens;ACCCTCAACA;10;10610;7;CCCTCTTAGCC;11;10626;2126;GGCTGAGAGGG;11;12762;153;ACCCACAACA;10;12925;DI_I.D;0
Homo_sapiens;AAACTCTACT;10;11804;6;TAATAGCTTTT;11;11819;2182;AAAAGCTATTA;11;14011;67;AAACTTTACT;10;14088;DI_I.D;0
Homo_sapiens;ACCCCACTAC;10;12966;4;GCCTCCTCCTA;11;12979;1608;TAGGAGAAGGC;11;14597;142;ACCCCAATAC;10;14749;DI_I.D;0
Homo_sapiens;ATTATAATAA;10;3999;191;AGCATTACTTA;11;4199;12572;TAATTAATGCT;11;16781;9;ATAATAATAA;10;16800;D.I_ID;0
Homo_sapiens;TTGTATTAGC;10;6969;140;GACCAAACCTA;11;7118;10090;TAGGTTTGGTC;11;17218;8;TTCTATTAGC;10;17236;D.I_ID;0
Homo_sapiens;CTCGCCACAC;10;6872;27;GCTGCAGTGCT;11;6908;10418;AGCAATGCAGC;11;17336;15;CTAGCCACAC;10;17361;D.I_ID;0
Homo_sapiens;TCACACGATT;10;15269;64;CTTGCACGAAA;11;15342;2099;TTTCGTGCCAG;11;17451;10;TCACACGATT;10;17471;D.I_ID;0
Homo_sapiens;CCTCCCGAAT;10;14261;123;CTAAAACACTC;11;14393;3106;GAGTGTTTTAG;11;17509;8;CCTCCCCAAT;10;17527;D.I_ID;0
Homo_sapiens;CCTTAACAGT;10;16294;11;TAAAGCCATTT;11;16314;1270;AAGTGGCTTTA;11;17594;69;CCTCAACAGT;10;17673;DI_I.D;0
Homo_sapiens;CCATAACACT;10;16458;3;GGGGTAGCTAA;11;16470;1164;TTAGATACCCC;11;17644;49;CCAGAACACT;10;17703;DI_I.D;0
Homo_sapiens;CACCCCCTCT;10;8269;3;CCCCTCTAGAG;11;8281;9469;CTCTAGAGGAG;11;17760;34;CACCACCTCT;10;17804;DI_I.D;0
Homo_sapiens;ACCCACCAAT;10;9209;121;TAGGCCTACTA;11;9339;9387;TAGTAGGCCTA;11;18736;6;AGCCACCAAT;10;18752;D.I_ID;0
Homo_sapiens;CCCTAACATA;10;5059;3;CATTCTTAATT;11;5071;13678;AATTAAGAAAG;11;18759;33;CCCAAACATA;10;18802;DI_I.D;0
Homo_sapiens;CTCCTCATAC;10;9329;1;TAGGCCTACTA;11;9339;9387;TAGTAGGCCTA;11;18736;74;CTCCTCACAC;10;18820;DI_I.D;0
Homo_sapiens;ACCCTATGGA;10;2724;159;ATTGATCCAAT;11;2892;15931;ATTGGACCAAT;11;18833;6;ACCCTATAGA;10;18849;D.I_ID;0
Homo_sapiens;TTTTCCTCCG;10;10924;21;CTAATACTAAC;11;10954;7904;GTTAGTATAAG;11;18868;14;TTCTCCTCCG;10;18892;D.I_ID;0
Homo_sapiens;ACCTGCCCCT;10;13975;45;CAATTTCACAG;11;14029;5200;CAGTGAAATTG;11;19239;1;ACCTGCCCGT;10;19250;D.I_ID;0
Homo_sapiens;CTACCAAACC;10;2784;1;TGCATTAAAAA;11;2794;16507;TTATTAATGCA;11;19311;9;CTAACAAACC;10;19330;DI_I.D;0
Homo_sapiens;CTACCAAACC;10;2784;1;TGCATTAAAAA;11;2794;16507;TTATTAATGCA;11;19311;9;CTAACAAACC;10;19330;D.I_ID;0
Homo_sapiens;TTCCCCCGCA;10;13751;194;TAGGCCTTCTT;11;13954;5745;AATAAGGCCTA;11;19709;15;TTCCCCCGTA;10;19734;D.I_ID;0
Homo_sapiens;ACCCACAGCC;10;10843;103;TAATACTAACT;11;10955;8794;ACTTAGTATTA;11;19759;2;ACCCACACCC;10;19771;D.I_ID;0
Homo_sapiens;AACATAAAAC;10;12031;78;ATTACCGGGTT;11;12118;7683;AGCCCGGTAAT;11;19811;8;AACTTAAAAC;10;19829;D.I_ID;0
Homo_sapiens;TATACTACTA;10;6523;78;ATTTTTCGGTC;11;6610;13324;GAACGAAAAAT;11;19944;10;TATACAACTA;10;19964;D.I_ID;0
Homo_sapiens;ACTACTCAAA;10;13418;37;AGCCTAGCATT;11;13464;6478;AATTCTAGGCT;11;19952;8;ACTACGCAAA;10;19970;D.I_ID;0
Homo_sapiens;TACCAACACC;10;6593;8;ATTTTTCGGTC;11;6610;13324;GAACGAAAAAT;11;19944;118;TACCATCACC;10;20072;DI_I.D;0
Homo_sapiens;CCCTCACCAT;10;13450;5;AGCCTAGCATT;11;13464;6478;AATTCTAGGCT;11;19952;145;CTCTCACCAT;10;20107;DI_I.D;0
Homo_sapiens;AACCTCCCTC;10;13445;10;AGCCTAGCATT;11;13464;6478;AATTCTAGGCT;11;19952;170;AACCCCCCTC;10;20132;DI_I.D;0
Homo_sapiens;CCTAGTCCTC;10;7800;182;TTGACGTTGAC;11;7991;12159;GTCAACCTCAA;11;20160;1;CCTAGGCCTC;10;20171;D.I_ID;0
Homo_sapiens;CACCCTAGGC;10;11265;62;ACTTAATATGA;11;11336;8949;TCATATGAAGT;11;20295;1;CACCCTAGCC;10;20306;D.I_ID;0
Homo_sapiens;TATCCATCAT;10;4947;9;GTTGAGGTGGA;11;4965;15186;TCAACCTCAAC;11;20161;140;TAGCCATCAT;10;20311;DI_I.D;0
Homo_sapiens;ATGATTTCGA;10;10428;9;ATTATGATAAT;11;10446;10109;ATTATTATAAT;11;20565;112;ATGAATTCGA;10;20687;DI_I.D;0
Homo_sapiens;AATAAACTTC;10;10057;7;ATTTTAATAAT;11;10073;10482;ATTATTATAAT;11;20565;169;AAAAAACTTC;10;20744;DI_I.D;0
Homo_sapiens;CTAGCATTTA;10;10496;186;CTAGCCCTACT;11;10691;10426;AGTAGGCCTAG;11;21127;12;CTAGCTTTTA;10;21149;D.I_ID;0
Homo_sapiens;CAGTTCTACC;10;5043;122;AAGCTAACATG;11;5174;15961;CATGCTAGCTT;11;21145;7;CAGTTCTAAC;10;21162;D.I_ID;0
Homo_sapiens;TAGTAGCTAT;10;10227;98;TTATTAATCAT;11;10334;10975;ATCATTAATAA;11;21319;4;TAATAGCTAT;10;21333;D.I_ID;0
Homo_sapiens;TAATAGTTAT;10;10314;11;TTATTAATCAT;11;10334;10975;ATCATTAATAA;11;21319;4;TAATAGCTAT;10;21333;DI_I.D;0
Homo_sapiens;TAATAGTTAT;10;10314;11;TTATTAATCAT;11;10334;10975;ATCATTAATAA;11;21319;4;TAATAGCTAT;10;21333;D.I_ID;0
Homo_sapiens;ACTCAAGCAC;10;13078;8;GTAGCAGGAAT;11;13095;8577;ATTCCTACTAC;11;21682;10;ACTCCAGCAC;10;21702;DI_I.D;0
Homo_sapiens;ACTCAAGCAC;10;13078;8;GTAGCAGGAAT;11;13095;8577;ATTCCTACTAC;11;21682;10;ACTCCAGCAC;10;21702;D.I_ID;0
Homo_sapiens;ACAAAACACA;10;11518;177;ATAATCGCCCA;11;11704;10113;TGGGCCATTAT;11;21827;11;ACAAAAAACA;10;21848;D.I_ID;0
Homo_sapiens;CTTCGAAGCC;10;9907;11;ACTGGCATTTT;11;9927;12039;AAAATGACAGT;11;21976;124;CTTCAAAGCC;10;22110;DI_I.D;0
Homo_sapiens;CCAAATCAAC;10;10887;11;TTAGCTGTTCC;11;10907;11230;GTAACAGCTAA;11;22147;118;CCTAATCAAC;10;22275;DI_I.D;0
Homo_sapiens;AGGCTTTCGC;10;8870;7;ATTAAAAATGC;11;8886;13759;GCATTTGTAAT;11;22655;34;AGGCTTTGGC;10;22699;DI_I.D;0
Homo_sapiens;CTCCCTAAGC;10;12563;168;CAACCTATTCC;11;12740;10088;GGAACAGGTTG;11;22838;12;CTCCCTTAGC;10;22860;D.I_ID;0
Homo_sapiens;ACCACCTTCT;10;6551;12;GGAGGAGGAGA;11;6572;16213;TCTCCTACTCC;11;22795;102;ACCATCTTCT;10;22907;DI_I.D;0
Homo_sapiens;ACACTTATCA;10;9090;151;ATGACCCCTAA;11;9250;13686;TTAGGGGCCAT;11;22946;14;ACAATTATCA;10;22970;D.I_ID;0
Homo_sapiens;ATGCCAACAC;10;12823;146;GGCCTCCTCCT;11;12978;10155;AGGAGGAGACC;11;23143;8;ATACCAACAC;10;23161;D.I_ID;0
Homo_sapiens;AGGAGGCTAC;10;15240;82;CACCTCCTATT;11;15331;8276;AATAGGAGCTG;11;23617;14;AGGAGGCTTC;10;23641;D.I_ID;0
Homo_sapiens;AGCCATCGCT;10;14451;46;AAAACTATTAA;11;14506;9354;TTAATAATTTT;11;23870;13;AGCCTTCGCT;10;23893;D.I_ID;0
Homo_sapiens;AAAACCTTTT;10;15933;18;GAAAAAGTCTT;11;15960;8102;ATGACTTTTTC;11;24072;15;AAAACCATTT;10;24097;D.I_ID;0
Homo_sapiens;CTAGGCGACC;10;15493;144;CTAGCAATAAT;11;15646;8872;ATTATTCCTAG;11;24528;3;CCAGGCGACC;10;24541;D.I_ID;0
Homo_sapiens;ATTTATCCTA;10;12899;6;CAACTCATGAG;11;12914;11712;CTCATGAGCTG;11;24636;179;ATTTACCCTA;10;24825;DI_I.D;0
Homo_sapiens;AAATGATAAC;10;8692;165;TTATAGGCTTT;11;8866;16174;AAAGCCCATAA;11;25050;8;AAATTATAAC;10;25068;D.I_ID;0
Homo_sapiens;CACCCATCAA;10;16068;14;TTTCGTACATT;11;16091;8993;AATGAACGAAA;11;25094;122;CACCCAACAA;10;25226;DI_I.D;0
Homo_sapiens;TCCACGGACT;10;9813;5;GTCATTATTGG;11;9827;15392;CCAACAATGAC;11;25229;106;TCCTCGGACT;10;25345;DI_I.D;0
Homo_sapiens;CTAACATTAA;10;13657;46;CGGAAGCCTAT;11;13712;11715;ATAGGCTTTCG;11;25437;3;CTAAGATTAA;10;25450;D.I_ID;0
Homo_sapiens;CCAGCCTAGC;10;9516;10;CCAATTAGGAG;11;9535;16063;CACCTAATTGG;11;25608;6;CCACCCTAGC;10;25624;DI_I.D;0
Homo_sapiens;CCAGCCTAGC;10;9516;10;CCAATTAGGAG;11;9535;16063;CACCTAATTGG;11;25608;6;CCACCCTAGC;10;25624;D.I_ID;0
Homo_sapiens;AGCCCCTACC;10;9523;3;CCAATTAGGAG;11;9535;16063;CACCTAATTGG;11;25608;131;AGCCTCTACC;10;25749;DI_I.D;0
Homo_sapiens;CCACTCAAGC;10;13076;143;TCAAAAAAATC;11;13228;12823;GATTTTTCTGA;11;26061;9;CCACTCCAGC;10;26080;D.I_ID;0
Homo_sapiens;CTAAACCCCC;10;14582;12;AAGGCTTAGAA;11;14603;11453;TTCTGAGCCTT;11;26066;68;CTAAATCCCC;10;26144;DI_I.D;0
Homo_sapiens;CTTCTTATTA;10;10240;13;ATTGCCCTCCT;11;10262;15838;AGGAGGGCACT;11;26110;141;CTGCTTATTA;10;26261;DI_I.D;0
Homo_sapiens;CATGCCTCAG;10;14428;1;GATACTCCTCA;11;14438;11744;TCAGGAGTATC;11;26192;101;CAAGCCTCAG;10;26303;DI_I.D;0
Homo_sapiens;CTCCATATAT;10;15664;196;AAATACTCAAA;11;15869;10638;TTTGACTATTT;11;26517;9;CTCCATCTAT;10;26536;D.I_ID;0
Homo_sapiens;ACTTCCTATT;10;11201;155;TTTATAGTAAA;11;11365;15189;TTTAGTATAAA;11;26564;12;ACTTCCAATT;10;26586;D.I_ID;0
Homo_sapiens;CTAATTATTA;10;10852;13;TACTATTTTTT;11;10874;15732;AAAAAAGAGTA;11;26616;49;CTAATAATTA;10;26675;DI_I.D;0
Homo_sapiens;TACATAAAAA;10;16156;3;CAATCCACATC;11;16168;10332;GATGTGGTTTG;11;26510;194;TACATAGAAA;10;26714;DI_I.D;0
Homo_sapiens;CATTTACCGT;10;16320;14;CAGTCAAATCC;11;16343;10601;GGATTAGACTG;11;26954;105;CATTTACCAT;10;27069;DI_I.D;0
Homo_sapiens;GCTCACTCCT;10;14846;34;ACTATTCCTAG;11;14889;12187;CTAGGAATACT;11;27086;9;GCTCACACCT;10;27105;D.I_ID;0
Homo_sapiens;CTTTCTCAAC;10;12257;10;ATAACAGCTAT;11;12276;15642;ATAGCTTTTAT;11;27928;133;CATTCTCAAC;10;28071;DI_I.D;0
Homo_sapiens;TAACCTCCCC;10;14524;8;CAGAATAATAA;11;14541;13749;TTACTATTCTG;11;28300;112;TAACCTCGCC;10;28422;DI_I.D;0
Homo_sapiens;CCCCACATCA;10;15541;6;GAATGATATTT;11;15556;12928;AAATATCACTC;11;28494;174;CCCGACATCA;10;28678;DI_I.D;0
Homo_sapiens;ATATATACAC;10;14176;2;AACAAACAATG;11;14187;14985;CATTGTTCGTT;11;29182;30;ATATATAAAC;10;29222;DI_I.D;0
Homo_sapiens;AATTACAATA;10;14169;9;AACAAACAATG;11;14187;14985;CATTGTTCGTT;11;29182;87;AATTACCATA;10;29279;DI_I.D;0
Homo_sapiens;ATCGGCATTA;10;15088;11;TGCAACTATAG;11;15108;14538;CTATAGTTGTA;11;29656;187;ATCGGCATCA;10;29853;DI_I.D;0
Homo_sapiens;CTTCTCGTCC;10;16354;12;CCCCCTCAGAT;11;16375;15419;ATCTGAGGAGG;11;31804;197;CTTCTCTTCC;10;32011;DI_I.D;0
