Spece;DirectRepeat1.Motiv;DirectRepeat1.Length;DirectRepeat1.Location;LengthOfInterval1;InvertedRepeat1.Motiv;InvertedRepeat1.Length;InvertedRepeat1.Location;LengthOfInterval2;InvertedRepeat2.Motiv;InvertedRepeat2.Length;InvertedRepeat2.Location;LengthOfInterval3;DirectRepeat2.Motiv;DirectRepeat2.Length;DirectRepeat2.Location;DIIDtype;G4
Homo_sapiens;CTTTGATTCC;10;131;8;TCCTATTATTTA;12;148;4139;TAAATAATAGGA;12;4298;275;CTTTTATTCC;10;4584;DI_I.D;0
Homo_sapiens;CCTCCCACTC;10;457;377;AAAGTTTAACTA;12;843;13229;TAATTAAACTTT;12;14083;17;CTTCCCACTC;10;14111;D.I_ID;0
Homo_sapiens;TACTACTAAT;10;470;1;CTCATCAATACA;12;480;9481;TCTATTGATGAG;12;9972;121;TACTAATAAT;10;10104;DI_I.D;0
Homo_sapiens;TCACATCACC;10;628;304;AGTGTTTTAGAT;12;941;13069;ACCTAAAACAAT;12;14021;2;TCACAGCACC;10;14034;D.I_ID;0
Homo_sapiens;AAATCACCAC;10;729;203;AGTGTTTTAGAT;12;941;13069;ACCTAAAACAAT;12;14021;12;AAATCTCCAC;10;14044;D.I_ID;0
Homo_sapiens;ATTTACCCAA;10;1726;235;AAGATTTATAGG;12;1970;6248;CCTAAAAATCTT;12;8229;16;ATTTACCCTA;10;8256;D.I_ID;0
Homo_sapiens;GAACAGCTCT;10;2107;331;GGAAAGGTTAAA;12;2447;1325;TTTAACCTCTCC;12;3783;19;GAACACCTCT;10;3813;D.I_ID;0
Homo_sapiens;TATTACCCTC;10;2407;253;CCAGTGAAATTG;12;2669;7022;CAATTTTACTGG;12;9702;8;TTTTACCCTC;10;9721;D.I_ID;0
Homo_sapiens;ACCCAACACA;10;2424;13;AGGAAAGGTTAA;12;2446;6619;TTAACCTTCCCT;12;9076;262;AACCAACACA;10;9349;DI_I.D;0
Homo_sapiens;TCTTACTTTT;10;2657;3;CCAGTGAAATTG;12;2669;7022;CAATTTTACTGG;12;9702;273;TCTTACTCTT;10;9986;DI_I.D;0
Homo_sapiens;ATAACAGCGC;10;2934;289;AAGATGGCAGAG;12;3232;1255;CTCTACCATCTT;12;4498;14;ATCACAGCGC;10;4523;D.I_ID;0
Homo_sapiens;GGCCAACCTC;10;3314;337;TCAGGGTGAGCA;12;3660;9947;TTCTCACCCTAA;12;13618;3;GGTCAACCTC;10;13632;D.I_ID;0
Homo_sapiens;TCCTAATGCT;10;3361;16;TCTAGGCTATAT;12;3386;7323;ATATGGCCTAGA;12;10720;221;TCCTAATACT;10;10952;DI_I.D;0
Homo_sapiens;CTCTACATCA;10;3513;8;GACCTTAGCTCT;12;3530;2040;ACAGCTAAGGAC;12;5581;13;CTCTGCATCA;10;5605;DI_I.D;0
Homo_sapiens;CTCTACATCA;10;3513;8;GACCTTAGCTCT;12;3530;2040;ACAGCTAAGGAC;12;5581;13;CTCTGCATCA;10;5605;D.I_ID;0
Homo_sapiens;AACTACGCCC;10;3681;13;TGCGAGCAGTAG;12;3703;2519;CTCCTGCTCGCA;12;6233;61;AACTACTCCC;10;6305;DI_I.D;0
Homo_sapiens;AAGAAATATG;10;4261;137;GTCAGCTAAATA;12;4407;2443;TATTTAGCTGAC;12;6861;17;AAGCAATATG;10;6889;D.I_ID;0
Homo_sapiens;CCATCTCAAT;10;4881;2;ATATACCAAATC;12;4892;5497;GAATTGGTATAT;12;10400;95;CCATCTCACT;10;10506;DI_I.D;0
Homo_sapiens;TTAGCATACT;10;5003;18;GGATGAATAATA;12;5030;7554;TAATATTCATCC;12;12595;106;TTACCATACT;10;12712;DI_I.D;0
Homo_sapiens;TTCTACCGTA;10;5046;346;AAAAATAAAATG;12;5401;8479;CATTTTATTTCT;12;13891;15;TTCTACCCTA;10;13917;D.I_ID;0
Homo_sapiens;ACCCTAACAT;10;5058;334;AAAAATAAAATG;12;5401;8479;CATTTTATTTCT;12;13891;19;ACCCTAGCAT;10;13921;D.I_ID;0
Homo_sapiens;CCCTAACATA;10;5059;9;TAATTTAACTAT;12;5077;2462;AAAGTTAAATTA;12;7550;65;CCCTATCATA;10;7626;DI_I.D;0
Homo_sapiens;CATAACCATT;10;5065;3;TAATTTAACTAT;12;5077;2462;AAAGTTAAATTA;12;7550;107;CATAATCATT;10;7668;DI_I.D;0
Homo_sapiens;ACACTACTCC;10;5375;17;AAAAATAAAATG;12;5401;8479;CATTTTATTTCT;12;13891;225;ACCCTACTCC;10;14127;DI_I.D;0
Homo_sapiens;CCCATATCTA;10;5384;8;AAAAATAAAATG;12;5401;8479;CATTTTATTTCT;12;13891;44;CCCCTATCTA;10;13946;DI_I.D;0
Homo_sapiens;TACTCCTACC;10;5472;11;TTTATACTAATA;12;5492;4491;TTTTAGTATAAA;12;9994;270;TACCCCTACC;10;10275;DI_I.D;0
Homo_sapiens;ACCAAGAGCC;10;5532;285;GGTAAAAAGAGG;12;5826;4430;CCTCCTTTTACC;12;10267;4;ACCATGAGCC;10;10282;D.I_ID;0
Homo_sapiens;AAAACCCCAC;10;5596;393;TCTAAGCCTCCT;12;5998;8592;AGAAGGCTTAGA;12;14601;3;AAAACCCCAC;10;14615;D.I_ID;0
Homo_sapiens;AAACCCCACT;10;5597;392;TCTAAGCCTCCT;12;5998;8592;AGAAGGCTTAGA;12;14601;13;AAACCCCATT;10;14625;D.I_ID;0
Homo_sapiens;CCCACAAACA;10;5676;141;GGTAAAAAGAGG;12;5826;4430;CCTCCTTTTACC;12;10267;13;CCTACAAACA;10;10291;D.I_ID;0
Homo_sapiens;ACAAACCACA;10;5930;59;TCTAAGCCTCCT;12;5998;8592;AGAAGGCTTAGA;12;14601;11;ACAAACCCCA;10;14623;D.I_ID;0
Homo_sapiens;CCCCTAATAA;10;6152;107;AGGAACAGGTTG;12;6268;4640;CAACCTTTTCCT;12;10919;6;CCCCTAACAA;10;10936;D.I_ID;0
Homo_sapiens;CTTACACCTA;10;6349;397;TTTATCGTGTGA;12;6755;5281;TCACACGAGAAA;12;12047;14;CATACACCTA;10;12072;D.I_ID;0
Homo_sapiens;ATTTCATCAC;10;6390;4;AATTATCAATAT;12;6403;884;ATATTAATAATT;12;7298;225;ATTTCATAAC;10;7534;DI_I.D;0
Homo_sapiens;ATAAAACCCC;10;6413;63;CTTCTCCTATCT;12;6485;8098;AAATAGGAGAAG;12;14594;8;AGAAAACCCC;10;14613;D.I_ID;0
Homo_sapiens;TCCTAATCAC;10;6465;11;CTTCTCCTATCT;12;6485;8098;AAATAGGAGAAG;12;14594;268;TCCAAATCAC;10;14873;DI_I.D;0
Homo_sapiens;CCCGCCGGAG;10;6566;347;AGCCCTAGGATT;12;6922;1631;AATCCTAGGCCT;12;8564;2;CCCGCCGCAG;10;8577;D.I_ID;0
Homo_sapiens;ACACCTATTC;10;6598;148;TTTATCGTGTGA;12;6755;5281;TCACACGAGAAA;12;12047;17;ACACCTATCC;10;12075;D.I_ID;0
Homo_sapiens;TATCAATTGG;10;6735;11;TTTATCGTGTGA;12;6755;5281;TCACACGAGAAA;12;12047;226;TATCCATTGG;10;12284;DI_I.D;0
Homo_sapiens;GCACACCATA;10;6767;83;AGTATTTAGCTG;12;6859;1501;CAACTAAATACT;12;8371;9;GCCCACCATA;10;8391;D.I_ID;0
Homo_sapiens;CTACCATAAT;10;6825;25;AGTATTTAGCTG;12;6859;1501;CAACTAAATACT;12;8371;11;CCACCATAAT;10;8393;D.I_ID;0
Homo_sapiens;CTTTTTCAAA;10;7507;90;GGTCTACAAGAC;12;7606;8297;GTCTTGTAAACC;12;15914;13;CTTTTTCCAA;10;15938;D.I_ID;0
Homo_sapiens;AAAACCATTT;10;7528;69;GGTCTACAAGAC;12;7606;8297;GTCTTGTAAACC;12;15914;8;AAAACCTTTT;10;15933;D.I_ID;0
Homo_sapiens;CCCCTAACAG;10;9254;3;GCCCTCTCAGCC;12;9266;3485;GGCTGAGAGGGC;12;12762;355;CCCCTAGCAG;10;13128;DI_I.D;0
Homo_sapiens;AATCAACACC;10;10081;14;TACTAATAATTA;12;10104;738;TAATTATTAGCA;12;10853;26;AATCAACAAC;10;10890;DI_I.D;0
Homo_sapiens;ATCAACACCC;10;10082;13;TACTAATAATTA;12;10104;738;TAATTATTAGCA;12;10853;288;ATCATCACCC;10;11152;DI_I.D;0
Homo_sapiens;TCAACACCCT;10;10083;12;TACTAATAATTA;12;10104;738;TAATTATTAGCA;12;10853;346;TCTACACCCT;10;11210;DI_I.D;0
Homo_sapiens;CACCCTCCTA;10;10087;8;TACTAATAATTA;12;10104;738;TAATTATTAGCA;12;10853;83;CCCCCTCCTA;10;10947;DI_I.D;0
Homo_sapiens;CCTCAACCCC;10;12102;13;GGGTTTTCCTCT;12;12124;2475;AGAAGAAAACCC;12;14610;300;CCTCAACCGC;10;14921;DI_I.D;0
Homo_sapiens;CAACCCCGAC;10;12105;10;GGGTTTTCCTCT;12;12124;2475;AGAAGAAAACCC;12;14610;69;CAACCACGAC;10;14690;DI_I.D;0
Homo_sapiens;CACAAACGCC;10;13544;399;TCTAGGCCTTCT;12;13952;638;AGAAGGCTTAGA;12;14601;10;CACAAACCCC;10;14622;D.I_ID;0
Homo_sapiens;CCCTTACTAA;10;13651;292;TCTAGGCCTTCT;12;13952;638;AGAAGGCTTAGA;12;14601;18;CCATTACTAA;10;14630;D.I_ID;0
Homo_sapiens;ATAACCCCAC;10;13672;271;TCTAGGCCTTCT;12;13952;638;AGAAGGCTTAGA;12;14601;3;AAAACCCCAC;10;14615;D.I_ID;0
Homo_sapiens;AAATCCCCAC;10;13875;68;TCTAGGCCTTCT;12;13952;638;AGAAGGCTTAGA;12;14601;3;AAAACCCCAC;10;14615;D.I_ID;0
Homo_sapiens;CACAATCCCC;10;13940;3;TCTAGGCCTTCT;12;13952;638;AGAAGGCTTAGA;12;14601;10;CACAAACCCC;10;14622;DI_I.D;0
Homo_sapiens;CACAATCCCC;10;13940;3;TCTAGGCCTTCT;12;13952;638;AGAAGGCTTAGA;12;14601;10;CACAAACCCC;10;14622;D.I_ID;0
Homo_sapiens;ACTAAAACAC;10;14392;330;ACTACAAGAACA;12;14731;1144;TGTCCTTGTAGT;12;15886;5;ACTAATACAC;10;15902;D.I_ID;0
Homo_sapiens;GATATGAAAA;10;14704;18;ACTACAAGAACA;12;14731;1144;TGTCCTTGTAGT;12;15886;30;GAGATGAAAA;10;15927;DI_I.D;0
Homo_sapiens;CCTTCCCCCG;10;3163;54;TTTGTTAAGATG;12;3226;13608;CATCATAACAAA;12;16845;19;CCCTCCCCCG;10;16875;D.I_ID;0
Homo_sapiens;CCCAAGAACA;10;3213;4;TTTGTTAAGATG;12;3226;13608;CATCATAACAAA;12;16845;66;CCCAAAAACA;10;16922;DI_I.D;0
Homo_sapiens;CACACCCACC;10;3205;12;TTTGTTAAGATG;12;3226;13608;CATCATAACAAA;12;16845;228;CACACACACC;10;17084;DI_I.D;0
Homo_sapiens;TACTAAACCC;10;13684;390;TAATTAAACTTT;12;14083;3318;AAAGTTTAACTA;12;17412;6;TACTAACCCC;10;17429;D.I_ID;0
Homo_sapiens;CCCCATTAAA;10;13691;321;ACCTAAAACAAT;12;14021;3478;AGTGTTTTAGAT;12;17510;9;CCCCAATAAA;10;17530;D.I_ID;0
Homo_sapiens;TCATCACCTC;10;14059;15;TAATTAAACTTT;12;14083;3318;AAAGTTTAACTA;12;17412;380;TCACCACCTC;10;17803;DI_I.D;0
Homo_sapiens;AATATGAAAA;10;5803;141;ACTATACCTATT;12;5953;12376;AATAGATATAGT;12;18340;12;AAGATGAAAA;10;18363;D.I_ID;0
Homo_sapiens;TTAGCACCCA;10;15982;12;CTAATTTAAACT;12;16003;2599;ACTTTAAATTTG;12;18613;102;TTAACACCCA;10;18726;DI_I.D;0
Homo_sapiens;ATCACCCGAT;10;11155;3;GGCAACCAGCCA;12;11167;7403;TAGCTGGTTGTC;12;18581;254;ATCACCCTAT;10;18846;DI_I.D;0
Homo_sapiens;AATTCCCCCC;10;12380;14;TCGTTAACCCTA;12;12403;7127;TAGGGTTTACGA;12;19541;128;AATTCCTCCC;10;19680;DI_I.D;0
Homo_sapiens;TACTACACAA;10;15412;17;CTTACTTCTCTT;12;15438;4254;AAGAGAAATAAG;12;19703;4;TACTTCACAA;10;19718;DI_I.D;0
Homo_sapiens;TACTACACAA;10;15412;17;CTTACTTCTCTT;12;15438;4254;AAGAGAAATAAG;12;19703;4;TACTTCACAA;10;19718;D.I_ID;0
Homo_sapiens;CAAATGCCCC;10;10466;245;ATATGGCCTAGA;12;10720;9224;TCTAGGCTATAT;12;19955;10;CAAAGGCCCC;10;19976;D.I_ID;0
Homo_sapiens;CCATAAAAAT;10;8486;10;TAACAAACCCTG;12;8505;11274;CAGGGTTTGTTA;12;19790;228;CCATAAAACT;10;20029;DI_I.D;0
Homo_sapiens;CATCGCCCTT;10;5455;117;ACAGCTAAGGAC;12;5581;14507;GACCTTAGCTCT;12;20099;4;CATCGCTCTT;10;20114;D.I_ID;0
Homo_sapiens;AATCCCCTGG;10;4472;17;CTCTACCATCTT;12;4498;15292;AAGATGGCAGAG;12;19801;339;AACCCCCTGG;10;20151;DI_I.D;0
Homo_sapiens;CCCCATTATT;10;7955;291;TATTTACCCTAT;12;8255;12595;ATAGAGTAAATA;12;20861;14;CCCCCTTATT;10;20886;D.I_ID;0
Homo_sapiens;CCCATCGCTG;10;11428;261;ATTCTCATAATC;12;11698;9192;GACTATGAGAAT;12;20901;5;CCCATCCCTG;10;20917;D.I_ID;0
Homo_sapiens;ATACCTTTCC;10;13482;252;AACAACATTTCC;12;13743;7254;GAAAATGTTGGT;12;21008;2;ATACCCTTCC;10;21021;D.I_ID;0
Homo_sapiens;CCCTTACTAA;10;13651;83;AACAACATTTCC;12;13743;7254;GAAAATGTTGGT;12;21008;10;CCCGTACTAA;10;21029;D.I_ID;0
Homo_sapiens;ATTTTTTAAC;10;10878;15;CCTATTTAGCTG;12;10902;10065;CAGCTAAATAAG;12;20978;126;ATTTTTTACC;10;21115;DI_I.D;0
Homo_sapiens;ATCGCTATCC;10;6836;16;TATTTAGCTGAC;12;6861;14104;GTCAGCTAAATA;12;20976;264;ATAGCTATCC;10;21251;DI_I.D;0
Homo_sapiens;ATTAAACCCA;10;14512;400;CCTCAACCGCCT;12;14921;6597;AGGCAGTTGAGG;12;21529;4;ATTAAACCAA;10;21544;D.I_ID;0
Homo_sapiens;ACTAAACCCA;10;14635;277;CCTCAACCGCCT;12;14921;6597;AGGCAGTTGAGG;12;21529;9;ACCAAACCCA;10;21549;D.I_ID;0
Homo_sapiens;AACTTAGCAT;10;8306;16;AAGATTAAGAGA;12;8331;13163;TCTCTCAATCTT;12;21505;53;ATCTTAGCAT;10;21569;DI_I.D;0
Homo_sapiens;ACTACTCACC;10;14906;6;CCTCAACCGCCT;12;14921;6597;AGGCAGTTGAGG;12;21529;148;ACTACTCAAC;10;21688;DI_I.D;0
Homo_sapiens;ATCAACCCTC;10;16215;9;CACATCAACTGC;12;16233;5287;GCAGTTGAGGTG;12;21531;230;ATCCACCCTC;10;21772;DI_I.D;0
Homo_sapiens;CTACTTCTCC;10;12584;2;TAATATTCATCC;12;12595;8993;GGATGAATAATA;12;21599;297;CTACTTCTAC;10;21907;DI_I.D;0
Homo_sapiens;TACTAAACCC;10;13684;198;CATTTTATTTCT;12;13891;8068;AAAAATAAAATG;12;21970;13;TACAAAACCC;10;21994;D.I_ID;0
Homo_sapiens;AACCCCACCC;10;13674;208;CATTTTATTTCT;12;13891;8068;AAAAATAAAATG;12;21970;17;AAACCCACCC;10;21998;D.I_ID;0
Homo_sapiens;TAACCGCTAA;10;9004;8;GCAGGCCACCTA;12;9021;12757;TAGGAGGCCTGC;12;21789;348;TAACAGCTAA;10;22148;DI_I.D;0
Homo_sapiens;CCTTCTTATT;10;10239;19;CCTCCTTTTACC;12;10267;12117;GGTAAAAAGAGG;12;22395;167;CCTCCTTATT;10;22573;DI_I.D;0
Homo_sapiens;CCCCCATAAA;10;14587;5;AGAAGGCTTAGA;12;14601;7955;TCTAAGCCTCCT;12;22567;177;CCCGCATAAA;10;22755;DI_I.D;0
Homo_sapiens;TATCCTCCCT;10;10548;362;CAACCTTTTCCT;12;10919;11907;AGGAACAGGTTG;12;22837;8;TACCCTCCCT;10;22856;D.I_ID;0
Homo_sapiens;TAACAGCAGT;10;7287;2;ATATTAATAATT;12;7298;15663;AATTATCAATAT;12;22972;57;TCACAGCAGT;10;23040;DI_I.D;0
Homo_sapiens;TATCAATAGG;10;7044;64;AGACCAAACCTA;12;7117;16155;TAGGTATGGTCT;12;23283;10;TATCAATTGG;10;23304;D.I_ID;0
Homo_sapiens;ACATATTTAC;10;11984;54;TCACACGAGAAA;12;12047;11266;TTTATCGTGTGA;12;23324;8;ATATATTTAC;10;23343;D.I_ID;0
Homo_sapiens;CTTGCCCTAT;10;15619;286;GTCTTGTAAACC;12;15914;8250;GGTCTACAAGAC;12;24175;5;CTTCCCCTAT;10;24191;D.I_ID;0
Homo_sapiens;GAAGGCCCCA;10;13047;357;GGAGGACTACTC;12;13413;11151;GAGTAGTACTCC;12;24575;6;GAAGCCCCCA;10;24592;D.I_ID;0
Homo_sapiens;AAATGATAAC;10;8692;51;TCATTTTTATTG;12;8752;16292;CCATAAAAATAA;12;25055;2;AAATTATAAC;10;25068;D.I_ID;0
Homo_sapiens;ACCGAAACCA;10;9669;346;ATTAACTAGTTT;12;10024;15477;ATACTAGTTATT;12;25512;1;ATCGAAACCA;10;25524;D.I_ID;0
Homo_sapiens;TTAACTTCCA;10;10014;1;ATTAACTAGTTT;12;10024;15477;ATACTAGTTATT;12;25512;355;TTCACTTCCA;10;25878;DI_I.D;0
Homo_sapiens;TTACTACCAC;10;10789;55;TAATTATTAGCA;12;10853;15809;TACTAATAATTA;12;26673;9;TGACTACCAC;10;26693;D.I_ID;0
Homo_sapiens;AAAACTAACC;10;14761;4;TAATAAAATTAA;12;14774;11854;TTAATTTTAATA;12;26639;217;ACAACTAACC;10;26867;DI_I.D;0
Homo_sapiens;ATCCTCCATA;10;15661;15;AGCATAATATTT;12;15685;11359;AAATATTATACT;12;27055;52;ATCCTCCCTA;10;27118;DI_I.D;0
Homo_sapiens;CATCATTCCC;10;14481;14;AAAAAACTATTA;12;14504;13873;TAATAGCTTTTT;12;28388;284;CATCATTACC;10;28683;DI_I.D;0
Homo_sapiens;CCCCATAAAT;10;14588;13;AGAAGAAAACCC;12;14610;14072;GGGTTTTCCTCT;12;28693;166;CCCCAAAAAT;10;28870;DI_I.D;0
Homo_sapiens;TACCCACCCT;10;16287;17;ATAAAGCCATTT;12;16313;12496;ACATGGCTTTCT;12;28820;93;TAACCACCCT;10;28924;DI_I.D;0
Homo_sapiens;CCCACCCTTA;10;16289;15;ATAAAGCCATTT;12;16313;12496;ACATGGCTTTCT;12;28820;125;CCCATCCTTA;10;28956;DI_I.D;0
Homo_sapiens;AAACCCCCAT;10;14584;17;AGAAGAAAACCC;12;14610;14072;GGGTTTTCCTCT;12;28693;293;ATACCCCCAT;10;28997;DI_I.D;0
Homo_sapiens;CTACTCAGAA;10;15069;255;CCTCCTATTCTT;12;15333;14631;AAAAATAGGAGG;12;29975;2;CTACTCAAAA;10;29988;D.I_ID;0
Homo_sapiens;TCAATACTAA;10;14576;20;GGCTTAGAAGAA;12;14605;15288;TTCTTCAAAGCC;12;29904;389;TCATTACTAA;10;30304;DI_I.D;0
Homo_sapiens;CAGCCCTAGC;10;15314;10;CCTCCTATTCTT;12;15333;14631;AAAAATAGGAGG;12;29975;384;CAGCCCTCGC;10;30370;DI_I.D;0
Homo_sapiens;AACCTCCCCC;10;14525;67;AGAAGGCTTAGA;12;14601;15909;TCTAGGCCTTCT;12;30521;11;AACCTGCCCC;10;30543;D.I_ID;0
Homo_sapiens;AATACTCAAA;10;15870;7;TGTCCTTGTAGT;12;15886;15403;ACTACAAGAACA;12;31300;12;AATACGCAAA;10;31323;DI_I.D;0
Homo_sapiens;AATACTCAAA;10;15870;7;TGTCCTTGTAGT;12;15886;15403;ACTACAAGAACA;12;31300;12;AATACGCAAA;10;31323;D.I_ID;0
Homo_sapiens;AACCTGAATC;10;15750;48;ATCCGTACTATA;12;15807;15801;TATATTACGGAT;12;31619;17;AACCTGAAAC;10;31647;D.I_ID;0
