Spece;DirectRepeat1.Motiv;DirectRepeat1.Length;DirectRepeat1.Location;LengthOfInterval1;InvertedRepeat1.Motiv;InvertedRepeat1.Length;InvertedRepeat1.Location;LengthOfInterval2;InvertedRepeat2.Motiv;InvertedRepeat2.Length;InvertedRepeat2.Location;LengthOfInterval3;DirectRepeat2.Motiv;DirectRepeat2.Length;DirectRepeat2.Location;DIIDtype;G4
Homo_sapiens;CTATGTCGCA;10;113;293;TGCACTTTTA;10;415;1509;TAAAAGAGCA;10;1933;8;CTATGTAGCA;10;1950;D.I_ID;0
Homo_sapiens;ATACTTACTA;10;190;4;TGTGTTAATT;10;203;10618;AATCAACACA;10;10830;118;ATACTAACTA;10;10957;DI_I.D;0
Homo_sapiens;ACAGACATCA;10;271;5;AAAAAATTTC;10;285;9179;GAAGTTTTTT;10;9473;78;ACAGGCATCA;10;9560;DI_I.D;0
Homo_sapiens;CAAAAAATTT;10;284;76;CCTAACACCA;10;369;11913;TGGTCTTAGG;10;12291;3;CCAAAAATTT;10;12303;D.I_ID;0
Homo_sapiens;CAAAAAATTT;10;284;76;CCTAACACCA;10;369;11913;TGGTCTTAGG;10;12291;4;CAAAAATTTT;10;12304;D.I_ID;0
Homo_sapiens;TCCCATACTA;10;465;205;TTAGTAAGAT;10;679;12014;ATCTTCCTAA;10;12702;2;TACCATACTA;10;12713;D.I_ID;0
Homo_sapiens;GCTAACCCCA;10;528;112;TAGGTTTGGT;10;649;13707;ACCAATCCTA;10;14365;9;GCTAACCCCA;10;14383;D.I_ID;0
Homo_sapiens;CCAAACCCCA;10;551;112;TTAGCTCTTA;10;672;4898;TAACAGCTAA;10;5579;7;CAAAACCCCA;10;5595;D.I_ID;0
Homo_sapiens;CTCACATCAC;10;627;289;AGAAGCCGGC;10;925;3914;GCCTGCTTCT;10;4848;2;CTCACATGAC;10;4859;D.I_ID;0
Homo_sapiens;ACATCACCCC;10;630;9;ATAGGTTTGG;10;648;1577;CCAAACATAT;10;2234;263;ACATCACCTC;10;2506;DI_I.D;0
Homo_sapiens;CATCACCCCA;10;631;10;AGGTTTGGTC;10;650;13336;GACCTAACCT;10;13995;56;CATCACCTCA;10;14060;DI_I.D;0
Homo_sapiens;ACCCCATAAA;10;635;7;GGTTTGGTCC;10;651;7525;GGAGCAAACC;10;8185;289;AGCCCATAAA;10;8483;DI_I.D;0
Homo_sapiens;CCCATAAACA;10;637;4;AGGTTTGGTC;10;650;13336;GACCTAACCT;10;13995;222;CCCATAATCA;10;14226;DI_I.D;0
Homo_sapiens;CATAAACAAA;10;639;1;TAGGTTTGGT;10;649;12640;ACCACACCTA;10;13298;233;CATACACAAA;10;13540;DI_I.D;0
Homo_sapiens;CATAAACAAA;10;639;1;TAGGTTTGGT;10;649;13707;ACCAATCCTA;10;14365;278;CAGAAACAAA;10;14652;DI_I.D;0
Homo_sapiens;ACCACGATCA;10;734;282;AAGTGGCTTT;10;1025;9966;AACGCCACTT;10;11000;10;ACCACTATCA;10;11019;D.I_ID;0
Homo_sapiens;CAAAAGGAAC;10;742;118;CAGGGTTGGT;10;869;7629;ACAAACCCTG;10;8507;6;CAAAATGAAC;10;8522;D.I_ID;0
Homo_sapiens;AAACGCTTAG;10;781;237;GTGGCTTTAA;10;1027;4635;TTAAACCCAC;10;5671;1;AAACACTTAG;10;5681;D.I_ID;0
Homo_sapiens;CCTAGCCACA;10;791;118;AGTCAATAGA;10;918;14789;TTTATTGACT;10;15716;1;CCTAGCCGCA;10;15726;D.I_ID;0
Homo_sapiens;CTATACTAAC;10;857;2;CCAGGGTTGG;10;868;5435;CCCACCCTGG;10;6312;269;CTATACCAAC;10;6590;DI_I.D;0
Homo_sapiens;AAGCCGGCGT;10;927;3;AGAGTGTTTT;10;939;1369;AAAACATTCT;10;2317;10;AAGCCTGCGT;10;2336;DI_I.D;0
Homo_sapiens;AAGCCGGCGT;10;927;3;AGAGTGTTTT;10;939;1369;AAAACATTCT;10;2317;10;AAGCCTGCGT;10;2336;D.I_ID;0
Homo_sapiens;TCACCCCCTC;10;952;6;TAAAGCTAAA;10;967;4875;TTTAGATTTA;10;5851;31;TCACCCCCAC;10;5891;DI_I.D;0
Homo_sapiens;AACTCACCTG;10;976;2;GTTGTAAAAA;10;987;9037;TTTTGACAAC;10;10033;258;AACTAACCTG;10;10300;DI_I.D;0
Homo_sapiens;CTTAGCCCTA;10;1092;10;AGTTAAATCA;10;1111;2738;TGATTTATCT;10;3858;95;CTTCGCCCTA;10;3962;DI_I.D;0
Homo_sapiens;CCTCAACAGT;10;1104;9;CAAAACTGCT;10;1122;14906;AGCAGATTTG;10;16037;248;CCTTAACAGT;10;16294;DI_I.D;0
Homo_sapiens;CTTCATATCC;10;1181;4;TAGAGGAGCC;10;1194;2574;GGCTCCTTTA;10;3777;188;CTTCATAGCC;10;3974;DI_I.D;0
Homo_sapiens;CATATCCCTC;10;1184;5;GGAGCCTGTT;10;1198;10364;AACAAGCTCC;10;11571;57;CATAGCCCTC;10;11637;DI_I.D;0
Homo_sapiens;ATCAACCTCA;10;1227;40;ACCCTGATGA;10;1276;2372;TGATCAGGGT;10;3657;5;ATCAAACTCA;10;3671;D.I_ID;0
Homo_sapiens;AGCCTATATA;10;1250;203;GGCCCTGAAG;10;1462;15039;CTTCAGGGTC;10;16510;5;AGCCTAAATA;10;16524;D.I_ID;0
Homo_sapiens;CAAACCCTGA;10;1273;158;AGTAGAGTGC;10;1440;10895;GCACACTACT;10;12344;10;CTAACCCTGA;10;12363;D.I_ID;0
Homo_sapiens;CAAACCCTGA;10;1273;285;TGGTAAGTGT;10;1567;12822;ACACTCACCA;10;14398;7;CAACCCCTGA;10;14414;D.I_ID;0
Homo_sapiens;ATAGCCCTTA;10;1389;5;ACTTAAGGGT;10;1403;3779;ACCCTTAATT;10;5191;256;ATCGCCCTTA;10;5456;DI_I.D;0
Homo_sapiens;ATTTAGCAGT;10;1422;6;AAGAGTAGAG;10;1437;9425;CTCTACTATT;10;10871;25;ATTTAGCTGT;10;10905;DI_I.D;0
Homo_sapiens;TTAGCAGTAA;10;1424;175;TAGCTTAACA;10;1608;6680;TGTAAAGCTA;10;8297;3;TTAGCATTAA;10;8309;D.I_ID;0
Homo_sapiens;TAGCAGTAAA;10;1425;8;TAGAGTGCTT;10;1442;11631;AAGCACTATA;10;13082;41;TAGCAGAAAA;10;13132;DI_I.D;0
Homo_sapiens;CAGTAAACTA;10;1428;10;TGCTTAGTTG;10;1447;14223;CAACAAAGCA;10;15679;82;CAGTAAGCTA;10;15770;DI_I.D;0
Homo_sapiens;TAAACTAAGA;10;1431;7;TGCTTAGTTG;10;1447;14223;CAACAAAGCA;10;15679;211;TAAACTAATA;10;15899;DI_I.D;0
Homo_sapiens;AAGTGTACTG;10;1571;97;CTAGCCCCAA;10;1677;14781;TTGGGGGTAG;10;16467;4;AAGTGAACTG;10;16480;D.I_ID;0
Homo_sapiens;AAAGTGCACT;10;1582;86;CTAGCCCCAA;10;1677;14781;TTGGGGGTAG;10;16467;3;AAAGTGAACT;10;16479;D.I_ID;0
Homo_sapiens;CTTGGACGAA;10;1590;4;GAGTGTAGCT;10;1603;13709;AGCAACACTC;10;15321;12;CTTGCACGAA;10;15342;DI_I.D;0
Homo_sapiens;ACTTGACCGC;10;1655;113;TATAGTACCG;10;1777;14341;CGGTACCATA;10;16127;4;ACTTGACCAC;10;16140;D.I_ID;0
Homo_sapiens;AGACAACCTT;10;1707;59;GATATAGTAC;10;1775;12677;GTAGTATATC;10;14461;4;AGACAACCAT;10;14474;D.I_ID;0
Homo_sapiens;ACCATTTACC;10;1723;82;AGCATAATAT;10;1814;8665;ATATTATACT;10;10488;1;AGCATTTACC;10;10498;D.I_ID;0
Homo_sapiens;CCCAAATAAA;10;1731;50;GGGAAAGATG;10;1790;12682;CATCATTCCC;10;14481;1;CCTAAATAAA;10;14491;D.I_ID;0
Homo_sapiens;CCCAAATAAA;10;1731;274;GCTGGTTGTC;10;2014;12452;GACAACCATC;10;14475;7;CCTAAATAAA;10;14491;D.I_ID;0
Homo_sapiens;AATTGAAACC;10;1755;246;GATAGCTGGT;10;2010;13824;ACCAACTATC;10;15843;6;AATTGAAAAC;10;15858;D.I_ID;0
Homo_sapiens;TAGATATAGT;10;1773;12;AAGATGAAAA;10;1794;10324;TTTTCCTCTT;10;12127;2;TAAATATAGT;10;12138;D.I_ID;0
Homo_sapiens;TAGTACCGCA;10;1779;1;AGGGAAAGAT;10;1789;3103;ATCTCTCCCT;10;4901;194;TACTACCGCA;10;5104;DI_I.D;0
Homo_sapiens;AAAAATTATA;10;1800;5;AGCATAATAT;10;1814;8665;ATATTATACT;10;10488;282;AACAATTATA;10;10779;DI_I.D;0
Homo_sapiens;CTTCTGCATA;10;1845;6;TTAACTAGAA;10;1860;4173;TTCTAGGTAA;10;6042;49;CTTCTTCATA;10;6100;DI_I.D;0
Homo_sapiens;GAGCCAAAGC;10;1885;274;AGTAGGCCTA;10;2168;11777;TAGGCCTTCT;10;13954;4;GAGCCAAAAC;10;13967;D.I_ID;0
Homo_sapiens;AACCAGACGA;10;1907;208;CTAGGAAAAA;10;2124;5827;TTATTCCTAG;10;7960;1;AACCAGGCGA;10;7970;D.I_ID;0
Homo_sapiens;ATCCCAAACA;10;2231;174;CTCACTGTCA;10;2414;10108;TGACACTGAG;10;12531;5;AACCCAAACA;10;12545;D.I_ID;0
Homo_sapiens;TATCACCCTA;10;2276;9;CTAATGTTAG;10;2294;11164;CTAGCATTAG;10;13467;143;TCTCACCCTA;10;13619;DI_I.D;0
Homo_sapiens;TATAGAAGAA;10;2284;6;GTTAGTATAA;10;2299;2786;TTATCCTAAC;10;5094;163;TATCGAAGAA;10;5266;DI_I.D;0
Homo_sapiens;TACCCTCACT;10;2410;184;ACTTGTTCCT;10;2603;3656;AGGAACAGGT;10;6268;10;TACCCTCCCT;10;6287;D.I_ID;0
Homo_sapiens;CCTCACTGTC;10;2413;236;CTTACTTTTA;10;2658;2247;TAAACGTAAG;10;4914;7;CCTCACTCTC;10;4930;D.I_ID;0
Homo_sapiens;TCTTACTTTT;10;2657;299;TCAACAATAG;10;2965;6999;CTATTGATGA;10;9973;4;TCTTACTCTT;10;9986;D.I_ID;0
Homo_sapiens;AAAGCGAACT;10;2872;5;TACTCAATTG;10;2886;5106;CAATCGAGTA;10;8001;290;AAAGCTAACT;10;8300;DI_I.D;0
Homo_sapiens;GTGATCTGAG;10;3060;7;CCGGAGTAAT;10;3076;3596;ACTACTCCGG;10;6681;224;GTGCTCTGAG;10;6914;DI_I.D;0
Homo_sapiens;GGCCTACTTC;10;3145;80;GATGGCAGAG;10;3234;1593;CTCTGACATC;10;4836;2;GGCCTGCTTC;10;4847;D.I_ID;0
Homo_sapiens;TACTTCACAA;10;3149;36;AGTATTATAC;10;3194;4833;GTATAATAAT;10;8036;1;TACATCACAA;10;8046;D.I_ID;0
Homo_sapiens;AATGATATCA;10;3175;236;GTTGTAGGCC;10;3420;11255;GGACTACAAC;10;14684;8;AATGATATGA;10;14701;D.I_ID;0
Homo_sapiens;TATCATCTCA;10;3180;4;TAGTATTATA;10;3193;7287;TATTATACTA;10;10489;6;TACCATCTCA;10;10504;DI_I.D;0
Homo_sapiens;TATCATCTCA;10;3180;4;TAGTATTATA;10;3193;7287;TATTATACTA;10;10489;6;TACCATCTCA;10;10504;D.I_ID;0
Homo_sapiens;TCATCTCAAC;10;3182;235;GGCCCCTACG;10;3426;2941;CTTAGGGGCC;10;6376;8;TCATCACAAC;10;6393;D.I_ID;0
Homo_sapiens;TCATCTCAAC;10;3182;291;GCCCCTAAAA;10;3482;2884;TCTTAGGGGC;10;6375;9;TCATCACAAC;10;6393;D.I_ID;0
Homo_sapiens;ACTACGCAAA;10;3401;10;GTTGTAGGCC;10;3420;11255;GGACTACAAC;10;14684;61;AATACGCAAA;10;14754;DI_I.D;0
Homo_sapiens;CAAAGGCCCC;10;3407;10;GGCCCCTACG;10;3426;2941;CTTAGGGGCC;10;6376;55;CAAACGCCCC;10;6440;DI_I.D;0
Homo_sapiens;CATCGCTCTT;10;3545;1;CTACTATGAA;10;3555;6659;TTCTTAGTAG;10;10223;94;CATCCCTCTT;10;10326;DI_I.D;0
Homo_sapiens;CTCTTCTACT;10;3550;96;TCTGATCAGG;10;3655;8254;CCTGATCAAA;10;11918;6;CTCTCCTACT;10;11933;D.I_ID;0
Homo_sapiens;TCAACCTCAA;10;3592;4;AGGCCTCCTA;10;3605;1606;TAGGAGGCCT;10;5220;134;TCCACCTCAA;10;5363;DI_I.D;0
Homo_sapiens;AGGCCTCCTA;10;3605;8;TAGCCACCTC;10;3622;11608;GAGGAGGCTA;10;15239;238;AGACCTCCTA;10;15486;DI_I.D;0
Homo_sapiens;CTCCTATTTA;10;3609;37;TCTGATCAGG;10;3655;8254;CCTGATCAAA;10;11918;8;CTCCTACTTA;10;11935;D.I_ID;0
Homo_sapiens;TAGCCCAAAC;10;3712;116;TCATGACCCT;10;3837;12668;AGGGTCATAA;10;16514;9;TAGCCCACAC;10;16532;D.I_ID;0
Homo_sapiens;CATCATTCTA;10;3746;14;TAATAAGTGG;10;3769;6552;CCTCTTATTA;10;10330;3;CATCATCCTA;10;10342;D.I_ID;0
Homo_sapiens;TTCTACTATC;10;3751;9;TAATAAGTGG;10;3769;7616;CCACTTATGA;10;11394;140;TTGTACTATC;10;11543;DI_I.D;0
Homo_sapiens;ACAACACAAG;10;3804;5;CCTCTGATTA;10;3818;2296;TAATCGGAGG;10;6123;63;ACAACATAAG;10;6195;DI_I.D;0
Homo_sapiens;AACTAGTCTC;10;3922;299;ATTACAATCT;10;4230;11759;AGATTCTAAT;10;15998;4;AACTATTCTC;10;16011;D.I_ID;0
Homo_sapiens;TCGCCCTATT;10;3964;6;TAGCCGAATA;10;3979;11581;TATTCGCCTA;10;15569;42;TTGCCCTATT;10;15620;DI_I.D;0
Homo_sapiens;TCGCCCTATT;10;3964;190;ACACCTCCTA;10;4163;11436;TAGGAGGCGT;10;15608;3;TTGCCCTATT;10;15620;D.I_ID;0
Homo_sapiens;CTATTCTTCA;10;3969;1;TAGCCGAATA;10;3979;11581;TATTCGCCTA;10;15569;236;CTATACTTCA;10;15814;DI_I.D;0
Homo_sapiens;CTTCATAGCC;10;3974;10;AACATTATTA;10;3993;1497;TAATAATCTT;10;5499;33;CTTCAAAGCC;10;5541;DI_I.D;0
Homo_sapiens;ATAAACACCC;10;4005;8;TACAATCTTC;10;4022;12086;GAATATTGTA;10;16117;33;ATAAAAACCC;10;16159;DI_I.D;0
Homo_sapiens;AAACACCCTC;10;4007;6;TACAATCTTC;10;4022;12086;GAATATTGTA;10;16117;54;AAACCCCCTC;10;16180;DI_I.D;0
Homo_sapiens;CCTGAACTCT;10;4059;5;AACATATTTT;10;4073;4451;AAAATCTGTT;10;8533;183;CCTGATCTCT;10;8725;DI_I.D;0
Homo_sapiens;AACTCTACAC;10;4063;5;TATTTTGTCA;10;4077;7430;TGACAAAACA;10;11516;280;AACTCTACTC;10;11805;DI_I.D;0
Homo_sapiens;TAACCTCCCT;10;4102;1;GTTCTTATGA;10;4112;8093;TCACAAGAAC;10;12214;132;TAACCACCCT;10;12355;DI_I.D;0
Homo_sapiens;TTCGAACAGC;10;4123;36;TCCTATGAAA;10;4168;9640;TTTCCTAGGA;10;13817;2;TTCTAACAGC;10;13828;D.I_ID;0
Homo_sapiens;ATATGATATG;10;4209;4;CCATACCCAT;10;4222;2482;ATAGGTATGG;10;6713;172;ATATGAAATG;10;6894;DI_I.D;0
Homo_sapiens;ATTACAATCT;10;4230;114;CCCTGAGAAT;10;4353;10800;ATTCTGAGGG;10;15162;10;ATTACAAACT;10;15181;D.I_ID;0
Homo_sapiens;CCCCCTTATT;10;4317;4;AGGACTATGA;10;4330;3460;TCCTAGTCCT;10;7799;147;CCCCATTATT;10;7955;DI_I.D;0
Homo_sapiens;CCCCCTTATT;10;4317;4;AGGACTATGA;10;4330;3352;TCCTAGTCCT;10;7691;255;CCCCATTATT;10;7955;DI_I.D;0
Homo_sapiens;CCCATACCCC;10;4429;7;GTTGGTTATA;10;4445;7899;TATAACCACC;10;12353;63;CTCATACCCC;10;12425;DI_I.D;0
Homo_sapiens;CCCATACCCC;10;4429;8;TTGGTTATAC;10;4446;7691;GTTTAACCAA;10;12146;270;CTCATACCCC;10;12425;DI_I.D;0
Homo_sapiens;CCCCGAAAAT;10;4435;2;TTGGTTATAC;10;4446;10009;GTATATCCAA;10;14464;57;CCCCCAAAAT;10;14530;DI_I.D;0
Homo_sapiens;ATACCCTTCC;10;4452;213;TCCTTCTAAT;10;4674;8789;ATTAGCAGGA;10;13472;1;ATACCTTTCC;10;13482;D.I_ID;0
Homo_sapiens;GGCCCAACCC;10;4480;59;TTTTTACCTG;10;4548;1267;CTGGTAAAAA;10;5824;3;GGCCTAACCC;10;5836;D.I_ID;0
Homo_sapiens;ACCGCATCCA;10;4661;1;TAATCCTTCT;10;4671;9921;AGAAGGCTTA;10;14601;202;ACCCCATCCA;10;14812;DI_I.D;0
Homo_sapiens;CCATAATCCT;10;4668;35;GGACAATGAA;10;4712;3829;TTCATTGCCC;10;8550;1;CCACAATCCT;10;8560;D.I_ID;0
Homo_sapiens;CCATAATCCT;10;4668;3;TAATAGCTAT;10;4680;9323;AAAGCTATTA;10;14012;206;CCATAATCAT;10;14227;DI_I.D;0
Homo_sapiens;CAATATACTC;10;4699;66;AGCAATAAAA;10;4774;9110;TTTTATTTCT;10;13893;2;CAACATACTC;10;13904;D.I_ID;0
Homo_sapiens;TACTACCAAT;10;4732;6;CTCATCATTA;10;4747;5218;TATTGATGAG;10;9974;118;TACTACTAAT;10;10101;DI_I.D;0
Homo_sapiens;AACTAGGAAT;10;4782;175;TTGAGGTGGA;10;4966;8273;TCCACTTCAA;10;13248;4;AACTAGGACT;10;13261;D.I_ID;0
Homo_sapiens;TAGCCCCCTT;10;4791;271;CATTCTTAAT;10;5071;3806;ATTAAAAATG;10;8886;4;TAGCCCACTT;10;8899;D.I_ID;0
Homo_sapiens;CACCCCTCTG;10;4831;8;GCCTGCTTCT;10;4848;8135;AGCAGCAGGC;10;12992;183;CACCACTCTG;10;13184;DI_I.D;0
Homo_sapiens;CTCTGACATC;10;4836;3;GCCTGCTTCT;10;4848;3111;AGAACCAGGC;10;7968;195;CTCTGAAATC;10;8172;DI_I.D;0
Homo_sapiens;AATCTTATCC;10;4942;179;TAAACTCCAG;10;5130;1485;CTGAAGTTTA;10;6624;2;ATTCTTATCC;10;6635;D.I_ID;0
Homo_sapiens;CATCATAGCA;10;4951;69;AGGATGAATA;10;5029;10594;TATCCATCCT;10;15632;1;CATCCTAGCA;10;15642;D.I_ID;0
Homo_sapiens;CATAGCAGGC;10;4954;10;GGATTAAACC;10;4973;7894;GGTTTCATCC;10;12876;158;CATAGAAGGC;10;13043;DI_I.D;0
Homo_sapiens;ATACTCCTCA;10;5008;294;CATAGCCACC;10;5311;6153;GGCGGCTATG;10;11473;6;ATACGCCTCA;10;11488;D.I_ID;0
Homo_sapiens;CTAACATAAC;10;5061;1;CATTCTTAAT;10;5071;3806;ATTAAAAATG;10;8886;115;CTAACATTAC;10;9010;DI_I.D;0
Homo_sapiens;TATTATCCTA;10;5092;29;TAAACTCCAG;10;5130;1485;CTGAAGTTTA;10;6624;4;TCTTATCCTA;10;6637;D.I_ID;0
Homo_sapiens;CCTACTACTC;10;5116;5;TAAACTCCAG;10;5130;1485;CTGAAGTTTA;10;6624;45;CTTACTACTC;10;6678;DI_I.D;0
Homo_sapiens;CTACTACTCA;10;5117;290;GTTTGAACAT;10;5416;8770;ATGTTCAACC;10;14195;6;CTACTACTAA;10;14210;D.I_ID;0
Homo_sapiens;TAATTCCATC;10;5196;288;TTATACTAAT;10;5493;2530;ATTCGTATAA;10;8032;1;TAATTACATC;10;8042;D.I_ID;0
Homo_sapiens;ATTCACAAAA;10;5275;7;AGCCTCATCA;10;5291;4677;TGATGAGGGT;10;9977;57;ATTCAAAAAA;10;10043;DI_I.D;0
Homo_sapiens;ACAAAACCCA;10;5426;106;CTTCAAAGCC;10;5541;9055;GGCTTAGAAG;10;14605;9;ACAAACCCCA;10;14623;D.I_ID;0
Homo_sapiens;TCATCGCCCT;10;5454;103;TACTTAATTT;10;5566;9204;AAATTAATTA;10;14779;10;TCATCGACCT;10;14798;D.I_ID;0
Homo_sapiens;ACCAAGAGCC;10;5532;207;AAAAGGCGGG;10;5748;4509;CCCTCCTTTT;10;10266;7;ACCATGAGCC;10;10282;D.I_ID;0
Homo_sapiens;TTGCAATACT;10;5560;3;ATTTCTGTAA;10;5572;4899;TTACATAAAT;10;10480;161;TTGCCATACT;10;10650;DI_I.D;0
Homo_sapiens;ACCCCACTCT;10;5599;2;CATCAACTGA;10;5610;7180;TCAGTTGATG;10;12799;248;ACCCCAGTCT;10;13056;DI_I.D;0
Homo_sapiens;CTACTTCTCC;10;5726;37;GTTTGAAGCT;10;5772;6789;AGCTTCAAAC;10;12570;5;CTACTTCTCC;10;12584;D.I_ID;0
Homo_sapiens;TTCCCCGCAT;10;6183;9;TAAGCTTCTG;10;6201;5970;CAGAGGCTTA;10;12180;193;TTCCCCCCAT;10;12382;DI_I.D;0
Homo_sapiens;GCCGGAGCAG;10;6260;7;GTTGAACAGT;10;6276;6467;ACTGTTCATC;10;12752;52;GCCCGAGCAG;10;12813;DI_I.D;0
Homo_sapiens;CCGTAGACCT;10;6327;139;AGCAGTCCTA;10;6475;7338;TAGGACTTCT;10;13822;6;CCCTAGACCT;10;13837;D.I_ID;0
Homo_sapiens;ATCCGTCCTA;10;6460;13;CTACTTCTCC;10;6482;9305;GGACAAGTAG;10;15796;2;ATCCGTACTA;10;15807;D.I_ID;0
Homo_sapiens;CTTCGACCCC;10;6559;7;GGAGGAGACC;10;6575;6433;GGTCTCCACC;10;13017;95;CTTCCACCCC;10;13121;DI_I.D;0
Homo_sapiens;ATGATATCAA;10;6731;279;GTTGTAGCCC;10;7019;7656;GGACTACAAC;10;14684;9;ATGATATGAA;10;14702;D.I_ID;0
Homo_sapiens;ATTTACAGTA;10;6778;250;TATGTCCTAT;10;7037;9260;ATAGTACATA;10;16306;6;ATTTACCGTA;10;16321;D.I_ID;0
Homo_sapiens;ATCTGCTGCA;10;6904;7;TGAGCCCTAG;10;6920;2852;CTACGGCTCA;10;9781;64;ATCTGCTTCA;10;9854;DI_I.D;0
Homo_sapiens;TCACTAGACA;10;6986;154;TCATATTCAT;10;7149;8073;ATGAATCTGA;10;15231;10;TCAGTAGACA;10;15250;D.I_ID;0
Homo_sapiens;TACACGACAC;10;7002;249;TATCATCTGT;10;7260;1421;ACAAATGATA;10;8690;5;TACACAACAC;10;8704;D.I_ID;0
Homo_sapiens;CACTTCCACT;10;7028;9;TCAATAGGAG;10;7046;2223;CTCCTAATGA;10;9278;24;CACTTCCACT;10;9311;DI_I.D;0
Homo_sapiens;ATTTGCCATC;10;7060;227;TAATATTAAT;10;7296;3179;ATAAATATTA;10;10484;8;ATTTACCATC;10;10501;D.I_ID;0
Homo_sapiens;CATAGGAGGC;10;7069;9;CTGATTTCCC;10;7087;5903;GGCAAATCAG;10;12999;35;CATAGAAGGC;10;13043;DI_I.D;0
Homo_sapiens;TCACTGATTT;10;7084;7;TTCTCAGGCT;10;7100;1402;ACCCTGAGAA;10;8511;272;TCACTCATTT;10;8792;DI_I.D;0
Homo_sapiens;AAATCCATTT;10;7134;8;ATATTCATCG;10;7151;8953;CCATGAATAT;10;16113;193;AAAGCCATTT;10;16315;DI_I.D;0
Homo_sapiens;CCTATCATCT;10;7258;1;GTAGGCTCAT;10;7268;1687;ATCAGCCTAC;10;8964;120;CTTATCATCT;10;9093;DI_I.D;0
Homo_sapiens;CCTATCATCT;10;7258;1;GTAGGCTCAT;10;7268;1687;ATCAGCCTAC;10;8964;252;CCTATCATAT;10;9225;DI_I.D;0
Homo_sapiens;CCCTCCATAA;10;7364;9;TGACTATATG;10;7382;1839;CATATAGTAA;10;9230;78;CACTCCATAA;10;9317;DI_I.D;0
Homo_sapiens;ACATAAAATC;10;7431;8;AAAAGGAAGG;10;7448;4080;CCTTCCTTGT;10;11537;54;ACCTAAAATC;10;11600;DI_I.D;0
Homo_sapiens;GCCAACCCCA;10;7485;9;ATGACTTTTT;10;7503;6562;AAAAAGGCAT;10;14074;300;GCTAACCCCA;10;14383;DI_I.D;0
Homo_sapiens;CTTTTTCAAA;10;7507;3;GGTATTAGAA;10;7519;8308;TCCTAATACC;10;15836;93;CTTTTTCCAA;10;15938;DI_I.D;0
Homo_sapiens;CATAACTTTG;10;7538;3;AAAGTTAAAT;10;7550;2318;ATTTCACTTT;10;9877;10;CATCACTTTG;10;9896;DI_I.D;0
Homo_sapiens;CATAACTTTG;10;7538;3;AAAGTTAAAT;10;7550;2318;ATTTCACTTT;10;9877;10;CATCACTTTG;10;9896;D.I_ID;0
Homo_sapiens;CTTCCCCTAT;10;7622;57;GCTTCCTAGT;10;7688;7909;ACTAGGAGGC;10;15606;4;CTTGCCCTAT;10;15619;D.I_ID;0
Homo_sapiens;TCACCTTTCA;10;7646;9;CCCTCATAAT;10;7664;7489;ATTCTGAGGG;10;15162;110;TTACCTTTCA;10;15281;DI_I.D;0
Homo_sapiens;CATCGCCCTC;10;7809;199;CCGATTGAAG;10;8017;3598;CTTCAATCAG;10;11624;4;CATAGCCCTC;10;11637;D.I_ID;0
Homo_sapiens;TAAACCAAAC;10;8120;243;AACTAAATAC;10;8372;2025;GTATATAGTT;10;10406;1;TAAACAAAAC;10;10416;D.I_ID;0
Homo_sapiens;GCCCACCATA;10;8391;10;ATACTCCTTA;10;8410;1204;TCAGGAGTAT;10;9623;12;GCTCACCATA;10;9644;DI_I.D;0
Homo_sapiens;CCAACTAAAA;10;8436;73;GAACCAAAAT;10;8518;3782;ATTTTGGTGC;10;12309;5;CCAAATAAAA;10;12323;D.I_ID;0
Homo_sapiens;CAAACCCTGA;10;8508;1;GAACCAAAAT;10;8518;3782;ATTTTGGTGC;10;12309;45;CTAACCCTGA;10;12363;DI_I.D;0
Homo_sapiens;CAAACCCTGA;10;8508;217;TTATACTAGT;10;8734;3605;ACTACTATAA;10;12348;6;CTAACCCTGA;10;12363;D.I_ID;0
Homo_sapiens;CATTGCCCCC;10;8552;3;AATCCTAGGC;10;8564;4892;GCCTAGCATT;10;13465;274;CATTTCCCCC;10;13748;DI_I.D;0
Homo_sapiens;GACTCCTGCC;10;8782;156;TAGTTATTAT;10;8947;2001;ATACTAACTA;10;10957;4;GACTCCTACC;10;10970;D.I_ID;0
Homo_sapiens;CAACCACCCA;10;8806;47;GTGATTATAG;10;8862;2279;CTATCATCAC;10;11150;10;CAACCAGCCA;10;11169;D.I_ID;0
Homo_sapiens;CCTAGCCATG;10;8828;147;AATAGCCCTG;10;8984;5892;CAGGACTATT;10;14885;1;CCTAGCCATG;10;14895;D.I_ID;0
Homo_sapiens;CTACACCCCT;10;8926;105;ACCTAATTGG;10;9040;3961;CCAATTAGGT;10;13010;1;CTCCACCCCT;10;13020;D.I_ID;0
Homo_sapiens;CCCCTTATCC;10;8931;7;TAGTTATTAT;10;8947;2001;ATACTAACTA;10;10957;38;CCACTTATCC;10;11004;DI_I.D;0
Homo_sapiens;CCATACTAGT;10;8941;6;TCGAAACCAT;10;8956;1463;ATGATTTCGA;10;10428;216;CCATACTAGT;10;10653;DI_I.D;0
Homo_sapiens;CCATACTAGT;10;8941;6;TCGAAACCAT;10;8956;1463;ATGATTTCGA;10;10428;258;CCCTACTAGT;10;10695;DI_I.D;0
Homo_sapiens;CTACTCATTC;10;8970;196;TAGTAAGCCT;10;9175;2087;AGGCTCACTA;10;11271;10;CTACTCACTC;10;11290;D.I_ID;0
Homo_sapiens;ACCTTCCCTC;10;9079;189;CCTCCTAATG;10;9277;4185;CATTAGCAGG;10;13471;4;ACCTTTCCTC;10;13484;D.I_ID;0
Homo_sapiens;CCCTAACAGG;10;9255;10;AGCCCTCCTA;10;9274;4128;TAGGAGGACT;10;13411;204;CCCTAACAGG;10;13624;DI_I.D;0
Homo_sapiens;CACACTAACC;10;9355;8;AATGATGGCG;10;9372;2730;CGACATCATT;10;12111;239;CACCCTAACC;10;12359;DI_I.D;0
Homo_sapiens;TTATTACCTC;10;9462;6;TTTTTTTCTT;10;9477;2928;AACAAAAAAA;10;12414;94;TTATTATCTC;10;12517;DI_I.D;0
Homo_sapiens;AGTCCCACTC;10;9589;9;ATCCGTATTA;10;9607;5436;TATTACGGAT;10;15052;198;AGTCCCACCC;10;15259;DI_I.D;0
Homo_sapiens;TCTCCCTTCA;10;9755;232;TTAGTATAAA;10;9996;1042;TCTATACTAA;10;11047;1;TCTCCCTACA;10;11057;D.I_ID;0
Homo_sapiens;CTTCACCATT;10;9760;182;GACTATTTCT;10;9951;5999;AGAAAAAGTC;10;15959;6;CTCCACCATT;10;15974;D.I_ID;0
Homo_sapiens;TCCTCACTAT;10;9846;215;TTAATTTTAA;10;10070;3788;TTAAAATAAA;10;13867;2;TCCCCACTAT;10;13878;D.I_ID;0
Homo_sapiens;TCATCCGCCA;10;9861;197;GCCTTAATTT;10;10067;4888;AAATTATGGC;10;14964;5;TCATCCGCTA;10;14978;D.I_ID;0
Homo_sapiens;CTTCGAAGCC;10;9907;6;CTGATACTGG;10;9922;3128;CCAGTCTCAG;10;13059;269;CTTCAAAGCC;10;13337;DI_I.D;0
Homo_sapiens;TCGAAGCCGC;10;9909;23;GATGTGGTTT;10;9941;3561;AGACCACATC;10;13511;2;TCGAAACCGC;10;13522;D.I_ID;0
Homo_sapiens;TCTTACTCTT;10;9986;2;TAGTATAAAT;10;9997;2893;ATTTATCCTA;10;12899;200;TCTTACTCAT;10;13108;DI_I.D;0
Homo_sapiens;AGCCTTACTA;10;10096;3;AATAATTATT;10;10108;3493;AATAATTCTT;10;13610;31;ACCCTTACTA;10;13650;DI_I.D;0
Homo_sapiens;ACAACTAACC;10;10298;7;TAATAGTTAT;10;10314;4183;AAAACTATTA;10;14506;246;AAAACTAACC;10;14761;DI_I.D;0
Homo_sapiens;ATCCTCCCTA;10;10549;5;GCCTAGAAGG;10;10563;4917;CCTCCTAGGC;10;15489;163;ATCCTCCATA;10;15661;DI_I.D;0
Homo_sapiens;ATCCTCCCTA;10;10549;9;AGAAGGAATA;10;10567;4870;TCTTCCTTCT;10;15446;206;ATCCTCCATA;10;15661;DI_I.D;0
Homo_sapiens;ATCCTCCCTA;10;10549;34;ATTATAGCTA;10;10592;5046;TAGCAATAAT;10;15647;5;ATCCTCCATA;10;15661;D.I_ID;0
Homo_sapiens;GAATAATACT;10;10572;6;TGTTCATTAT;10;10587;2791;ACAATGAACA;10;13387;213;GAATAATTCT;10;13609;DI_I.D;0
Homo_sapiens;AATCTCCAAC;10;10708;5;ATGGCCTAGA;10;10722;3221;TCTAGGCCTT;10;13952;84;AATCTCCACC;10;14045;DI_I.D;0
Homo_sapiens;ACTAATCATA;10;11100;5;ATATCTTCTT;10;11114;1388;AAGAAGTTAT;10;12511;199;ACTAATCTTA;10;12719;DI_I.D;0
Homo_sapiens;TATCACTCTC;10;11928;66;ATGGGGCTCA;10;12003;1542;TGAGCCCTAT;10;13554;2;TATTACTCTC;10;13565;D.I_ID;0
Homo_sapiens;ACCCACCACA;10;12016;110;TTGTAAATAT;10;12135;1131;ATAGTTACAA;10;13275;10;ACCAACCACA;10;13294;D.I_ID;0
Homo_sapiens;AGAAAACACC;10;12054;28;CTCCTCCTAT;10;12091;2496;ATAGGAGAAG;10;14596;8;AGAAAACCCC;10;14613;D.I_ID;0
Homo_sapiens;ATATAAACTC;10;12655;7;AAACATTAAT;10;12671;1636;ATTAAAGTTT;10;14316;196;ATATAACCTC;10;14521;DI_I.D;0
Homo_sapiens;AGGCCTCCTC;10;12977;277;CTAGGACTCA;10;13263;2449;TGACTCCTAG;10;15721;5;AGACCTCCTC;10;15735;D.I_ID;0
Homo_sapiens;CCACCCCAGT;10;13054;53;ATCCGCTTCC;10;13116;2909;GGAAGCAGAT;10;16034;8;CCACCCAAGT;10;16051;D.I_ID;0
Homo_sapiens;CACCCCCTAG;10;13125;1;CAGAAAATAG;10;13135;2869;CTATTCTCTG;10;16013;241;CACCCACTAG;10;16263;DI_I.D;0
Homo_sapiens;TAGCAGAAAA;10;13132;100;AGCCTTCTCC;10;13241;1349;GGAGAAGGCT;10;14599;1;TAGAAGAAAA;10;14609;D.I_ID;0
Homo_sapiens;TCCACTTCAA;10;13248;96;TTTATGTGCT;10;13353;2792;AGTACATAAA;10;16154;8;TCCACATCAA;10;16171;D.I_ID;0
Homo_sapiens;CTAGGACTCA;10;13263;3;ATAGTTACAA;10;13275;1823;TTGCAACTAT;10;15107;254;CTAGGAATCA;10;15370;DI_I.D;0
Homo_sapiens;CCATCACCCT;10;3505;139;CCTCTGATCA;10;3653;12905;TGATCACAGG;10;16567;3;CTATCACCCT;10;16579;D.I_ID;0
Homo_sapiens;ATCACCCCAT;10;632;8;TAGGTTTGGT;10;649;15621;AACAAACCTA;10;16279;293;ATCACCCTAT;10;16581;DI_I.D;0
Homo_sapiens;CATCATCCTA;10;7794;291;AAAAACAGAT;10;8094;8591;ATCTGTCTTT;10;16694;9;CCTCATCCTA;10;16712;D.I_ID;0
Homo_sapiens;TCCTATTCTT;10;15335;76;AATCAAAGAC;10;15420;1269;GTCTTTGATT;10;16698;10;TCCTATTATT;10;16717;D.I_ID;0
Homo_sapiens;GGCCATAATA;10;3848;133;ACAAACATTA;10;3990;12786;TAATGCTTGT;10;16785;2;GGACATAATA;10;16796;D.I_ID;0
Homo_sapiens;ATATCAATTG;10;6734;7;TAGGGTTTAT;10;6750;9761;ATAAAGCCTA;10;16520;277;ATAACAATTG;10;16806;DI_I.D;0
Homo_sapiens;ACACAAACAT;10;3988;6;TAATAAACAC;10;4003;12761;GTGTTAATTA;10;16773;56;ACACAGACAT;10;16838;DI_I.D;0
Homo_sapiens;CCACATCACT;10;14946;3;AGACGTAAAT;10;14958;1657;ATTTTCGTCT;10;16624;259;CCACAGCACT;10;16892;DI_I.D;0
Homo_sapiens;CCCACAAACA;10;5676;2;TTAGTTAACA;10;5687;11078;TGTTAATTAA;10;16774;139;CCCAAAAACA;10;16922;DI_I.D;0
Homo_sapiens;CCAAAAAACA;10;10811;10;AATCAACACA;10;10830;5933;TGTGTTAATT;10;16772;141;CCCAAAAACA;10;16922;DI_I.D;0
Homo_sapiens;AAACATTATT;10;3992;2;TAATAAACAC;10;4003;12761;GTGTTAATTA;10;16773;230;ACACATTATT;10;17012;DI_I.D;0
Homo_sapiens;ACTAACCTCA;10;8678;4;CAAATGATAA;10;8691;8268;TTATCTTTTG;10;16968;66;ACTAATCTCA;10;17043;DI_I.D;0
Homo_sapiens;ACCCCCTCCC;10;954;5;AAAGCTAAAA;10;968;15989;TTTTATCTTT;10;16966;86;ACCCCCGCCC;10;17061;DI_I.D;0
Homo_sapiens;CCTACCGAGC;10;1995;1;CTGGTGATAG;10;2005;14925;CTAACACCAG;10;16939;125;CCTACCCAGC;10;17073;DI_I.D;0
Homo_sapiens;AGATCACCCC;10;949;10;AAAGCTAAAA;10;968;15989;TTTTATCTTT;10;16966;224;ACATCACCCC;10;17199;DI_I.D;0
Homo_sapiens;ACATGCTAGC;10;4575;95;CTAATAGCTA;10;4679;12554;TAGCTCTTAG;10;17242;10;ACATGCAAGC;10;17261;D.I_ID;0
Homo_sapiens;TGAGCTCACC;10;9641;6;CTAATAGAAA;10;9656;7570;TTTCTATTAG;10;17235;40;TGAGTTCACC;10;17284;DI_I.D;0
Homo_sapiens;TCACCCTATA;10;2278;2;AAGAACTAAT;10;2289;14942;ATTAGCTCTT;10;17240;40;TCACCCTCTA;10;17289;DI_I.D;0
Homo_sapiens;GCATCAACCA;10;13288;1;ACCACACCTA;10;13298;3911;TAGGTTTGGT;10;17218;96;GCATCAAGCA;10;17323;DI_I.D;0
Homo_sapiens;AAACACTTAG;10;5681;2;TAACAGCTAA;10;5692;11540;TTAGCTCTTA;10;17241;100;AAACGCTTAG;10;17350;DI_I.D;0
Homo_sapiens;TAGCCTACCC;10;11528;286;AGCTTTTTGA;10;11823;5515;TCAAAACGCT;10;17347;1;TAGCCTAGCC;10;17357;D.I_ID;0
Homo_sapiens;CCAAACCCCC;10;11667;147;AGCTTTTTGA;10;11823;5515;TCAAAACGCT;10;17347;9;CCACACCCCC;10;17365;D.I_ID;0
Homo_sapiens;ACACCCTCAC;10;4009;7;AATCTTCCTA;10;4025;13215;TAGTAAGATT;10;17249;109;ACACCCCCAC;10;17367;DI_I.D;0
Homo_sapiens;GGGCCAGCCA;10;6025;278;CCCACCCTGG;10;6312;11116;CCAGGGTTGG;10;17437;9;GTGCCAGCCA;10;17455;D.I_ID;0
Homo_sapiens;CCCACTAAGC;10;15699;8;TTTATTGACT;10;15716;1762;AGTCAATAGA;10;17487;156;CCCACTATGC;10;17652;DI_I.D;0
Homo_sapiens;CAATAAAACT;10;4776;178;CAGTTGAGGT;10;4963;12700;ACCTCAACAG;10;17672;7;CAACAAAACT;10;17688;D.I_ID;0
Homo_sapiens;TCAACCTCCC;10;13443;109;TATCTATTAC;10;13561;4209;GTAATCGATA;10;17779;9;TCAACCTCAC;10;17797;D.I_ID;0
Homo_sapiens;CAACCACACC;10;13296;256;TATCTATTAC;10;13561;4209;GTAATCGATA;10;17779;10;CAACCTCACC;10;17798;D.I_ID;0
Homo_sapiens;ATTTAGCTGT;10;10905;14;CCTCCGACCC;10;10928;7041;GGGTCGAAGG;10;17978;4;ATTTAGCAGT;10;17991;D.I_ID;0
Homo_sapiens;TTAGCAGGAA;10;13473;278;ATCCCCCTTC;10;13760;4214;GAAGGTGGAT;10;17983;1;TTAGCAGTAA;10;17993;D.I_ID;0
Homo_sapiens;CAGTAAGCTA;10;15770;192;TAACTCCACC;10;15971;2006;GGTGGATTTA;10;17986;2;CAGTAAACTA;10;17997;D.I_ID;0
Homo_sapiens;TAAACTAATA;10;15899;63;TAACTCCACC;10;15971;2006;GGTGGATTTA;10;17986;5;TAAACTAAGA;10;18000;D.I_ID;0
Homo_sapiens;AAACTAGGAG;10;15604;5;CCTTGCCCTA;10;15618;2266;TAGGTCAAGG;10;17893;99;AAACTAAGAG;10;18001;DI_I.D;0
Homo_sapiens;ACTAACACCC;10;5185;9;ATCCACCCTC;10;5203;12771;GAAGGTGGAT;10;17983;100;ACTAAAACCC;10;18092;DI_I.D;0
Homo_sapiens;CCACAAACCC;10;14621;6;CTAAACCCAC;10;14636;3342;GTGGATTTAG;10;17987;254;CCCCAAACCC;10;18250;DI_I.D;0
Homo_sapiens;CCTACTCCAC;10;13070;3;AAGCACTATA;10;13082;4920;TAGAGTGCTT;10;18011;237;CCCACTCCAC;10;18257;DI_I.D;0
Homo_sapiens;AGACAACCAT;10;14474;9;CTAAATAAAT;10;14492;3607;ATTTATATAG;10;18108;159;AGACAACCTT;10;18276;DI_I.D;0
Homo_sapiens;AAATATTATA;10;10486;5;CATTTACCAT;10;10500;7626;ATGGTAAGTG;10;18135;225;AAAAATTATA;10;18369;DI_I.D;0
Homo_sapiens;TTCTAACCAA;10;4596;296;ATCTCTCCCT;10;4901;13448;AGGGAAAGAT;10;18358;7;TTATAACCAA;10;18374;D.I_ID;0
Homo_sapiens;AGCCCTATAC;10;11967;3;CCTCTACATA;10;11979;6123;TATATAGAGG;10;18111;284;ACCCCTATAC;10;18404;DI_I.D;0
Homo_sapiens;ACCCCAATAC;10;14749;291;CTATATTACG;10;15049;3327;CATAATATAG;10;18385;10;ACCCCTATAC;10;18404;D.I_ID;0
Homo_sapiens;TAACTTAGCA;10;8305;9;TTAAGTTAAA;10;8323;9883;TTCAACTTAA;10;18215;216;TAACTTTGCA;10;18440;DI_I.D;0
Homo_sapiens;TAACTTAGCA;10;8305;232;TTCATTCATT;10;8546;9868;AATGAATTAA;10;18423;8;TAACTTTGCA;10;18440;D.I_ID;0
Homo_sapiens;ACCCCCCAAA;10;7464;2;CTGGTTTCAA;10;7475;10842;TTGAAACCTG;10;18326;133;ACCCCCGAAA;10;18468;DI_I.D;0
Homo_sapiens;TTTGTTCAAC;10;3036;49;GTTTCTATCT;10;3094;15492;AGATAGAATC;10;18595;1;TTAGTTCAAC;10;18605;D.I_ID;0
Homo_sapiens;AACTTAAAAT;10;13864;5;TCCCCACTAT;10;13878;4644;ATAGTGGGAA;10;18531;72;AACTTTAAAT;10;18612;DI_I.D;0
Homo_sapiens;GTAGACCTAA;10;6329;7;TCTCCTTACA;10;6345;12092;TGCAAGGAGA;10;18446;283;GTAGGCCTAA;10;18738;DI_I.D;0
Homo_sapiens;ACAGCAGCCA;10;12831;136;TAGGCCTCCT;10;12976;5752;AGTAGGCCTA;10;18737;1;AAAGCAGCCA;10;18747;D.I_ID;0
Homo_sapiens;AGATGAAAAC;10;15928;2;TTTTTCCAAG;10;15939;2745;CTAGGAAAAA;10;18693;214;AGATTAAAAC;10;18916;DI_I.D;0
Homo_sapiens;CAATATCAAC;10;9064;10;TCCCTCTACA;10;9083;9615;TGTAGAGAGA;10;18707;232;CAATATCTAC;10;18948;DI_I.D;0
Homo_sapiens;CATCATTACC;10;12114;4;TTTTCCTCTT;10;12127;6535;AAGAGGAACA;10;18671;293;CATTATTACC;10;18973;DI_I.D;0
Homo_sapiens;TAGCATCATC;10;10860;10;TTTTTTAACC;10;10879;8133;GGTTAAAAAA;10;19021;55;TAGCATCACC;10;19085;DI_I.D;0
Homo_sapiens;TAGCATCATC;10;10860;5;TACTATTTTT;10;10874;8142;AAAAAAAGTA;10;19025;51;TAGCATCACC;10;19085;DI_I.D;0
Homo_sapiens;TACCCTAGCC;10;15513;4;CCCTTAAACA;10;15526;3592;TGTTTAACGG;10;19127;7;TACCCTAACC;10;19143;DI_I.D;0
Homo_sapiens;TACCCTAGCC;10;15513;4;CCCTTAAACA;10;15526;3592;TGTTTAACGG;10;19127;7;TACCCTAACC;10;19143;D.I_ID;0
Homo_sapiens;TAGCATCATC;10;10860;10;TTTTTTAACC;10;10879;8133;GGTTAAAAAA;10;19021;132;TAGCATAATC;10;19162;DI_I.D;0
Homo_sapiens;TAGCATCATC;10;10860;5;TACTATTTTT;10;10874;8142;AAAAAAAGTA;10;19025;128;TAGCATAATC;10;19162;DI_I.D;0
Homo_sapiens;TCTCTTTCTT;10;14101;166;CTGACCCCTC;10;14276;4926;GAGGGTTCAG;10;19211;4;TCTCTTACTT;10;19224;D.I_ID;0
Homo_sapiens;TACCAAATCT;10;4895;10;TAAACGTAAG;10;4914;14304;CTTACTTTTA;10;19227;118;TACCAAACCT;10;19354;DI_I.D;0
Homo_sapiens;AAGCTACCCT;10;15774;11;TTGGACAAGT;10;15794;3670;ACTTGACCAA;10;19473;7;AAGTTACCCT;10;19489;D.I_ID;0
Homo_sapiens;CGCATTCCTA;10;5110;95;TCTCCCTAGG;10;5214;14273;CCTAGGGATA;10;19496;5;CGCAATCCTA;10;19510;D.I_ID;0
Homo_sapiens;CTCAACCTAG;10;3597;249;ATATGATTTA;10;3855;15878;TAAATGATAT;10;19742;4;CTCAACTTAG;10;19755;D.I_ID;0
Homo_sapiens;AATATTATAC;10;10487;1;TAGCATTTAC;10;10497;9235;GTAAATGATA;10;19741;13;AGTATTATAC;10;19763;DI_I.D;0
Homo_sapiens;CAACACCCAC;10;10615;161;TATATTACTA;10;10785;8968;TAGTATTATA;10;19762;2;CCACACCCAC;10;19773;D.I_ID;0
Homo_sapiens;AACAAAATAC;10;15865;10;CCTGTCCTTG;10;15884;3891;CAAGAACAGG;10;19784;76;AACAACATAC;10;19869;DI_I.D;0
Homo_sapiens;TACCCAAGGC;10;4822;5;CTCTGACATC;10;4836;14958;GATGGCAGAG;10;19803;64;TACCCATGGC;10;19876;DI_I.D;0
Homo_sapiens;ACTACTCAAA;10;13418;6;ACCTCTCACT;10;13433;6402;AGTCAGAGGT;10;19844;117;ACTACGCAAA;10;19970;DI_I.D;0
Homo_sapiens;CCCTCACCAT;10;13450;10;AGCATTAGCA;10;13469;6452;TCCTAATGCT;10;19930;168;CTCTCACCAT;10;20107;DI_I.D;0
Homo_sapiens;CCCCCCACCC;10;7396;226;TCATAGAAGA;10;7631;12483;TCTACTATGA;10;20123;2;CCCCCCTCCC;10;20134;D.I_ID;0
Homo_sapiens;CCCTACCCCC;10;9526;1;CAATTAGGAG;10;9536;10351;CTCCTCATTG;10;19896;243;CCCAACCCCC;10;20148;DI_I.D;0
Homo_sapiens;TTATTCTCGC;10;14672;3;GGACTACAAC;10;14684;5296;GTTGTAGGCC;10;19989;187;TTATTCTAGC;10;20185;DI_I.D;0
Homo_sapiens;CTTCAAACTC;10;11800;109;CCTGATCAAA;10;11918;8297;TCTGATCAGG;10;20224;6;CATCAAACTC;10;20239;D.I_ID;0
Homo_sapiens;TACCCATCAT;10;6114;1;AATCGGAGGC;10;6124;14043;GCCTCCTATT;10;20176;126;TAGCCATCAT;10;20311;DI_I.D;0
Homo_sapiens;CTATACTTCA;10;15814;55;AATGGGCCTG;10;15878;4637;CAGGCCCCTT;10;20524;5;CTATTCTTCA;10;20538;D.I_ID;0
Homo_sapiens;AACACCCTTA;10;5188;296;TTATACTAAT;10;5493;15063;ATTATTATAA;10;20565;3;AACACCCTCA;10;20577;D.I_ID;0
Homo_sapiens;CACCATCACC;10;5317;173;TAATAATCTT;10;5499;15054;AACATTATTA;10;20562;8;CACCCTCACC;10;20579;D.I_ID;0
Homo_sapiens;CACCATCACC;10;5317;167;TTATACTAAT;10;5493;15063;ATTATTATAA;10;20565;5;CACCCTCACC;10;20579;D.I_ID;0
Homo_sapiens;CCCTTACCAC;10;5460;30;TAATAATCTT;10;5499;15054;AACATTATTA;10;20562;10;CCCTCACCAC;10;20581;D.I_ID;0
Homo_sapiens;CCCTTACCAC;10;5460;24;TTATACTAAT;10;5493;15063;ATTATTATAA;10;20565;7;CCCTCACCAC;10;20581;D.I_ID;0
Homo_sapiens;AATCTCCCTA;10;11055;10;TTAATTATAA;10;11074;9486;TTATAATAAA;10;20569;16;AATCTTCCTA;10;20594;DI_I.D;0
Homo_sapiens;ACAAGATATT;10;13394;2;GAAAAATAGG;10;13405;7123;CCTATTCTTC;10;20537;94;ACAACATATT;10;20640;DI_I.D;0
Homo_sapiens;CAACACCCTA;10;11262;245;TGACAAAACA;10;11516;9121;TATTTTGTCA;10;20646;2;CAAGACCCTA;10;20657;D.I_ID;0
Homo_sapiens;ATGATTTCGA;10;10428;10;TTATGATAAT;10;10447;10112;ATTATAATAA;10;20568;110;ATGAATTCGA;10;20687;DI_I.D;0
Homo_sapiens;TCTAACAGCA;10;7285;8;TAATAATTTT;10;7302;13251;AACATTATTA;10;20562;122;TCGAACAGCA;10;20693;DI_I.D;0
Homo_sapiens;AGCATACTCC;10;5005;259;GAATTCACAA;10;5273;15403;TTATGAATTC;10;20685;5;AGCATACCCC;10;20699;D.I_ID;0
Homo_sapiens;TCATACACCT;10;12071;210;TTGGTCTTAG;10;12290;8418;CTACGACCAA;10;20717;2;TCATACACCT;10;20728;D.I_ID;0
Homo_sapiens;CTCCTCCTAT;10;12091;190;TTGGTCTTAG;10;12290;8418;CTACGACCAA;10;20717;7;CACCTCCTAT;10;20733;D.I_ID;0
Homo_sapiens;CTACCAATCA;10;4734;210;TCATAGCAGG;10;4953;15773;CCTCCTATGA;10;20735;10;CTACCACTCA;10;20754;D.I_ID;0
Homo_sapiens;ACCACACACC;10;9414;50;GAAGTTTTTT;10;9473;11262;AAAAAACTTC;10;20744;3;ACCACTCACC;10;20756;D.I_ID;0
Homo_sapiens;ATGATATTTC;10;15558;2;TATTCGCCTA;10;15569;4970;TAGCCGAATA;10;20548;223;ATGATATGTC;10;20780;DI_I.D;0
Homo_sapiens;TCCGATAAAA;10;15388;164;ATATTTCCTA;10;15561;5259;TAAGAAATAT;10;20829;2;TCTGATAAAA;10;20840;D.I_ID;0
Homo_sapiens;CCCATCGCTG;10;11428;220;CCATTCTCAT;10;11657;9239;ATGAGAATCG;10;20905;3;CCCATCCCTG;10;20917;D.I_ID;0
Homo_sapiens;CACCTATCCC;10;12076;221;AAAATTTTGG;10;12306;8617;CCAAAATTCT;10;20932;7;CACCTATCAC;10;20948;D.I_ID;0
Homo_sapiens;TACTAATCAA;10;14214;241;GTATATCCAA;10;14464;6542;TTGGTTATAC;10;21015;9;TACTAATTAA;10;21033;D.I_ID;0
Homo_sapiens;CATGCACACT;10;12341;3;TATAACCACC;10;12353;8652;GTTGGTTATA;10;21014;58;CAGGCACACT;10;21081;DI_I.D;0
Homo_sapiens;TAAAAATAAA;10;8489;5;TATAACAAAC;10;8503;12502;GTTGGTTATA;10;21014;112;TAGAAATAAA;10;21135;DI_I.D;0
Homo_sapiens;TATTACCTCA;10;9463;4;GTTTTTTTCT;10;9476;11651;AGAAATAAAC;10;21136;67;TATTTCCTCA;10;21212;DI_I.D;0
Homo_sapiens;AATAGCCATC;10;14448;7;GTATATCCAA;10;14464;6542;TTGGTTATAC;10;21015;226;AATAGCTATC;10;21250;DI_I.D;0
Homo_sapiens;AATAGCCATC;10;14448;144;AGAAGGCTTA;10;14601;6630;TAATCCTTCT;10;21240;1;AATAGCTATC;10;21250;D.I_ID;0
Homo_sapiens;TCCACTTCAA;10;13248;215;ATTAGCAGGA;10;13472;7762;TCCTTCTAAT;10;21243;6;TCCTCTTCAA;10;21258;D.I_ID;0
Homo_sapiens;CAACATACTC;10;13904;99;AAAGCTATTA;10;14012;7228;TAATAGCTAT;10;21249;10;CAATATACTC;10;21268;D.I_ID;0
Homo_sapiens;AATCAAACTA;10;8672;266;TAGTTATTAT;10;8947;12376;ATAATAGCTA;10;21332;5;AATAAAACTA;10;21346;D.I_ID;0
Homo_sapiens;AATAATACTA;10;10573;12;TATAGCTACT;10;10594;10731;AATAGCTATA;10;21334;3;AATAAAACTA;10;21346;D.I_ID;0
Homo_sapiens;ATAAACCTAG;10;8823;115;TAGTTATTAT;10;8947;12376;ATAATAGCTA;10;21332;6;ATAAAACTAG;10;21347;D.I_ID;0
Homo_sapiens;TCTCACTTCT;10;10509;41;CTATGCCTAG;10;10559;10785;CTAGGAATAG;10;21353;6;TTTCACTTCT;10;21368;D.I_ID;0
Homo_sapiens;CCATCTCACT;10;10506;143;CTAGTCTTTG;10;10658;10770;CAAAAACTAG;10;21437;4;CCATCTCAAT;10;21450;D.I_ID;0
Homo_sapiens;CCCTCAGTAA;10;5549;6;AATACTTAAT;10;5564;15633;ATCAAGTATT;10;21206;261;CCCTCACTAA;10;21476;DI_I.D;0
Homo_sapiens;GCCTCCTCCT;10;12979;4;AGCAGCAGGC;10;12992;8416;GCCTGCTTCT;10;21417;66;GCCTTCTCCT;10;21492;DI_I.D;0
Homo_sapiens;TAATCCAAAC;10;13150;89;TCCACTTCAA;10;13248;8278;TTGAGGTGGA;10;21535;2;TAAACCAAAC;10;21546;D.I_ID;0
Homo_sapiens;CAGCTAAGCA;10;5695;7;TCAACTGGCT;10;5711;15809;AGGCAGTTGA;10;21529;19;CAGCTACGCA;10;21557;DI_I.D;0
Homo_sapiens;TAACAGCAGT;10;7287;3;TATTAATAAT;10;7299;14011;ATCATTAATA;10;21319;278;TAATAGCAGT;10;21606;DI_I.D;0
Homo_sapiens;TTCTACCCTA;10;13917;191;ACTCATCCTA;10;14117;7471;TAGGATGAAT;10;21597;9;TTCTACCGTA;10;21615;D.I_ID;0
Homo_sapiens;CTTCAACTCC;10;7935;60;TCGAGTAGTA;10;8004;13674;TACTACTCAA;10;21687;1;CTTAAACTCC;10;21697;D.I_ID;0
Homo_sapiens;TACTACTAAC;10;6525;7;CAACCTCAAC;10;6541;14984;GTTGAGGTGG;10;21534;177;TACTACTATC;10;21720;DI_I.D;0
Homo_sapiens;TCACGAAAAA;10;11026;84;TTCTTCGAAA;10;11119;10707;TATCGAAGAA;10;21835;2;TCACAAAAAA;10;21846;D.I_ID;0
Homo_sapiens;CAAACAACAA;10;15675;1;AGCATAATAT;10;15685;5966;ATATTATCCT;10;21660;180;CAAAAAACAA;10;21849;DI_I.D;0
Homo_sapiens;ATCATCACCC;10;11152;1;GATGAGGCAA;10;11162;10688;TAGCCTCATC;10;21859;19;ACCATCACCC;10;21887;DI_I.D;0
Homo_sapiens;CCTCTCCTTC;10;14282;5;ATTATTCAGC;10;14296;7295;GATGAATAAT;10;21600;295;CCTCTACTTC;10;21904;DI_I.D;0
Homo_sapiens;CCTATTCTAC;10;11205;5;TAGTAGGCTC;10;11219;10487;GACCCTACTA;10;21715;198;CCTAATCTAC;10;21922;DI_I.D;0
Homo_sapiens;TACTAAACCC;10;13684;117;CTGTCACTTT;10;13810;8157;AAAATGACAG;10;21976;9;TACAAAACCC;10;21994;D.I_ID;0
Homo_sapiens;ACAAAACACA;10;11518;274;TTCAAACTCT;10;11801;10172;ACAGTTTGAA;10;21982;4;ACAAAACCCA;10;21995;D.I_ID;0
Homo_sapiens;TCTAGAAATT;10;10255;260;TACTAGTATA;10;10524;11530;TATACTAATA;10;22063;5;TATAGAAATT;10;22077;D.I_ID;0
Homo_sapiens;GACTACAAAA;10;10374;97;TTACATAAAT;10;10480;11652;ATTTCTGTAA;10;22141;9;GACTGCAAAA;10;22159;D.I_ID;0
Homo_sapiens;CTACTTCTCC;10;12584;207;CAGTTGATGA;10;12800;9468;TAATCAACTG;10;22277;9;CTACTTCTCC;10;22295;D.I_ID;0
Homo_sapiens;TACTTCCCCC;10;7949;61;GATTGAAGCC;10;8019;14258;GGCTTCAATC;10;22286;1;TACTTCTCCC;10;22296;D.I_ID;0
Homo_sapiens;GCTTCATTCA;10;7077;77;GTAAATCTAA;10;7163;15249;TTAGATTTAC;10;22421;9;GCTTCACTCA;10;22439;D.I_ID;0
Homo_sapiens;CACTAAGCCA;10;15701;80;ATCATTGGAC;10;15790;6633;GTCCAATGCT;10;22432;2;CACTCAGCCA;10;22443;D.I_ID;0
Homo_sapiens;CCCTTTTACC;10;15780;7;GGACAAGTAG;10;15796;6490;CTACTTCTCC;10;22295;146;CCATTTTACC;10;22450;DI_I.D;0
Homo_sapiens;CCCTTTTACC;10;15780;1;ATCATTGGAC;10;15790;6633;GTCCAATGCT;10;22432;9;CCATTTTACC;10;22450;DI_I.D;0
Homo_sapiens;CCCTTTTACC;10;15780;1;ATCATTGGAC;10;15790;6633;GTCCAATGCT;10;22432;9;CCATTTTACC;10;22450;D.I_ID;0
Homo_sapiens;TCCCTACAAA;10;11059;5;CTTAATTATA;10;11073;11122;TTTAATTAAG;10;22204;281;TCTCTACAAA;10;22494;DI_I.D;0
Homo_sapiens;GAGCCCTAGG;10;6921;10;TCTTTTCACC;10;6940;15446;GGTAAAAAGA;10;22395;147;GAGTCCTAGG;10;22551;DI_I.D;0
Homo_sapiens;TCCAAGCCTC;10;12956;50;TAGGTCTCCA;10;13015;9525;TGGAGTCCTA;10;22549;9;TCTAAGCCTC;10;22567;D.I_ID;0
Homo_sapiens;TCCAAGCCTC;10;12956;10;CTAGGCCTCC;10;12975;9566;GGAGTCCTAG;10;22550;8;TCTAAGCCTC;10;22567;DI_I.D;0
Homo_sapiens;TCCAAGCCTC;10;12956;10;CTAGGCCTCC;10;12975;9566;GGAGTCCTAG;10;22550;8;TCTAAGCCTC;10;22567;D.I_ID;0
Homo_sapiens;CAGGCCACCT;10;9022;2;CTCATGCACC;10;9033;13496;GGCGCATGAG;10;22538;55;CAGGCAACCT;10;22602;DI_I.D;0
Homo_sapiens;ACTAATCTTC;10;7929;131;CATGAGCTGT;10;8069;14568;ACAGCCCATG;10;22646;8;AATAATCTTC;10;22663;D.I_ID;0
Homo_sapiens;TTTATAGTAA;10;11365;192;ATTATAACAA;10;11566;11084;TTGTAATAAT;10;22659;5;TTCATAGTAA;10;22673;D.I_ID;0
Homo_sapiens;ACCTGACTAG;10;14001;9;TTACCTAAAA;10;14019;8583;TTCTAGGTAA;10;22611;89;AACTGACTAG;10;22709;DI_I.D;0
Homo_sapiens;ATTCTACCCT;10;13916;221;AACCTATTCC;10;14146;8683;GGAACAGGTT;10;22838;5;AGTCTACCCT;10;22852;D.I_ID;0
Homo_sapiens;TTTACCCTCC;10;9722;4;AAGCCTCAGA;10;9735;12951;TCGGAGGCTT;10;22695;150;TCTACCCTCC;10;22854;DI_I.D;0
Homo_sapiens;TATCCTCCCT;10;10548;2;CTATGCCTAG;10;10559;11988;CTAGGCACAG;10;22556;291;TACCCTCCCT;10;22856;DI_I.D;0
Homo_sapiens;CTCCCTAAGC;10;12563;180;ACTGTTCATC;10;12752;10084;GTTGAACAGT;10;22845;6;CTCCCTTAGC;10;22860;D.I_ID;0
Homo_sapiens;CTCTATTTTA;10;9716;10;AAGCCTCAGA;10;9735;12951;TCGGAGGCTT;10;22695;235;CTCTATCTTA;10;22939;DI_I.D;0
Homo_sapiens;ATTCTTTACC;10;15276;43;CTCCACCTCC;10;15328;7804;GGAGGAGGAG;10;23141;6;ATTCTATACC;10;23156;D.I_ID;0
Homo_sapiens;CTATTCCAAC;10;12744;264;GGTCTCCACC;10;13017;10118;GGAGGAGACC;10;23144;6;CTATACCAAC;10;23159;D.I_ID;0
Homo_sapiens;ATGCCAACAC;10;12823;185;GGTCTCCACC;10;13017;10118;GGAGGAGACC;10;23144;8;ATACCAACAC;10;23161;D.I_ID;0
Homo_sapiens;ATGACATCAA;10;13222;67;ACCACACCTA;10;13298;9976;TAGGTATGGT;10;23283;8;ATGATATCAA;10;23300;D.I_ID;0
Homo_sapiens;ACATATTTAC;10;11984;219;GCTCACAAGA;10;12212;11107;TCGTGTGAGC;10;23328;6;ATATATTTAC;10;23343;D.I_ID;0
Homo_sapiens;AGGATTAGAC;10;10384;10;TTGGTATATA;10;10403;12746;TCTATACCAA;10;23158;189;AGGAATAGAC;10;23356;DI_I.D;0
Homo_sapiens;GCAGTACTCT;10;11455;148;TCATTGCATA;10;11612;11843;TATGAAATGA;10;23464;7;GCAGTGCTCT;10;23480;D.I_ID;0
Homo_sapiens;AGCAATCTCA;10;14160;66;ATACAAAGCC;10;14235;9290;GGCATTGTAT;10;23534;2;AGCAAACTCA;10;23545;D.I_ID;0
Homo_sapiens;CTCATTACTA;10;13734;280;CTAAAACAAT;10;14023;9505;ATTGTATTAG;10;23537;5;CTCATCACTA;10;23551;D.I_ID;0
Homo_sapiens;TCAGTAGACA;10;15250;9;CTCACACGAT;10;15268;8050;ATCGTGTGAG;10;23327;219;TCACTAGACA;10;23555;DI_I.D;0
Homo_sapiens;CTCAGGATAC;10;14433;153;AATAGGAGAA;10;14595;9057;TTCCCCTATT;10;23661;1;CTCAGGCTAC;10;23671;D.I_ID;0
Homo_sapiens;CTAGCAGCAG;10;12987;3;GGCAAATCAG;10;12999;10648;CTGATTTCCC;10;23656;190;CTAACAGCAG;10;23855;DI_I.D;0
Homo_sapiens;CCCCCATAAA;10;14587;4;GAGAAGGCTT;10;14600;9283;AAGCCTTCGC;10;23892;33;CCTCCATAAA;10;23934;DI_I.D;0
Homo_sapiens;ATGCCCCTCA;10;10469;6;ATAAATATTA;10;10484;13372;TAATATTAAT;10;23865;88;ATGCCCCCCA;10;23962;DI_I.D;0
Homo_sapiens;AGCCTACCCC;10;11529;4;CTTGTACTAT;10;11542;12370;ATAGTAGAAG;10;23921;123;AGCCAACCCC;10;24053;DI_I.D;0
Homo_sapiens;CCCACAACAA;10;12483;3;TTCATGTGCC;10;12495;11652;GGCACATGCA;10;24156;124;CTCACAACAA;10;24289;DI_I.D;0
Homo_sapiens;AAAAAAACTA;10;14503;85;TAGGAGAAGG;10;14597;9670;CCTTTTCCTA;10;24276;9;AACAAAACTA;10;24294;D.I_ID;0
Homo_sapiens;TGGTATAATA;10;11481;134;CTTCAATCAG;10;11624;12953;CCGATTGAAG;10;24586;8;TCGTATAATA;10;24603;D.I_ID;0
Homo_sapiens;TAAAATTCTT;10;10215;289;ACTTCTAGGA;10;10513;14260;TCCTAGAATT;10;24782;9;TAAAAATCTT;10;24800;D.I_ID;0
Homo_sapiens;AAGACAACCA;10;14473;15;TAAATTAAAA;10;14497;10384;TTTTAAGTTA;10;24890;7;AAGAGAACCA;10;24906;D.I_ID;0
Homo_sapiens;CACCCAAGTA;10;16052;56;GAATATTGTA;10;16117;8861;TACACTATTC;10;24987;6;CACCCAACTA;10;25002;D.I_ID;0
Homo_sapiens;CCACCCTCAC;10;15263;6;TCTTTACCTT;10;15278;9607;AAGTTAAAGA;10;24894;136;CCTCCCTCAC;10;25039;DI_I.D;0
Homo_sapiens;TCATTCCCCC;10;14483;5;TAAATTAAAA;10;14497;10384;TTTTAAGTTA;10;24890;221;TCATTGCCCC;10;25120;DI_I.D;0
Homo_sapiens;CTAATTACCA;10;12708;85;GTTGATGATA;10;12802;12391;TCTCATCAAC;10;25202;7;CTAATCACCA;10;25218;D.I_ID;0
Homo_sapiens;CCTCCCTCAC;10;13447;9;GCCTAGCATT;10;13465;11659;AATCCTAGGC;10;25133;213;CCTGCCTCAC;10;25355;DI_I.D;0
Homo_sapiens;TGGCTATCAT;10;11147;280;TGGGTCAATA;10;11436;14328;TAATGACCCA;10;25773;10;TGCCTATCAT;10;25792;D.I_ID;0
Homo_sapiens;TAATCAACAC;10;10080;7;AGCCTTACTA;10;10096;15639;TAGTAAGCCT;10;25744;164;TAACCAACAC;10;25917;DI_I.D;0
Homo_sapiens;CTAAACCCCC;10;14582;1;ATAAATAGGA;10;14592;11424;TCCTATTTAT;10;26025;110;CTAAATCCCC;10;26144;DI_I.D;0
Homo_sapiens;TTTTACCATC;10;15783;2;TTGGACAAGT;10;15794;10190;ACCTGTCCAA;10;25993;288;TTTTACCCTC;10;26290;DI_I.D;0
Homo_sapiens;ACCCAAACAT;10;12667;46;AATCTTAGTT;10;12722;13708;AACTAATATT;10;26439;10;ATCCAAACAT;10;26458;D.I_ID;0
Homo_sapiens;CTCCATATAT;10;15664;286;AGAAAAAGTC;10;15959;10552;GACTATTTCT;10;26520;7;CTCCATCTAT;10;26536;D.I_ID;0
Homo_sapiens;ATAAATAGGA;10;14592;4;GGCTTAGAAG;10;14605;11862;CTTCGAAGCC;10;26476;85;ATAAATAGTA;10;26570;DI_I.D;0
Homo_sapiens;TACCGCTAAC;10;12731;159;ATTTATCCTA;10;12899;13658;TAGTATAAAT;10;26566;3;TACCGTTAAC;10;26578;D.I_ID;0
Homo_sapiens;CCTCGCCTTA;10;12884;6;ATTTATCCTA;10;12899;13658;TAGTATAAAT;10;26566;57;CTTCGCCTTA;10;26632;DI_I.D;0
Homo_sapiens;TCAACCCCCT;10;11507;3;CAAAACACAT;10;11519;14983;ATGTGGTTTG;10;26511;132;TCAACACCCT;10;26652;DI_I.D;0
Homo_sapiens;CACCCTACTA;10;13679;179;TTAAAATAAA;10;13867;12763;TTAATTTTAA;10;26639;8;CACCCTCCTA;10;26656;D.I_ID;0
Homo_sapiens;CAACAAACCT;10;16278;9;TTAACAGTAC;10;16296;10272;GTACCGTTAA;10;26577;282;CAACTAACCT;10;26868;DI_I.D;0
Homo_sapiens;CTCAATTACA;10;14166;4;TATACACCAA;10;14179;12784;TTGGTATATA;10;26972;63;CTCATTTACA;10;27044;DI_I.D;0
Homo_sapiens;CCTCCTATCC;10;12093;9;CGACATCATT;10;12111;14876;AATGATTTCG;10;26996;107;CCTCATATCC;10;27112;DI_I.D;0
Homo_sapiens;ATGTCCTCCC;10;15137;9;AAATATCATT;10;15155;11859;AATCATATTT;10;27023;84;ATATCCTCCC;10;27116;DI_I.D;0
Homo_sapiens;TCCTAACCCT;10;14122;8;ATCACATAAC;10;14139;12740;GTTATGTCAT;10;26888;277;TCATAACCCT;10;27174;DI_I.D;0
Homo_sapiens;TACTAATCTC;10;11051;209;CTAGGCTCAC;10;11269;15976;GTGGGCCTAG;10;27254;4;TACTAGTCTC;10;27267;D.I_ID;0
Homo_sapiens;ACTATTCTCA;10;15474;6;CCTCCTAGGC;10;15489;11634;GCCTAGAAGG;10;27132;127;ACTAGTCTCA;10;27268;DI_I.D;0
Homo_sapiens;TCCTACACAT;10;15029;2;GGGCGAGGCC;10;15040;12208;GGCCTAGCCC;10;27257;15;TCCAACACAT;10;27281;DI_I.D;0
Homo_sapiens;CCCAAAAATT;10;12302;297;TGTAGCATTG;10;12608;14709;CAATGCTAAA;10;27326;10;CCCAACAATT;10;27345;D.I_ID;0
Homo_sapiens;CACCCAAAGC;10;15986;4;GATTCTAATT;10;15999;11385;AATTTGAATC;10;27393;9;CACCCACAGC;10;27411;DI_I.D;0
Homo_sapiens;CACCCAAAGC;10;15986;4;GATTCTAATT;10;15999;11385;AATTTGAATC;10;27393;9;CACCCACAGC;10;27411;D.I_ID;0
Homo_sapiens;CCGCACAATC;10;13937;6;TCTAGGCCTT;10;13952;13330;ATGGCCTAGA;10;27291;249;CCTCACAATC;10;27549;DI_I.D;0
Homo_sapiens;TCAATACTAA;10;14576;9;AAATAGGAGA;10;14594;12838;TCTACTATTT;10;27441;166;TCTATACTAA;10;27616;DI_I.D;0
Homo_sapiens;AAACCCCCAT;10;14584;4;TAGGAGAAGG;10;14597;13192;CCTTCCCCTA;10;27798;185;AAGCCCCCAT;10;27992;DI_I.D;0
Homo_sapiens;CTCATTCTAA;10;15742;59;CGTACTATAC;10;15810;12233;GTATAATACG;10;28052;8;CTCATTCTCA;10;28069;D.I_ID;0
Homo_sapiens;CTAAACCCCC;10;14582;6;TAGGAGAAGG;10;14597;13192;CCTTCCCCTA;10;27798;268;CTCAACCCCC;10;28075;DI_I.D;0
Homo_sapiens;AACCCCTGAC;10;14415;6;TGCCTCAGGA;10;14430;13453;TCCTGAGCCA;10;27892;178;ACCCCCTGAC;10;28079;DI_I.D;0
Homo_sapiens;AACAAACCTA;10;16279;8;TTAACAGTAC;10;16296;11722;GTACTCTTAA;10;28027;128;AACAGACCTA;10;28164;DI_I.D;0
Homo_sapiens;CAACCACCAC;10;14330;82;TGACCCCCAT;10;14421;14142;ATGGGGCTCA;10;28572;3;CACCCACCAC;10;28584;D.I_ID;0
Homo_sapiens;ACCAACCACA;10;13294;251;TGAGCCCTAT;10;13554;15009;ATGGGGCTCA;10;28572;4;ACCCACCACA;10;28585;D.I_ID;0
Homo_sapiens;CCTCAACCCC;10;14411;1;TGACCCCCAT;10;14421;14142;ATGGGGCTCA;10;28572;90;CCTCAACCCC;10;28671;DI_I.D;0
Homo_sapiens;CCTCAACCCC;10;14411;176;ATAGGAGAAG;10;14596;14055;CTCCTCCTAT;10;28660;2;CCTCAACCCC;10;28671;D.I_ID;0
Homo_sapiens;CTAACAACCT;10;12736;149;GCATGATTTA;10;12894;15893;TAACTCATGC;10;28796;9;CTAACAACAT;10;28814;D.I_ID;0
Homo_sapiens;CCCCATAAAT;10;14588;142;AACACCAATG;10;14739;14109;CATTGGTCTT;10;28857;4;CCCCAAAAAT;10;28870;D.I_ID;0
Homo_sapiens;CCCCATAAAT;10;14588;98;ACGACCAATG;10;14695;14153;CATTGGTCTT;10;28857;4;CCCCAAAAAT;10;28870;D.I_ID;0
Homo_sapiens;CCCAAACATT;10;12668;2;ATCAGTTCTT;10;12679;16099;AAGAACTGCT;10;28787;75;CCCAAAAATT;10;28871;DI_I.D;0
Homo_sapiens;ACCGCAAACA;10;13527;120;ACTAACATTA;10;13656;15625;TAATCTTAGT;10;29290;2;ACCGCTAACA;10;29301;D.I_ID;0
Homo_sapiens;CCCACATCAA;10;15542;10;ATATTTCCTA;10;15561;13774;TAGGAATTAT;10;29344;142;CCCACAACAA;10;29495;DI_I.D;0
Homo_sapiens;TCTCCACCTC;10;14047;2;ATCATCACCT;10;14058;15303;AGTTGATGAT;10;29370;209;TCTCCACCCC;10;29588;DI_I.D;0
Homo_sapiens;CTAATCCTAA;10;15832;172;CTATTCTCTG;10;16013;13682;CAGAAAATAG;10;29704;5;CTAATCCAAA;10;29718;D.I_ID;0
Homo_sapiens;CCACCCTCAC;10;15263;1;ACGATTCTTT;10;15273;14518;AAAAAATCGT;10;29800;207;CCTCCCTCAC;10;30016;DI_I.D;0
Homo_sapiens;CGCTACCTTC;10;14983;3;GCCAATGGCG;10;14995;15019;CACCATTGGC;10;30023;114;CGCTACCTCC;10;30146;DI_I.D;0
Homo_sapiens;TATTCTCACC;10;15476;1;AGACCTCCTA;10;15486;14485;TAGGAGGACT;10;29980;196;TCTTCTCACC;10;30185;DI_I.D;0
Homo_sapiens;CTAATCCTAA;10;15832;192;GGGAAGCAGA;10;16033;14634;TCTTCTTCCC;10;30676;2;CTCATCCTAA;10;30687;D.I_ID;0
Homo_sapiens;CATATAACCT;10;14520;68;TAGGAGAAGG;10;14597;16092;CCTACTCCTA;10;30698;3;CACATAACCT;10;30710;D.I_ID;0
Homo_sapiens;TGACCCCCCT;10;16371;3;GATAGGGGTC;10;16383;14455;GACCCCTCTC;10;30847;134;TGACCCCCAT;10;30990;DI_I.D;0
Homo_sapiens;ACACAATTCT;10;15578;293;TGGGCCTGTC;10;15880;15936;GACAGTCCCA;10;31825;6;ACACGATTCT;10;31840;D.I_ID;0
