Spece;DirectRepeat1.Motiv;DirectRepeat1.Length;DirectRepeat1.Location;LengthOfInterval1;InvertedRepeat1.Motiv;InvertedRepeat1.Length;InvertedRepeat1.Location;LengthOfInterval2;InvertedRepeat2.Motiv;InvertedRepeat2.Length;InvertedRepeat2.Location;LengthOfInterval3;DirectRepeat2.Motiv;DirectRepeat2.Length;DirectRepeat2.Location;DIIDtype;G4
Homo_sapiens;ACCCTATTAA;10;15;28;GGTATTTTCGT;11;52;13604;ACGAAAATAAC;11;13666;14;ACCCCATTAA;10;13690;DI_I.D;0
Homo_sapiens;ACCCTATTAA;10;15;28;GGTATTTTCGT;11;52;13604;ACGAAAATAAC;11;13666;14;ACCCCATTAA;10;13690;D.I_ID;0
Homo_sapiens;TCAATATTAC;10;172;20;AGTGTGTTAAT;11;201;2138;ATTAAAACACT;11;2349;44;TCATTATTAC;10;2403;DI_I.D;0
Homo_sapiens;TATTACAGGC;10;176;16;AGTGTGTTAAT;11;201;2138;ATTAAAACACT;11;2349;169;TATTAGAGGC;10;2528;DI_I.D;0
Homo_sapiens;AAACCCCCCC;10;299;88;ATTTTATCTTT;11;396;4995;AAAAATAAAAT;11;5401;18;AAACCCACCC;10;5429;D.I_ID;0
Homo_sapiens;TAACAGTCAC;10;423;178;GAAAATGTTTA;11;610;7050;TAATCATTTTC;11;7670;35;TAACACTCAC;10;7715;D.I_ID;0
Homo_sapiens;CCTCCCACTC;10;457;188;TTGGTCCTAGC;11;654;3483;GCTACGACCAA;11;4147;27;CCTACCACTC;10;4184;D.I_ID;0
Homo_sapiens;TTACCTCCTC;10;587;13;TGAAAATGTTT;11;609;13407;AAACAATTTCA;11;14026;57;TTACTTCCTC;10;14093;DI_I.D;0
Homo_sapiens;TCAAAGCAAT;10;595;6;GAAAATGTTTA;11;610;7050;TAATCATTTTC;11;7670;194;TCAAATCAAT;10;7874;DI_I.D;0
Homo_sapiens;TCACATCACC;10;628;24;TAGCCTTTCTA;11;661;13337;TAGAAAAGCTA;11;14008;16;TCACAGCACC;10;14034;DI_I.D;0
Homo_sapiens;TCACATCACC;10;628;24;TAGCCTTTCTA;11;661;13337;TAGAAAAGCTA;11;14008;16;TCACAGCACC;10;14034;D.I_ID;0
Homo_sapiens;TCACATCACC;10;628;24;TAGCCTTTCTA;11;661;13337;TAGAAAAGCTA;11;14008;122;TCACATAACC;10;14140;DI_I.D;0
Homo_sapiens;CATCACCCCA;10;631;21;TAGCCTTTCTA;11;661;13337;TAGAAAAGCTA;11;14008;42;CATCACCTCA;10;14060;DI_I.D;0
Homo_sapiens;ATCAAAAGGA;10;740;18;AGCAATGCAGC;11;767;6131;GCTGCAGTGCT;11;6908;127;ATCAATAGGA;10;7045;DI_I.D;0
Homo_sapiens;AAACTCACCT;10;975;168;CAGCTTAAAAC;11;1152;4610;GTTTGAAGCTG;11;5772;27;AAAATCACCT;10;5809;D.I_ID;0
Homo_sapiens;ACACAAAATA;10;1007;162;GTGCTTCATAT;11;1178;2855;ATATGACGCAC;11;4043;16;ACACAACATA;10;4069;D.I_ID;0
Homo_sapiens;TAGCCCTAAA;10;1094;5;AACAGTTAAAT;11;1108;967;ATTTAACTGTT;11;2085;75;TAGGCCTAAA;10;2170;DI_I.D;0
Homo_sapiens;CTCAGCCTAT;10;1247;91;GTGGCAAGAAA;11;1347;5817;TTTCTTCCCAC;11;7174;9;CTCGGCCTAT;10;7193;D.I_ID;0
Homo_sapiens;CAAAGCACCC;10;1618;17;ATTTCAACTTA;11;1644;3902;TAAGTTGCAAT;11;5556;132;CTAAGCACCC;10;5698;DI_I.D;0
Homo_sapiens;AAACCCACTC;10;1685;40;AAATAAAGTAT;11;1734;3821;ATACTTAATTT;11;5565;23;AACCCCACTC;10;5598;D.I_ID;0
Homo_sapiens;TAGTACCGCA;10;1779;26;AGCATAATATA;11;1814;3266;TATATTATCCT;11;5090;4;TACTACCGCA;10;5104;DI_I.D;0
Homo_sapiens;TAGTACCGCA;10;1779;26;AGCATAATATA;11;1814;3266;TATATTATCCT;11;5090;4;TACTACCGCA;10;5104;D.I_ID;0
Homo_sapiens;TACCGCAAGG;10;1782;93;AGAGCCAAAGC;11;1884;6978;GCTTTCGCTCT;11;8872;29;TACCACAAGG;10;8911;D.I_ID;0
Homo_sapiens;AAGATGAAAA;10;1794;188;CAAACCTACCG;11;1991;3765;CGGCAGGTTTG;11;5766;27;AATATGAAAA;10;5803;D.I_ID;0
Homo_sapiens;CCCTATACCT;10;1837;5;CATAATGAATT;11;1851;3937;AATTCAATATG;11;5798;144;CACTATACCT;10;5952;DI_I.D;0
Homo_sapiens;AATTAACTAG;10;1858;65;CTAAAAGAGCA;11;1932;8047;TACTCTTTTAG;11;9989;24;AATTAACTAG;10;10023;D.I_ID;0
Homo_sapiens;AGACCCCCGA;10;1897;15;CCTAAGAACAG;11;1921;2179;CTGTTCTTATG;11;4110;13;ATACCCCCGA;10;4133;DI_I.D;0
Homo_sapiens;AGACCCCCGA;10;1897;15;CCTAAGAACAG;11;1921;2179;CTGTTCTTATG;11;4110;13;ATACCCCCGA;10;4133;D.I_ID;0
Homo_sapiens;GACCCCCGAA;10;1898;19;GAACAGCTAAA;11;1926;8970;TTTAGCTGTTC;11;10906;17;GACCCCCTAA;10;10933;DI_I.D;0
Homo_sapiens;GACCCCCGAA;10;1898;19;GAACAGCTAAA;11;1926;8970;TTTAGCTGTTC;11;10906;17;GACCCCCTAA;10;10933;D.I_ID;0
Homo_sapiens;GACCCCCGAA;10;1898;197;GAGGAACAGCT;11;2104;8795;AGCTGTTCCCC;11;10909;14;GACCCCCTAA;10;10933;D.I_ID;0
Homo_sapiens;TACCTAAGAA;10;1919;185;CTCTTTGGACA;11;2113;7304;TGTCCAAAAAG;11;9427;29;TACCTCAGAA;10;9466;D.I_ID;0
Homo_sapiens;AGATTTATAG;10;1971;11;CAAACCTACCG;11;1991;3765;CGGCAGGTTTG;11;5766;78;AGATTTACAG;10;5854;DI_I.D;0
Homo_sapiens;AAATCCCCTT;10;2071;24;GAGGAACAGCT;11;2104;8795;AGCTGTTCCCC;11;10909;147;AAATCTCCTT;10;11066;DI_I.D;0
Homo_sapiens;AGGAACAGCT;10;2105;19;AACCTTGTAGA;11;2133;3917;TCTACAACGTT;11;6060;198;AGGAACAGGT;10;6268;DI_I.D;0
Homo_sapiens;GAACAGCTCT;10;2107;62;AAAGCAGCCAC;11;2178;1587;GTGGCTCCTTT;11;3775;28;GAACACCTCT;10;3813;D.I_ID;0
Homo_sapiens;TAGTAGGCCT;10;2167;14;AATTAAGAAAG;11;2190;2871;CATTCTTAATT;11;5071;139;TAGGAGGCCT;10;5220;DI_I.D;0
Homo_sapiens;ACTCCTCACA;10;2250;40;GTTAGTATAAG;11;2299;8645;CTAATACTAAC;11;10954;13;ACCCCTCACA;10;10977;D.I_ID;0
Homo_sapiens;CCAATTGGAC;10;2261;28;TGTTAGTATAA;11;2298;3185;TTATACTAATA;11;5493;158;CCAATGGGAC;10;5661;DI_I.D;0
Homo_sapiens;ATCACCCTAT;10;2277;13;GTTAGTATAAG;11;2299;8645;CTAATACTAAC;11;10954;191;ATCACCCGAT;10;11155;DI_I.D;0
Homo_sapiens;TCACCTCTAG;10;2509;10;TATTAGAGGCA;11;2528;7770;TGCCACTAATA;11;10308;193;TCACTTCTAG;10;10511;DI_I.D;0
Homo_sapiens;TCTCTTACTT;10;2655;6;CAGTGAAATTG;11;2670;11349;CAATTTCACAG;11;14029;62;TCTCTTTCTT;10;14101;DI_I.D;0
Homo_sapiens;AATCCTATTC;10;2944;17;AATAGGGTTTA;11;2970;10707;TAAACCCCATT;11;13687;18;AAGCCTATTC;10;13715;DI_I.D;0
Homo_sapiens;AATCCTATTC;10;2944;17;AATAGGGTTTA;11;2970;10707;TAAACCCCATT;11;13687;18;AAGCCTATTC;10;13715;D.I_ID;0
Homo_sapiens;GTTCAACGAT;10;3039;20;AGTTCAGACCG;11;3068;4694;CCGTCTGAACT;11;7772;69;GGTCAACGAT;10;7851;DI_I.D;0
Homo_sapiens;TAAAACTCTT;10;3463;142;ATTTATTCTAG;11;3614;4591;CTAGAATTAAT;11;8215;6;TAAAAATCTT;10;8231;D.I_ID;0
Homo_sapiens;CTTCTACTAT;10;3552;31;TCAACCTCAAC;11;3592;1363;GTTGAGGTGGA;11;4965;175;CTACTACTAT;10;5150;DI_I.D;1
Homo_sapiens;TGAACCCCCC;10;3561;21;GTCAACCTCAA;11;3591;4390;TTGACGTTGAC;11;7991;21;TGAAGCCCCC;10;8022;DI_I.D;0
Homo_sapiens;TGAACCCCCC;10;3561;21;GTCAACCTCAA;11;3591;4390;TTGACGTTGAC;11;7991;21;TGAAGCCCCC;10;8022;D.I_ID;0
Homo_sapiens;AACCCCCCTC;10;3563;16;CTGGTCAACCT;11;3588;2676;AGGTTGAACAG;11;6274;158;AACGCCCCTC;10;6442;DI_I.D;0
Homo_sapiens;CCCCATACCC;10;3572;33;ATTTATTCTAG;11;3614;4591;CTAGAATTAAT;11;8215;181;CCCCATACTC;10;8406;DI_I.D;0
Homo_sapiens;CCATACCCAA;10;3574;20;CTAGGCCTCCT;11;3603;945;AGTAGGCCTAG;11;4558;154;CCATAACCAA;10;4722;DI_I.D;0
Homo_sapiens;CCAACCCCCT;10;3580;20;CTCCTATTTAT;11;3609;10973;ATAAATAGGAG;11;14592;163;CTAACCCCCT;10;14765;DI_I.D;0
Homo_sapiens;AACCCCCTGG;10;3582;22;TATTTATTCTA;11;3613;670;TAGAGTAAATA;11;4293;169;AATCCCCTGG;10;4472;DI_I.D;0
Homo_sapiens;ATCATGACCC;10;3836;7;ATAATATGATT;11;3852;7241;AATCATATTTT;11;11103;39;ATCATCACCC;10;11152;DI_I.D;0
Homo_sapiens;TCATGACCCT;10;3837;155;TATAATAAACA;11;4001;6576;TGTTCATTATA;11;10587;8;TCATAACCCT;10;10605;D.I_ID;0
Homo_sapiens;CACTAGCAGA;10;3871;31;AGGGGAGTCCG;11;3911;9107;CTGACTCCCCT;11;13028;91;CCCTAGCAGA;10;13129;DI_I.D;0
Homo_sapiens;CTTGCCGAAG;10;3903;21;GGCTTCAACAT;11;3933;7474;ATGTCGAAGCC;11;11417;22;CTTGCCGCAG;10;11449;DI_I.D;0
Homo_sapiens;CTTGCCGAAG;10;3903;21;GGCTTCAACAT;11;3933;7474;ATGTCGAAGCC;11;11417;22;CTTGCCGCAG;10;11449;D.I_ID;0
Homo_sapiens;TAACCTCCCT;10;4102;91;ATTACTTATAT;11;4202;8115;ATAAAAGTAAT;11;12327;18;TAACCACCCT;10;12355;D.I_ID;0
Homo_sapiens;ACCACTCACC;10;4187;12;TATATGATATG;11;4208;5007;CCTATCATATA;11;9225;179;ACCACACACC;10;9414;DI_I.D;0
Homo_sapiens;ATTTTTTACC;10;4546;3;AGTAGGCCTAG;11;4558;6123;CTAGCCCTACT;11;10691;177;ATTTTTTAAC;10;10878;DI_I.D;0
Homo_sapiens;AGTAGGCCTA;10;4558;13;CTAGCTTTTAT;11;4580;2843;ATAAAATCTAG;11;7433;159;AGTAGGTCTA;10;7602;DI_I.D;0
Homo_sapiens;AATGAACCAT;10;4716;34;AATCATAATAG;11;4759;1833;CTATTCTGATT;11;6602;83;AAAGAACCAT;10;6695;DI_I.D;0
Homo_sapiens;AAGCCTTCTC;10;4921;156;TATTTATATTA;11;5086;2200;TAATATTAATA;11;7296;17;AAGCCTTCGC;10;7323;D.I_ID;0
Homo_sapiens;ATTAAACCAA;10;4975;89;TTCTTAATTTA;11;5073;9414;TAAATTAAAAA;11;14497;5;ATTAAACCCA;10;14512;D.I_ID;0
Homo_sapiens;CCTCAATTAC;10;5013;9;GATGAATAATA;11;5031;5294;TATTAATCATC;11;10335;129;CCTCATTTAC;10;10474;DI_I.D;0
Homo_sapiens;CCTCAATTAC;10;5013;52;TCTTAATTTAA;11;5074;5358;TTAAATTATGA;11;10442;22;CCTCATTTAC;10;10474;D.I_ID;0
Homo_sapiens;ATGAATAATA;10;5032;33;TCTTAATTTAA;11;5074;5358;TTAAATTATGA;11;10442;118;AGGAATAATA;10;10570;DI_I.D;0
Homo_sapiens;CCCTAACATA;10;5059;189;ATGGGCCATTA;11;5257;2316;TAATGGCACAT;11;7583;33;CCCTATCATA;10;7626;D.I_ID;0
Homo_sapiens;CCCTAACATA;10;5059;199;ATCGAAGAATT;11;5267;10305;AATTCTCCGAT;11;15582;5;CCCTAACAAA;10;15597;D.I_ID;0
Homo_sapiens;AACTTAAACT;10;5126;123;TGGGCCATTAT;11;5258;6436;ATAATCGCCCA;11;11704;35;AACTCAAACT;10;11749;D.I_ID;0
Homo_sapiens;CTACTTCTAC;10;5338;182;CAGACCAAGAG;11;5529;910;CTCTTCGTCTG;11;6449;23;CTACTTCTCC;10;6482;D.I_ID;0
Homo_sapiens;AATCACACTA;10;5371;23;AAATAAAATGA;11;5403;3180;TCATTCTATTT;11;8593;69;AATCAAACTA;10;8672;DI_I.D;0
Homo_sapiens;ATCTAACAAC;10;5389;118;TTTAGGTTAAA;11;5516;6621;TTTAACCAAAA;11;12147;14;ATCTGACAAC;10;12171;D.I_ID;0
Homo_sapiens;CTACCTATCT;10;5477;9;ATACTAATAAT;11;5495;5350;ATTATTAGCAT;11;10855;175;CTACCTCTCT;10;11040;DI_I.D;0
Homo_sapiens;ATAATCTTAT;10;5501;19;CAGACCAAGAG;11;5529;910;CTCTTCGTCTG;11;6449;174;ATATTCTTAT;10;6633;DI_I.D;0
Homo_sapiens;AAACCACAAA;10;5932;18;CCTATTATTCG;11;5959;7435;CGAAAAATAGG;11;13404;111;AAACCGCAAA;10;13525;DI_I.D;0
Homo_sapiens;AGGCACAGCT;10;5989;88;GCATTTGTAAT;11;6086;2790;ATTAAAAATGC;11;8886;22;AGGCACACCT;10;8918;D.I_ID;0
Homo_sapiens;CACATCTACA;10;6056;21;GCATTTGTAAT;11;6086;2790;ATTAAAAATGC;11;8886;25;CACACCTACA;10;8921;DI_I.D;0
Homo_sapiens;CACATCTACA;10;6056;21;GCATTTGTAAT;11;6086;2790;ATTAAAAATGC;11;8886;25;CACACCTACA;10;8921;D.I_ID;0
Homo_sapiens;CATCTACAAC;10;6058;22;TTTGTAATAAT;11;6089;2402;ATTATAACAAA;11;8501;125;CATCAACAAC;10;8636;DI_I.D;0
Homo_sapiens;ACAGCCCATG;10;6077;167;AGTGGAGGCCG;11;6253;5125;CGGACTCCACT;11;11388;12;AAAGCCCATG;10;11410;D.I_ID;0
Homo_sapiens;AATACCCATC;10;6112;6;CGGAGGCTTTG;11;6127;8101;CAAAGCCCCCG;11;14238;200;AATAGCCATC;10;14448;DI_I.D;0
Homo_sapiens;CTAACCATCT;10;6335;33;TTAGGGGCCAT;11;6377;2863;ATGACCCCTAA;11;9250;99;CTAACCATAT;10;9359;DI_I.D;0
Homo_sapiens;ACACCTAGCA;10;6352;141;AGTCCTAGCTG;11;6502;6748;CAACTAGGACT;11;13260;31;ACACCTAGCA;10;13301;D.I_ID;0
Homo_sapiens;GCAACCTCAA;10;6540;23;GGAGGAGGAGA;11;6572;7465;TCTCCACCTCC;11;14047;104;GCAATCTCAA;10;14161;DI_I.D;0
Homo_sapiens;ACCTCAACAC;10;6543;20;GGAGGAGGAGA;11;6572;7465;TCTCCACCTCC;11;14047;7;ACCTCAACCC;10;14064;DI_I.D;0
Homo_sapiens;ACCTCAACAC;10;6543;20;GGAGGAGGAGA;11;6572;7465;TCTCCACCTCC;11;14047;7;ACCTCAACCC;10;14064;D.I_ID;0
Homo_sapiens;CTTCGACCCC;10;6559;6;AGGAGGAGACC;11;6574;6394;GGCCTCCTCCT;11;12978;133;CTTCCACCCC;10;13121;DI_I.D;0
Homo_sapiens;TATACCAACA;10;6591;69;ATATTGTAACT;11;6669;7490;AATTACAATAT;11;14169;2;TACACCAACA;10;14181;D.I_ID;0
Homo_sapiens;CTTACTACTC;10;6678;57;GCTTCCTAGGG;11;6744;8614;CCCTAGGAATC;11;15368;32;CTTACTACAC;10;15410;D.I_ID;0
Homo_sapiens;AAAAGAACCA;10;6694;76;TTTACAGTAGG;11;6779;1503;CCCACTGTAAA;11;8292;35;AAGAGAACCA;10;8337;D.I_ID;0
Homo_sapiens;GCACACCATA;10;6767;3;TTTACAGTAGG;11;6779;1503;CCCACTGTAAA;11;8292;89;GCCCACCATA;10;8391;DI_I.D;0
Homo_sapiens;CCAAAATCCA;10;7131;161;TTAATAATTTT;11;7301;7195;AAAACTATTAA;11;14506;17;CCAAAATTCA;10;14533;D.I_ID;0
Homo_sapiens;GGCCTATCCG;10;7196;131;GAAGCGAAAAG;11;7336;1192;CTGTTCGCTTC;11;8538;23;GGCCTACCCG;10;8571;D.I_ID;0
Homo_sapiens;AACATCCTAT;10;7253;89;AATAGTAGAAG;11;7351;3509;CCTCTACTATT;11;10870;17;AACAACCTAT;10;10897;D.I_ID;0
Homo_sapiens;GCCTCCATGA;10;7497;8;AAAAAGGTATT;11;7514;8409;AAAACCTTTTT;11;15933;166;GCCACCATGA;10;16109;DI_I.D;0
Homo_sapiens;TACTTCCCCT;10;7620;73;TATGCCCTTTT;11;7702;6362;AAAAAGGCATA;11;14074;10;TACTTCCTCT;10;14094;D.I_ID;0
Homo_sapiens;ACGCCCTCAT;10;7661;25;AGTCCTGTATG;11;7695;4236;CTTACAGGACT;11;11941;108;ACACCCTCAT;10;12059;DI_I.D;0
Homo_sapiens;CTCATAATCA;10;7666;27;TATGCCCTTTT;11;7702;6362;AAAAAGGCATA;11;14074;49;CTCCTAATCA;10;14133;DI_I.D;0
Homo_sapiens;CTAACTAATA;10;7732;22;AAATAGAAACC;11;7763;1940;GGTCTCTATTT;11;9713;145;CCAACTAATA;10;9868;DI_I.D;0
Homo_sapiens;GAAGCCCCCA;10;8023;35;CTCATGAGCTG;11;8067;4837;CAACTCATGAG;11;12914;123;GAAGGCCCCA;10;13047;DI_I.D;0
Homo_sapiens;ATTTACCCTA;10;8256;12;CTACCCCCTCT;11;8277;4480;AGAGGGCGTAG;11;12767;122;ATTTATCCTA;10;12899;DI_I.D;0
Homo_sapiens;TCCAAATATC;10;8625;26;CCAACAATGAC;11;8660;1157;GTCATTATTGG;11;9827;53;TCCAAACATC;10;9890;DI_I.D;0
Homo_sapiens;AGCCCTCCTA;10;9274;199;TTCTTCGCAGG;11;9482;1179;CCTGCGAAGCA;11;10671;12;AGCCCTACTA;10;10693;D.I_ID;0
Homo_sapiens;CTCATACTAG;10;9332;151;GATTTTTCTGA;11;9492;3726;TCAAAAAAATC;11;13228;31;CTCATAATAG;10;13269;D.I_ID;0
Homo_sapiens;CTATTTATTA;10;9458;15;TTCTTCGCAGG;11;9482;1179;CCTGCGAAGCA;11;10671;195;CTATTTTTTA;10;10876;DI_I.D;0
Homo_sapiens;AACACATCCG;10;9602;12;TCAGGAGTATC;11;9623;4805;GATACTCCTCA;11;14438;102;AACACACCCG;10;14550;DI_I.D;0
Homo_sapiens;ACTTCGAGTC;10;9747;36;CATTTTTTGTA;11;9792;3412;TACACAAAATG;11;13214;27;ACTTCAAGTC;10;13251;D.I_ID;0
Homo_sapiens;ACTTCGAGTC;10;9747;173;TGGCATTTTGT;11;9929;3278;ACAAAATGACA;11;13217;24;ACTTCAAGTC;10;13251;D.I_ID;0
Homo_sapiens;CGGCATCTAC;10;9775;8;CATTTTTTGTA;11;9792;3412;TACACAAAATG;11;13214;62;CGGCATCAAC;10;13286;DI_I.D;0
Homo_sapiens;TACATCCAAA;10;9886;78;CTATTGATGAG;11;9973;4459;CTCCTCAATAG;11;14442;13;TATATCCAAA;10;14465;D.I_ID;0
Homo_sapiens;CTTCGAAGCC;10;9907;13;TGGCATTTTGT;11;9929;3278;ACAAAATGACA;11;13217;110;CTTCAAAGCC;10;13337;DI_I.D;0
Homo_sapiens;CTTCGAAGCC;10;9907;23;TAGATGTGGTT;11;9939;3348;AACCACACCTA;11;13297;30;CTTCAAAGCC;10;13337;DI_I.D;0
Homo_sapiens;CTTCGAAGCC;10;9907;23;TAGATGTGGTT;11;9939;3348;AACCACACCTA;11;13297;30;CTTCAAAGCC;10;13337;D.I_ID;0
Homo_sapiens;TAAATAGTAC;10;10002;162;GCGGCTTCGAC;11;10173;1236;GTCGAAGCCCC;11;11419;11;TCAATAGTAC;10;11440;D.I_ID;0
Homo_sapiens;TGACAACATT;10;10036;7;AGAGTAATAAA;11;10052;3501;TCTATTACTCT;11;13563;169;TAACAACATT;10;13742;DI_I.D;0
Homo_sapiens;AGGAATAATA;10;10570;47;CCCTCTTAGCC;11;10626;2126;GGCTGAGAGGG;11;12762;4;AGGAATTATA;10;12776;D.I_ID;0
Homo_sapiens;ACCCTCAACA;10;10610;7;CCCTCTTAGCC;11;10626;2126;GGCTGAGAGGG;11;12762;153;ACCCACAACA;10;12925;DI_I.D;0
Homo_sapiens;TTAGCATCAT;10;10859;56;TTTTCCTCCGA;11;10924;4824;TCGGAGGACAA;11;15758;17;TTACCATCAT;10;15785;D.I_ID;0
Homo_sapiens;CCCTAACAAC;10;10937;32;CCCCTCACAAT;11;10978;4174;ATTCTGAGGGG;11;15162;145;CCCTAGCAAC;10;15317;DI_I.D;0
Homo_sapiens;CCCCCTCCTA;10;10947;22;CCCCTCACAAT;11;10978;4174;ATTCTGAGGGG;11;15162;158;CCACCTCCTA;10;15330;DI_I.D;0
Homo_sapiens;TACCCCTCAC;10;10976;129;ATATCTTCTTC;11;11114;2268;GAACAAGATAT;11;13392;30;TACCTCTCAC;10;13432;D.I_ID;0
Homo_sapiens;CCAAACCCCC;10;11667;55;TTACTATTCTG;11;11731;2800;CAGAATAATAA;11;14541;31;CTAAACCCCC;10;14582;D.I_ID;0
Homo_sapiens;CTCATAATCG;10;11701;116;TTTTTGATGAC;11;11826;1388;GACATCAAAAA;11;13224;35;CTCATAATAG;10;13269;D.I_ID;0
Homo_sapiens;AAACTCTACT;10;11804;6;TAATAGCTTTT;11;11819;2182;AAAAGCTATTA;11;14011;67;AAACTTTACT;10;14088;DI_I.D;0
Homo_sapiens;ACCCCACTAC;10;12966;4;GCCTCCTCCTA;11;12979;1608;TAGGAGAAGGC;11;14597;142;ACCCCAATAC;10;14749;DI_I.D;0
Homo_sapiens;AAAATCCCCA;10;13874;102;ACTCCTCCTAG;11;13985;1612;CTAGGAGGCGT;11;15607;35;ATAATCCCCA;10;15652;D.I_ID;0
Homo_sapiens;ATTATAATAA;10;3999;191;AGCATTACTTA;11;4199;12572;TAATTAATGCT;11;16781;9;ATAATAATAA;10;16800;D.I_ID;0
Homo_sapiens;AGACATCGTA;10;6991;35;ACTATGTCCTA;11;7035;9749;TAGGACATAAT;11;16794;38;AGACATCATA;10;16842;DI_I.D;0
Homo_sapiens;TTGTATTAGC;10;6969;140;GACCAAACCTA;11;7118;10090;TAGGTTTGGTC;11;17218;8;TTCTATTAGC;10;17236;D.I_ID;0
Homo_sapiens;CTCGCCACAC;10;6872;27;GCTGCAGTGCT;11;6908;10418;AGCAATGCAGC;11;17336;15;CTAGCCACAC;10;17361;DI_I.D;0
Homo_sapiens;CTCGCCACAC;10;6872;27;GCTGCAGTGCT;11;6908;10418;AGCAATGCAGC;11;17336;15;CTAGCCACAC;10;17361;D.I_ID;0
Homo_sapiens;TCACACGATT;10;15269;64;CTTGCACGAAA;11;15342;2099;TTTCGTGCCAG;11;17451;10;TCACACGATT;10;17471;D.I_ID;0
Homo_sapiens;CGATAAACCC;10;1215;124;TGGCAAGAAAT;11;1348;16092;ATTTCGTGCCA;11;17450;16;CGATTAACCC;10;17476;D.I_ID;0
Homo_sapiens;CCTCCCGAAT;10;14261;123;CTAAAACACTC;11;14393;3106;GAGTGTTTTAG;11;17509;8;CCTCCCCAAT;10;17527;D.I_ID;0
Homo_sapiens;CCTTAACAGT;10;16294;11;TAAAGCCATTT;11;16314;1270;AAGTGGCTTTA;11;17594;69;CCTCAACAGT;10;17673;DI_I.D;0
Homo_sapiens;CCTTAACAGT;10;16294;167;GGGGTAGCTAA;11;16470;1164;TTAGATACCCC;11;17644;19;CCTCAACAGT;10;17673;D.I_ID;0
Homo_sapiens;GTGAAATCAA;10;16411;50;GGGGTAGCTAA;11;16470;1164;TTAGATACCCC;11;17644;27;GTTAAATCAA;10;17681;D.I_ID;0
Homo_sapiens;CAACAAACCT;10;16278;27;TAAAGCCATTT;11;16314;1270;AAGTGGCTTTA;11;17594;84;CAACAAAACT;10;17688;DI_I.D;0
Homo_sapiens;CAACAAACCT;10;16278;183;GGGGTAGCTAA;11;16470;1164;TTAGATACCCC;11;17644;34;CAACAAAACT;10;17688;D.I_ID;0
Homo_sapiens;CCATAACACT;10;16458;3;GGGGTAGCTAA;11;16470;1164;TTAGATACCCC;11;17644;49;CCAGAACACT;10;17703;DI_I.D;0
Homo_sapiens;ACAGCTAAAA;10;1928;148;ATTTAACTGTT;11;2085;15582;AACAGTTAAAT;11;17677;33;ACAGCTTAAA;10;17720;D.I_ID;0
Homo_sapiens;CACCCCCTCT;10;8269;3;CCCCTCTAGAG;11;8281;9469;CTCTAGAGGAG;11;17760;34;CACCACCTCT;10;17804;DI_I.D;0
Homo_sapiens;CACCCCCTCT;10;8269;3;CCCCTCTAGAG;11;8281;9469;CTCTAGAGGAG;11;17760;34;CACCACCTCT;10;17804;D.I_ID;0
Homo_sapiens;CATTTCACTA;10;7139;26;TTTCTTCCCAC;11;7174;10732;GTGGCAAGAAA;11;17916;160;CATTTAACTA;10;18086;DI_I.D;0
Homo_sapiens;ATCCCCTTAT;10;8841;22;GCTTTCGCTCT;11;8872;9571;AGAGCCAAAGC;11;18453;179;ATCCCCTTGT;10;18642;DI_I.D;0
Homo_sapiens;GAAAAAAACT;10;11030;22;CCTACAAATCT;11;11061;7469;AGATTTATAGG;11;18540;147;GAAAAAACCT;10;18697;DI_I.D;0
Homo_sapiens;GTAGACCTAA;10;6329;26;TGTCTCCTCTA;11;6364;12177;TAGAGGCGACA;11;18551;177;GTAGGCCTAA;10;18738;DI_I.D;0
Homo_sapiens;ACCCACCAAT;10;9209;121;TAGGCCTACTA;11;9339;9387;TAGTAGGCCTA;11;18736;6;AGCCACCAAT;10;18752;D.I_ID;0
Homo_sapiens;TCAAACTCAA;10;3672;94;GTGGCTCCTTT;11;3775;14962;AAAGCAGCCAC;11;18747;16;TCAAGCTCAA;10;18773;D.I_ID;0
Homo_sapiens;CACCCTCTAC;10;3509;18;AGCTCTCACCA;11;3536;15029;TGGTGATAGCT;11;18575;198;CACCCACTAC;10;18783;DI_I.D;0
Homo_sapiens;CCCTAACATA;10;5059;3;CATTCTTAATT;11;5071;13678;AATTAAGAAAG;11;18759;33;CCCAAACATA;10;18802;DI_I.D;0
Homo_sapiens;CCCTAACATA;10;5059;3;CATTCTTAATT;11;5071;13678;AATTAAGAAAG;11;18759;33;CCCAAACATA;10;18802;D.I_ID;0
Homo_sapiens;CAATCATATA;10;4887;175;CATTCTTAATT;11;5071;13678;AATTAAGAAAG;11;18759;35;CAAACATATA;10;18804;D.I_ID;0
Homo_sapiens;CTCCTCATAC;10;9329;1;TAGGCCTACTA;11;9339;9387;TAGTAGGCCTA;11;18736;74;CTCCTCACAC;10;18820;DI_I.D;0
Homo_sapiens;ACCCTATGGA;10;2724;159;ATTGATCCAAT;11;2892;15931;ATTGGACCAAT;11;18833;6;ACCCTATAGA;10;18849;D.I_ID;0
Homo_sapiens;TTTTCCTCCG;10;10924;21;CTAATACTAAC;11;10954;7904;GTTAGTATAAG;11;18868;14;TTCTCCTCCG;10;18892;DI_I.D;0
Homo_sapiens;TTTTCCTCCG;10;10924;21;CTAATACTAAC;11;10954;7904;GTTAGTATAAG;11;18868;14;TTCTCCTCCG;10;18892;D.I_ID;0
Homo_sapiens;CTTACCACGC;10;5462;22;TTATACTAATA;11;5493;13364;TGTTAGTATAA;11;18867;175;CTTACCCCGC;10;19052;DI_I.D;0
Homo_sapiens;ACCTGCCCCT;10;13975;45;CAATTTCACAG;11;14029;5200;CAGTGAAATTG;11;19239;1;ACCTGCCCGT;10;19250;D.I_ID;0
Homo_sapiens;AAAAGGCGGG;10;5748;67;CTGGTAAAAAG;11;5824;13397;CTTTTAACCAG;11;19231;20;AAGAGGCGGG;10;19261;D.I_ID;0
Homo_sapiens;GCATCACACA;10;13927;93;CAATTTCACAG;11;14029;5200;CAGTGAAATTG;11;19239;21;GCATAACACA;10;19270;D.I_ID;0
Homo_sapiens;AGCTTTTATT;10;4582;20;TAAACCCTCGT;11;4611;14588;ACGAGGGTTCA;11;19209;83;AGCTTTAATT;10;19302;DI_I.D;0
Homo_sapiens;CTACCAAACC;10;2784;1;TGCATTAAAAA;11;2794;16507;TTATTAATGCA;11;19311;9;CTAACAAACC;10;19330;DI_I.D;0
Homo_sapiens;CTACCAAACC;10;2784;1;TGCATTAAAAA;11;2794;16507;TTATTAATGCA;11;19311;9;CTAACAAACC;10;19330;D.I_ID;0
Homo_sapiens;ACCTAACCTG;10;13996;24;CAATTTCACAG;11;14029;5200;CAGTGAAATTG;11;19239;106;ACCAAACCTG;10;19355;DI_I.D;0
Homo_sapiens;CCCCACCTCC;10;8618;127;ATTTTTATTGC;11;8754;10600;GCATTAAAAAT;11;19364;28;CCCAACCTCC;10;19402;D.I_ID;0
Homo_sapiens;TTCCCCCGCA;10;13751;194;TAGGCCTTCTT;11;13954;5745;AATAAGGCCTA;11;19709;15;TTCCCCCGTA;10;19734;D.I_ID;0
Homo_sapiens;TAACATCTCA;10;7743;20;CCGTCTGAACT;11;7772;11855;AGTTCAGACCG;11;19637;102;TATCATCTCA;10;19749;DI_I.D;0
Homo_sapiens;ACCCACAGCC;10;10843;103;TAATACTAACT;11;10955;8794;ACTTAGTATTA;11;19759;2;ACCCACACCC;10;19771;D.I_ID;0
Homo_sapiens;AACATAAAAC;10;12031;78;ATTACCGGGTT;11;12118;7683;AGCCCGGTAAT;11;19811;8;AACTTAAAAC;10;19829;D.I_ID;0
Homo_sapiens;CTTAAAAACA;10;8091;195;ACTGTAAAGCT;11;8295;11531;AACTTTACAGT;11;19836;20;CTTAACAACA;10;19866;D.I_ID;0
Homo_sapiens;TATACTACTA;10;6523;78;ATTTTTCGGTC;11;6610;13324;GAACGAAAAAT;11;19944;10;TATACAACTA;10;19964;D.I_ID;0
Homo_sapiens;ACTACTCAAA;10;13418;37;AGCCTAGCATT;11;13464;6478;AATTCTAGGCT;11;19952;8;ACTACGCAAA;10;19970;D.I_ID;0
Homo_sapiens;CAAACGCCCC;10;6440;161;ATTTTTCGGTC;11;6610;13324;GAACGAAAAAT;11;19944;22;CAAAGGCCCC;10;19976;D.I_ID;0
Homo_sapiens;TACCAACACC;10;6593;8;ATTTTTCGGTC;11;6610;13324;GAACGAAAAAT;11;19944;118;TACCATCACC;10;20072;DI_I.D;0
Homo_sapiens;TACCTCTCAC;10;13432;23;AGCCTAGCATT;11;13464;6478;AATTCTAGGCT;11;19952;142;TAGCTCTCAC;10;20104;DI_I.D;0
Homo_sapiens;CCCTCACCAT;10;13450;5;AGCCTAGCATT;11;13464;6478;AATTCTAGGCT;11;19952;145;CTCTCACCAT;10;20107;DI_I.D;0
Homo_sapiens;AACCTCCCTC;10;13445;10;AGCCTAGCATT;11;13464;6478;AATTCTAGGCT;11;19952;170;AACCCCCCTC;10;20132;DI_I.D;0
Homo_sapiens;CCTAGTCCTC;10;7800;182;TTGACGTTGAC;11;7991;12159;GTCAACCTCAA;11;20160;1;CCTAGGCCTC;10;20171;D.I_ID;0
Homo_sapiens;CACCCTAGGC;10;11265;62;ACTTAATATGA;11;11336;8949;TCATATGAAGT;11;20295;1;CACCCTAGCC;10;20306;D.I_ID;0
Homo_sapiens;TATCCATCAT;10;4947;9;GTTGAGGTGGA;11;4965;15186;TCAACCTCAAC;11;20161;140;TAGCCATCAT;10;20311;DI_I.D;0
Homo_sapiens;AACCCCCCTC;10;10944;150;AATCATATTTT;11;11103;9308;ATAATATGATT;11;20421;28;AACCCCCTTC;10;20459;D.I_ID;0
Homo_sapiens;ATCATCCTAG;10;10343;94;ATTATGATAAT;11;10446;10109;ATTATTATAAT;11;20565;20;ATCTTCCTAG;10;20595;D.I_ID;0
Homo_sapiens;TATCCTCCCT;10;10548;30;TGTTCATTATA;11;10587;9973;TATAATAAACA;11;20570;91;TAACCTCCCT;10;20671;DI_I.D;0
Homo_sapiens;ATGATTTCGA;10;10428;9;ATTATGATAAT;11;10446;10109;ATTATTATAAT;11;20565;112;ATGAATTCGA;10;20687;DI_I.D;0
Homo_sapiens;AGCATACTCC;10;5005;18;ATGAATAATAG;11;5032;15496;CTATTCTTCAT;11;20538;151;AGCATACCCC;10;20699;DI_I.D;0
Homo_sapiens;CATACTCCTC;10;5007;16;ATGAATAATAG;11;5032;15496;CTATTCTTCAT;11;20538;181;CATACACCTC;10;20729;DI_I.D;0
Homo_sapiens;AATAAACTTC;10;10057;7;ATTTTAATAAT;11;10073;10482;ATTATTATAAT;11;20565;169;AAAAAACTTC;10;20744;DI_I.D;0
Homo_sapiens;AAAATTCTTC;10;10216;17;TCTTATTATTT;11;10242;10616;AAATAATAGGA;11;20868;56;AAAATTCTCC;10;20934;DI_I.D;0
Homo_sapiens;ATTTTTTAAC;10;10878;31;CCAACCTTTTC;11;10918;10080;GAAAATGTTGG;11;21008;97;ATTTTTTACC;10;21115;DI_I.D;0
Homo_sapiens;CTAGCATTTA;10;10496;186;CTAGCCCTACT;11;10691;10426;AGTAGGCCTAG;11;21127;12;CTAGCTTTTA;10;21149;D.I_ID;0
Homo_sapiens;CAGTTCTACC;10;5043;122;AAGCTAACATG;11;5174;15961;CATGCTAGCTT;11;21145;7;CAGTTCTAAC;10;21162;D.I_ID;0
Homo_sapiens;TAGTAGCTAT;10;10227;98;TTATTAATCAT;11;10334;10975;ATCATTAATAA;11;21319;4;TAATAGCTAT;10;21333;D.I_ID;0
Homo_sapiens;TAATAGTTAT;10;10314;11;TTATTAATCAT;11;10334;10975;ATCATTAATAA;11;21319;4;TAATAGCTAT;10;21333;DI_I.D;0
Homo_sapiens;TAATAGTTAT;10;10314;11;TTATTAATCAT;11;10334;10975;ATCATTAATAA;11;21319;4;TAATAGCTAT;10;21333;D.I_ID;0
Homo_sapiens;TACTCCTCAA;10;14440;48;TAAATTAAAAA;11;14497;7135;TTCTTAATTTA;11;21642;35;TACTACTCAA;10;21687;D.I_ID;0
Homo_sapiens;ACTCAAGCAC;10;13078;8;GTAGCAGGAAT;11;13095;8577;ATTCCTACTAC;11;21682;10;ACTCCAGCAC;10;21702;DI_I.D;0
Homo_sapiens;ACTCAAGCAC;10;13078;8;GTAGCAGGAAT;11;13095;8577;ATTCCTACTAC;11;21682;10;ACTCCAGCAC;10;21702;D.I_ID;0
Homo_sapiens;ACAAAACACA;10;11518;177;ATAATCGCCCA;11;11704;10113;TGGGCCATTAT;11;21827;11;ACAAAAAACA;10;21848;D.I_ID;0
Homo_sapiens;AAAAAACTAT;10;14504;23;AAATTCAGAAT;11;14536;7095;ATTCTTAATTT;11;21641;199;AAAAAACAAT;10;21850;DI_I.D;0
Homo_sapiens;TCACACTTCT;10;9166;28;ATAATGACCCA;11;9203;12614;TGGGCCATTAT;11;21827;105;TCACACTACT;10;21942;DI_I.D;0
Homo_sapiens;CCTCCCCACA;10;15538;35;AATTCTCCGAT;11;15582;6244;ATCGAAGAATT;11;21836;166;CCTCCCCACA;10;22012;DI_I.D;0
Homo_sapiens;CCCCATACTC;10;8406;178;TCATTCTATTT;11;8593;13369;AAATAAAATGA;11;21972;33;CCCCACACTC;10;22015;D.I_ID;0
Homo_sapiens;CCCCACAATC;10;8558;26;TCATTCTATTT;11;8593;13369;AAATAAAATGA;11;21972;33;CCCCACACTC;10;22015;DI_I.D;0
Homo_sapiens;CCCCACAATC;10;8558;26;TCATTCTATTT;11;8593;13369;AAATAAAATGA;11;21972;33;CCCCACACTC;10;22015;D.I_ID;0
Homo_sapiens;CTTCGAAGCC;10;9907;11;ACTGGCATTTT;11;9927;12039;AAAATGACAGT;11;21976;124;CTTCAAAGCC;10;22110;DI_I.D;0
Homo_sapiens;TCACAGCCCT;10;11963;175;TTTAACCAAAA;11;12147;9928;TTTAGGTTAAA;11;22085;17;TCAAAGCCCT;10;22112;D.I_ID;0
Homo_sapiens;AAAACCCTCA;10;12036;102;TTTAACCAAAA;11;12147;9928;TTTAGGTTAAA;11;22085;19;AAAGCCCTCA;10;22114;D.I_ID;0
Homo_sapiens;AAAACCCCAC;10;14615;99;GTATTTCAACT;11;14723;7394;AGTTGCAATAC;11;22127;28;AAAACCCCAC;10;22165;D.I_ID;0
Homo_sapiens;AAACCCCATT;10;14625;89;GTATTTCAACT;11;14723;7394;AGTTGCAATAC;11;22127;29;AAACCCCACT;10;22166;D.I_ID;0
Homo_sapiens;CCAAATCAAC;10;10887;11;TTAGCTGTTCC;11;10907;11230;GTAACAGCTAA;11;22147;118;CCTAATCAAC;10;22275;DI_I.D;0
Homo_sapiens;CCGCCGCCTG;10;9915;52;TTGATGAGGGT;11;9976;12287;ACCCTAATCAA;11;22273;21;CCGCCGCCGG;10;22304;D.I_ID;0
Homo_sapiens;CATCCACAAC;10;13373;22;CGAAAAATAGG;11;13404;9114;CCTATTATTCG;11;22528;89;CATCTACAAC;10;22627;DI_I.D;0
Homo_sapiens;AGGCTTTCGC;10;8870;7;ATTAAAAATGC;11;8886;13759;GCATTTGTAAT;11;22655;34;AGGCTTTGGC;10;22699;DI_I.D;0
Homo_sapiens;AGGCTTTCGC;10;8870;7;ATTAAAAATGC;11;8886;13759;GCATTTGTAAT;11;22655;34;AGGCTTTGGC;10;22699;D.I_ID;0
Homo_sapiens;AACATTCTAC;10;11281;98;CGGACTCCACT;11;11388;11424;AGTGGAGGCCG;11;22822;17;AACAGTCTAC;10;22849;D.I_ID;0
Homo_sapiens;CTCCCTAAGC;10;12563;168;CAACCTATTCC;11;12740;10088;GGAACAGGTTG;11;22838;12;CTCCCTTAGC;10;22860;D.I_ID;0
Homo_sapiens;ACCACCTTCT;10;6551;12;GGAGGAGGAGA;11;6572;16213;TCTCCTACTCC;11;22795;102;ACCATCTTCT;10;22907;DI_I.D;0
Homo_sapiens;ACACTTATCA;10;9090;151;ATGACCCCTAA;11;9250;13686;TTAGGGGCCAT;11;22946;14;ACAATTATCA;10;22970;D.I_ID;0
Homo_sapiens;TCCTAATTAC;10;12706;25;CAACCTATTCC;11;12740;10088;GGAACAGGTTG;11;22838;186;TCCTAATCAC;10;23034;DI_I.D;0
Homo_sapiens;ATGCCAACAC;10;12823;146;GGCCTCCTCCT;11;12978;10155;AGGAGGAGACC;11;23143;8;ATACCAACAC;10;23161;D.I_ID;0
Homo_sapiens;TATTTCAACT;10;14724;155;GACTATTCCTA;11;14888;8457;TAGGAATAGAC;11;23355;16;TATTTCACCT;10;23381;D.I_ID;0
Homo_sapiens;TAACCCCACC;10;13673;31;GGAAGCCTATT;11;13713;9585;AATTGGCTTCC;11;23308;92;TATCCCCACC;10;23410;DI_I.D;0
Homo_sapiens;CTACACATCG;10;15031;17;CGGATCATTTC;11;15057;8400;GAAATGATCTG;11;23467;81;CTAGACATCG;10;23558;DI_I.D;0
Homo_sapiens;AGGAGGCTAC;10;15240;82;CACCTCCTATT;11;15331;8276;AATAGGAGCTG;11;23617;14;AGGAGGCTTC;10;23641;D.I_ID;0
Homo_sapiens;CTATTCTCTG;10;16013;181;GCAAGTACAGC;11;16203;7411;GCTGTATTTGC;11;23624;32;CTATTCTCAG;10;23666;D.I_ID;0
Homo_sapiens;CCACATCAAA;10;16172;22;GCAAGTACAGC;11;16203;7411;GCTGTATTTGC;11;23624;180;CCACATGAAA;10;23814;DI_I.D;0
Homo_sapiens;AGCCATCGCT;10;14451;46;AAAACTATTAA;11;14506;9354;TTAATAATTTT;11;23870;13;AGCCTTCGCT;10;23893;D.I_ID;0
Homo_sapiens;TAGAAAAACC;10;7524;17;AAAGTTAAATT;11;7550;16175;AATCTAACTTT;11;23735;180;TAGAAGAACC;10;23925;DI_I.D;0
Homo_sapiens;CCCACCATAA;10;8392;137;CTGTTCGCTTC;11;8538;15357;GAAGCGAAAAG;11;23905;18;CCCTCCATAA;10;23933;D.I_ID;0
Homo_sapiens;AAAACCTTTT;10;15933;18;GAAAAAGTCTT;11;15960;8102;ATGACTTTTTC;11;24072;15;AAAACCATTT;10;24097;DI_I.D;0
Homo_sapiens;AAAACCTTTT;10;15933;18;GAAAAAGTCTT;11;15960;8102;ATGACTTTTTC;11;24072;15;AAAACCATTT;10;24097;D.I_ID;0
Homo_sapiens;CTAGGCGACC;10;15493;144;CTAGCAATAAT;11;15646;8872;ATTATTCCTAG;11;24528;3;CCAGGCGACC;10;24541;D.I_ID;0
Homo_sapiens;TCCTCCTAGA;10;13987;35;ATTTCACAGCA;11;14031;10698;TGCTCTGAAAT;11;24739;30;TCGTCCTAGA;10;24779;DI_I.D;0
Homo_sapiens;TCCTCCTAGA;10;13987;35;ATTTCACAGCA;11;14031;10698;TGCTCTGAAAT;11;24739;30;TCGTCCTAGA;10;24779;D.I_ID;0
Homo_sapiens;ATTTATCCTA;10;12899;6;CAACTCATGAG;11;12914;11712;CTCATGAGCTG;11;24636;179;ATTTACCCTA;10;24825;DI_I.D;0
Homo_sapiens;TACCCTTTTA;10;15778;22;CCGTACTATAC;11;15809;8905;GTATACTACGG;11;24724;151;TAACCTTTTA;10;24885;DI_I.D;0
Homo_sapiens;CGCCAACTAA;10;9866;111;TCTTACTCTTT;11;9986;14903;AAAGATTAAGA;11;24899;28;CCCCAACTAA;10;24937;D.I_ID;0
Homo_sapiens;AAATGATAAC;10;8692;165;TTATAGGCTTT;11;8866;16174;AAAGCCCATAA;11;25050;8;AAATTATAAC;10;25068;D.I_ID;0
Homo_sapiens;CACCCATCAA;10;16068;14;TTTCGTACATT;11;16091;8993;AATGAACGAAA;11;25094;122;CACCCAACAA;10;25226;DI_I.D;0
Homo_sapiens;ATACTAGTCT;10;10655;20;GGTGGGCCTAG;11;10684;14443;CTAGGCCTACC;11;25137;158;ATACTAGTAT;10;25305;DI_I.D;0
Homo_sapiens;TATTGCCATA;10;10648;27;GGTGGGCCTAG;11;10684;14443;CTAGGCCTACC;11;25137;181;TATTGCCACA;10;25328;DI_I.D;0
Homo_sapiens;TCCACGGACT;10;9813;5;GTCATTATTGG;11;9827;15392;CCAACAATGAC;11;25229;106;TCCTCGGACT;10;25345;DI_I.D;0
Homo_sapiens;CTAACATTAA;10;13657;46;CGGAAGCCTAT;11;13712;11715;ATAGGCTTTCG;11;25437;3;CTAAGATTAA;10;25450;D.I_ID;0
Homo_sapiens;CCCCACCCTA;10;13676;27;CGGAAGCCTAT;11;13712;11715;ATAGGCTTTCG;11;25437;175;CGCCACCCTA;10;25622;DI_I.D;0
Homo_sapiens;CCAGCCTAGC;10;9516;10;CCAATTAGGAG;11;9535;16063;CACCTAATTGG;11;25608;6;CCACCCTAGC;10;25624;DI_I.D;0
Homo_sapiens;CCAGCCTAGC;10;9516;10;CCAATTAGGAG;11;9535;16063;CACCTAATTGG;11;25608;6;CCACCCTAGC;10;25624;D.I_ID;0
Homo_sapiens;AGCCCCTACC;10;9523;3;CCAATTAGGAG;11;9535;16063;CACCTAATTGG;11;25608;131;AGCCTCTACC;10;25749;DI_I.D;0
Homo_sapiens;TACCACTCCA;10;9509;20;ATTAGGAGGGC;11;9538;16296;GCCCTCCTAAT;11;25844;29;TTCCACTCCA;10;25883;DI_I.D;0
Homo_sapiens;TACCACTCCA;10;9509;20;ATTAGGAGGGC;11;9538;16296;GCCCTCCTAAT;11;25844;29;TTCCACTCCA;10;25883;D.I_ID;0
Homo_sapiens;CCACTCAAGC;10;13076;143;TCAAAAAAATC;11;13228;12823;GATTTTTCTGA;11;26061;9;CCACTCCAGC;10;26080;D.I_ID;0
Homo_sapiens;CTATATCCCC;10;10185;68;ATTGCCCTCCT;11;10262;15838;AGGAGGGCACT;11;26110;24;CTAAATCCCC;10;26144;D.I_ID;0
Homo_sapiens;CTAAACCCCC;10;14582;12;AAGGCTTAGAA;11;14603;11453;TTCTGAGCCTT;11;26066;68;CTAAATCCCC;10;26144;DI_I.D;0
Homo_sapiens;CTTCTTATTA;10;10240;13;ATTGCCCTCCT;11;10262;15838;AGGAGGGCACT;11;26110;141;CTGCTTATTA;10;26261;DI_I.D;0
Homo_sapiens;CATGCCTCAG;10;14428;1;GATACTCCTCA;11;14438;11744;TCAGGAGTATC;11;26192;101;CAAGCCTCAG;10;26303;DI_I.D;0
Homo_sapiens;TAGGTCTCCA;10;13015;193;ACAAAATGACA;11;13217;13271;TGGCATTTTGT;11;26498;23;TATGTCTCCA;10;26531;D.I_ID;0
Homo_sapiens;CTCCATATAT;10;15664;196;AAATACTCAAA;11;15869;10638;TTTGACTATTT;11;26517;9;CTCCATCTAT;10;26536;D.I_ID;0
Homo_sapiens;TACCCTTTTA;10;15778;82;AAATACTCAAA;11;15869;10638;TTTGACTATTT;11;26517;31;TACTCTTTTA;10;26558;D.I_ID;0
Homo_sapiens;ACTTCCTATT;10;11201;155;TTTATAGTAAA;11;11365;15189;TTTAGTATAAA;11;26564;12;ACTTCCAATT;10;26586;D.I_ID;0
Homo_sapiens;TTAACAACAT;10;12026;23;AACACCCTCAT;11;12058;14480;ATGAGGGTCTT;11;26548;46;TTGACAACAT;10;26604;DI_I.D;0
Homo_sapiens;ATAACATTCA;10;11080;32;CTTCGAAACCA;11;11121;15342;TGGCTTCGAAG;11;26473;124;ACAACATTCA;10;26607;DI_I.D;0
Homo_sapiens;CCTAGCATTA;10;13466;88;TCTATTACTCT;11;13563;13048;AGAGTAATAAA;11;26621;31;CCTAGCCTTA;10;26662;D.I_ID;0
Homo_sapiens;CTAATTATTA;10;10852;13;TACTATTTTTT;11;10874;15732;AAAAAAGAGTA;11;26616;49;CTAATAATTA;10;26675;DI_I.D;0
Homo_sapiens;TACATAAAAA;10;16156;3;CAATCCACATC;11;16168;10332;GATGTGGTTTG;11;26510;194;TACATAGAAA;10;26714;DI_I.D;0
Homo_sapiens;CGACCCCTTA;10;12190;130;AAAAGTAATAA;11;12329;14343;TTATTACATTT;11;26682;35;CCACCCCTTA;10;26727;D.I_ID;0
Homo_sapiens;CCCTACTATG;10;10554;30;TTATAGCTACT;11;10593;16194;AGTAGCTATTA;11;26797;40;CCCTACCATG;10;26847;DI_I.D;0
Homo_sapiens;CATTTACCGT;10;16320;14;CAGTCAAATCC;11;16343;10601;GGATTAGACTG;11;26954;105;CATTTACCAT;10;27069;DI_I.D;0
Homo_sapiens;GCTCACTCCT;10;14846;34;ACTATTCCTAG;11;14889;12187;CTAGGAATACT;11;27086;9;GCTCACACCT;10;27105;DI_I.D;0
Homo_sapiens;GCTCACTCCT;10;14846;34;ACTATTCCTAG;11;14889;12187;CTAGGAATACT;11;27086;9;GCTCACACCT;10;27105;D.I_ID;0
Homo_sapiens;CCTATTACTA;10;15624;125;TCGGAGGACAA;11;15758;11725;TTTTCCTCCGA;11;27493;19;CCTAATACTA;10;27522;D.I_ID;0
Homo_sapiens;ATGCCCCCAT;10;12233;34;ATAACAGCTAT;11;12276;15642;ATAGCTTTTAT;11;27928;54;AAGCCCCCAT;10;27992;DI_I.D;0
Homo_sapiens;CTTTCTCAAC;10;12257;10;ATAACAGCTAT;11;12276;15642;ATAGCTTTTAT;11;27928;133;CATTCTCAAC;10;28071;DI_I.D;0
Homo_sapiens;TAACCTCCCC;10;14524;8;CAGAATAATAA;11;14541;13749;TTACTATTCTG;11;28300;112;TAACCTCGCC;10;28422;DI_I.D;0
Homo_sapiens;ACTATTAAAC;10;14509;23;CAGAATAATAA;11;14541;13749;TTACTATTCTG;11;28300;131;ACTATTAACC;10;28441;DI_I.D;0
Homo_sapiens;CCCCACATCA;10;15541;6;GAATGATATTT;11;15556;12928;AAATATCACTC;11;28494;174;CCCGACATCA;10;28678;DI_I.D;0
Homo_sapiens;CATCCTTACC;10;12389;34;CCCCATTATGT;11;12432;16125;ACACAATGGGG;11;28567;106;CATCATTACC;10;28683;DI_I.D;0
Homo_sapiens;CTTACCACCC;10;12393;30;CCCCATTATGT;11;12432;16125;ACACAATGGGG;11;28567;178;CTTACGACCC;10;28755;DI_I.D;0
Homo_sapiens;ATATATACAC;10;14176;2;AACAAACAATG;11;14187;14985;CATTGTTCGTT;11;29182;30;ATATATAAAC;10;29222;DI_I.D;0
Homo_sapiens;ATATATACAC;10;14176;2;AACAAACAATG;11;14187;14985;CATTGTTCGTT;11;29182;30;ATATATAAAC;10;29222;D.I_ID;0
Homo_sapiens;AATTACAATA;10;14169;9;AACAAACAATG;11;14187;14985;CATTGTTCGTT;11;29182;87;AATTACCATA;10;29279;DI_I.D;0
Homo_sapiens;CCATACTATT;10;13345;43;AGATATTCGAA;11;13397;15849;TTCAAATATCT;11;29256;18;CCATACTAAT;10;29284;D.I_ID;0
Homo_sapiens;CCCCCGAGCA;10;14154;24;AACAAACAATG;11;14187;14985;CATTGTTCGTT;11;29182;189;CGCCCGAGCA;10;29381;DI_I.D;0
Homo_sapiens;ACACCAGTCT;10;15908;30;AGGACAAATCA;11;15947;13509;TGATTTATCCT;11;29466;149;ACCCCAGTCT;10;29625;DI_I.D;0
Homo_sapiens;ATCGGCATTA;10;15088;11;TGCAACTATAG;11;15108;14538;CTATAGTTGTA;11;29656;187;ATCGGCATCA;10;29853;DI_I.D;0
Homo_sapiens;ATCGGCATTA;10;15088;142;GAGGAGGCTAC;11;15239;14559;GTAGCCTTCTC;11;29808;35;ATCGGCATCA;10;29853;D.I_ID;0
Homo_sapiens;CCTATTCGCC;10;15567;31;CTAGGAGGCGT;11;15607;14937;ACTCCTCCTAG;11;30554;153;CCTATTCCCC;10;30717;DI_I.D;0
Homo_sapiens;CCCACCCTTA;10;16289;77;CCCCCTCAGAT;11;16375;15419;ATCTGAGGAGG;11;31804;17;CCCACCCTCA;10;31831;D.I_ID;0
Homo_sapiens;CTTCTCGTCC;10;16354;12;CCCCCTCAGAT;11;16375;15419;ATCTGAGGAGG;11;31804;197;CTTCTCTTCC;10;32011;DI_I.D;0
