Spece;DirectRepeat1.Motiv;DirectRepeat1.Length;DirectRepeat1.Location;LengthOfInterval1;InvertedRepeat1.Motiv;InvertedRepeat1.Length;InvertedRepeat1.Location;LengthOfInterval2;InvertedRepeat2.Motiv;InvertedRepeat2.Length;InvertedRepeat2.Location;LengthOfInterval3;DirectRepeat2.Motiv;DirectRepeat2.Length;DirectRepeat2.Location;DIIDtype;G4
Homo_sapiens;GCATTTGGTA;10;46;9;TGGGGGGTATG;11;64;9453;CCTACCCCCCA;11;9527;394;GCATTTTGTA;10;9931;DI_I.D;0
Homo_sapiens;AAAAAATTTC;10;285;367;TAGCCTTTCTA;11;661;13337;TAGAAAAGCTA;11;14008;8;AAACAATTTC;10;14026;D.I_ID;0
Homo_sapiens;CCAAAAACAA;10;354;298;TAGCCTTTCTA;11;661;13337;TAGAAAAGCTA;11;14008;4;CCTAAAACAA;10;14022;D.I_ID;0
Homo_sapiens;TCAAAGCAAT;10;595;6;GAAAATGTTTA;11;610;7050;TAATCATTTTC;11;7670;194;TCAAATCAAT;10;7874;DI_I.D;0
Homo_sapiens;CCCCATAAAC;10;636;4;TAGGTTTGGTC;11;649;6459;GACCAAACCTA;11;7118;238;CTCCATAAAC;10;7366;DI_I.D;0
Homo_sapiens;ACACAAAATA;10;1007;7;GAAAGTGGCTT;11;1023;7093;AAACCACTTTC;11;8126;317;ACACAAACTA;10;8453;DI_I.D;0
Homo_sapiens;CTCAGCCTAT;10;1247;91;GTGGCAAGAAA;11;1347;5817;TTTCTTCCCAC;11;7174;9;CTCGGCCTAT;10;7193;D.I_ID;0
Homo_sapiens;TAGTACCGCA;10;1779;26;AGCATAATATA;11;1814;3266;TATATTATCCT;11;5090;4;TACTACCGCA;10;5104;D.I_ID;0
Homo_sapiens;CCCTATACCT;10;1837;5;CATAATGAATT;11;1851;3937;AATTCAATATG;11;5798;144;CACTATACCT;10;5952;DI_I.D;0
Homo_sapiens;TCACCTCTAG;10;2509;10;TATTAGAGGCA;11;2528;7770;TGCCACTAATA;11;10308;193;TCACTTCTAG;10;10511;DI_I.D;0
Homo_sapiens;TCTCTTACTT;10;2655;6;CAGTGAAATTG;11;2670;11349;CAATTTCACAG;11;14029;62;TCTCTTTCTT;10;14101;DI_I.D;0
Homo_sapiens;CCAAACCTGC;10;2787;344;AATAAGGCCTA;11;3140;10804;TAGGCCTTCTT;11;13954;7;CAAAACCTGC;10;13971;D.I_ID;0
Homo_sapiens;CCATAAAACT;10;3460;282;TTCTACTATCA;11;3751;3589;TAATAGTAGAA;11;7350;8;CCATAAACCT;10;7368;D.I_ID;0
Homo_sapiens;TAAAACTCTT;10;3463;142;ATTTATTCTAG;11;3614;4591;CTAGAATTAAT;11;8215;6;TAAAAATCTT;10;8231;D.I_ID;0
Homo_sapiens;ATCATGACCC;10;3836;7;ATAATATGATT;11;3852;7241;AATCATATTTT;11;11103;39;ATCATCACCC;10;11152;DI_I.D;0
Homo_sapiens;TCATGACCCT;10;3837;155;TATAATAAACA;11;4001;6576;TGTTCATTATA;11;10587;8;TCATAACCCT;10;10605;D.I_ID;0
Homo_sapiens;TACCACTCAC;10;4186;361;TGAGTAGGCCT;11;4556;8849;AGGACTACTCA;11;13415;7;TACCTCTCAC;10;13432;D.I_ID;0
Homo_sapiens;ATTTTTTACC;10;4546;3;AGTAGGCCTAG;11;4558;6123;CTAGCCCTACT;11;10691;177;ATTTTTTAAC;10;10878;DI_I.D;0
Homo_sapiens;ATACTCATCA;10;4744;10;ATAATAGCTAT;11;4763;6586;ATAGCTTTTAT;11;11359;250;ATACTCTTCA;10;11619;DI_I.D;0
Homo_sapiens;ATTAAACCAA;10;4975;89;TTCTTAATTTA;11;5073;9414;TAAATTAAAAA;11;14497;5;ATTAAACCCA;10;14512;D.I_ID;0
Homo_sapiens;CCTCAATTAC;10;5013;9;GATGAATAATA;11;5031;5294;TATTAATCATC;11;10335;129;CCTCATTTAC;10;10474;DI_I.D;0
Homo_sapiens;CCCTAACATA;10;5059;199;ATCGAAGAATT;11;5267;10305;AATTCTCCGAT;11;15582;5;CCCTAACAAA;10;15597;D.I_ID;0
Homo_sapiens;AACATAACCA;10;5063;2;TCTTAATTTAA;11;5074;5358;TTAAATTATGA;11;10442;382;AACACAACCA;10;10834;DI_I.D;0
Homo_sapiens;ACCCTACTAC;10;5147;368;AAATACAGACC;11;5524;4179;GGTCTCTATTT;11;9713;2;ACCCTCCTAC;10;9725;D.I_ID;0
Homo_sapiens;CTACCTATCT;10;5477;9;ATACTAATAAT;11;5495;5350;ATTATTAGCAT;11;10855;175;CTACCTCTCT;10;11040;DI_I.D;0
Homo_sapiens;CCTCACCCCC;10;5889;230;GGAGGCTTTGG;11;6128;10111;CCAAAGCCACC;11;16249;1;CCTCACCCAC;10;16260;D.I_ID;0
Homo_sapiens;AATACCCATC;10;6112;6;CGGAGGCTTTG;11;6127;8101;CAAAGCCCCCG;11;14238;200;AATAGCCATC;10;14448;DI_I.D;0
Homo_sapiens;TTCTCCTTAC;10;6344;386;AATTGGCTTCC;11;6739;6964;GGAAGCCTATT;11;13713;9;TTCTCATTAC;10;13732;D.I_ID;0
Homo_sapiens;CTCCCAGTCC;10;6497;238;GCTTCCTAGGG;11;6744;8614;CCCTAGGAATC;11;15368;3;CTCCCATTCC;10;15381;D.I_ID;0
Homo_sapiens;ACCTCAACAC;10;6543;20;GGAGGAGGAGA;11;6572;7465;TCTCCACCTCC;11;14047;7;ACCTCAACCC;10;14064;D.I_ID;0
Homo_sapiens;CTTCGACCCC;10;6559;6;AGGAGGAGACC;11;6574;6394;GGCCTCCTCCT;11;12978;133;CTTCCACCCC;10;13121;DI_I.D;0
Homo_sapiens;TATACCAACA;10;6591;69;ATATTGTAACT;11;6669;7490;AATTACAATAT;11;14169;2;TACACCAACA;10;14181;D.I_ID;0
Homo_sapiens;ATAATCTCCC;10;6659;1;ATATTGTAACT;11;6669;7490;AATTACAATAT;11;14169;344;ATAACCTCCC;10;14523;DI_I.D;0
Homo_sapiens;GCACACCATA;10;6767;3;TTTACAGTAGG;11;6779;1503;CCCACTGTAAA;11;8292;89;GCCCACCATA;10;8391;DI_I.D;0
Homo_sapiens;AAAGTATTTA;10;6857;217;TTCACTGATTT;11;7083;8859;AAATCAGAGAA;11;15952;1;AAAGTCTTTA;10;15963;D.I_ID;0
Homo_sapiens;TATGTCCTAT;10;7037;2;AATAGGAGCTG;11;7048;8273;CACCTCCTATT;11;15331;221;TATTTCCTAT;10;15562;DI_I.D;0
Homo_sapiens;CCCCACCCTA;10;7398;7;ATTCGAAGAAC;11;7414;5259;GTTCTTCAAAT;11;12683;359;CCCCACCCCA;10;13052;DI_I.D;0
Homo_sapiens;GCCTCCATGA;10;7497;8;AAAAAGGTATT;11;7514;8409;AAAACCTTTTT;11;15933;166;GCCACCATGA;10;16109;DI_I.D;0
Homo_sapiens;TACTTCCCCT;10;7620;73;TATGCCCTTTT;11;7702;6362;AAAAAGGCATA;11;14074;10;TACTTCCTCT;10;14094;D.I_ID;0
Homo_sapiens;CCCTCACCAA;10;8473;381;TGATTATAGGC;11;8863;5352;GCCCATAATCA;11;14225;10;CCCGCACCAA;10;14245;D.I_ID;0
Homo_sapiens;ATACTAGTAT;10;8736;4;TAATCATTTTT;11;8749;1621;AAAAAGGATTA;11;10380;265;ATACTAGTCT;10;10655;DI_I.D;0
Homo_sapiens;TACTAGTATC;10;8737;3;TAATCATTTTT;11;8749;1621;AAAAAGGATTA;11;10380;308;TACTAGTCTC;10;10698;DI_I.D;0
Homo_sapiens;CACATCCGTA;10;9604;326;TAGATGTGGTT;11;9939;3348;AACCACACCTA;11;13297;10;CACATCTGTA;10;13317;D.I_ID;0
Homo_sapiens;CGGCATCTAC;10;9775;8;CATTTTTTGTA;11;9792;3412;TACACAAAATG;11;13214;62;CGGCATCAAC;10;13286;DI_I.D;0
Homo_sapiens;CCACGGACTT;10;9814;8;TTATTGGCTCA;11;9831;1485;TGAGCCAACAA;11;11326;376;CCACGGGCTT;10;11712;DI_I.D;0
Homo_sapiens;TGACAACATT;10;10036;7;AGAGTAATAAA;11;10052;3501;TCTATTACTCT;11;13563;169;TAACAACATT;10;13742;DI_I.D;0
Homo_sapiens;AGGAATAATA;10;10570;47;CCCTCTTAGCC;11;10626;2126;GGCTGAGAGGG;11;12762;4;AGGAATTATA;10;12776;D.I_ID;0
Homo_sapiens;ACCCTCAACA;10;10610;7;CCCTCTTAGCC;11;10626;2126;GGCTGAGAGGG;11;12762;153;ACCCACAACA;10;12925;DI_I.D;0
Homo_sapiens;AAACTCTACT;10;11804;6;TAATAGCTTTT;11;11819;2182;AAAAGCTATTA;11;14011;67;AAACTTTACT;10;14088;DI_I.D;0
Homo_sapiens;TCTACTCCCA;10;11808;9;TTTTTGATGAC;11;11826;1388;GACATCAAAAA;11;13224;267;TCTACTCCAA;10;13501;DI_I.D;0
Homo_sapiens;TTCATCGGCT;10;12756;322;CTATAGTTGTA;11;13087;2011;TGCAACTATAG;11;15108;9;TTCATAGGCT;10;15127;D.I_ID;0
Homo_sapiens;CCTCACCCCA;10;12962;8;GCCTCCTCCTA;11;12979;1608;TAGGAGAAGGC;11;14597;201;CCCCACCCCA;10;14808;DI_I.D;0
Homo_sapiens;ACCCCACTAC;10;12966;4;GCCTCCTCCTA;11;12979;1608;TAGGAGAAGGC;11;14597;142;ACCCCAATAC;10;14749;DI_I.D;0
Homo_sapiens;GGGGGTATAC;10;8151;1;TACGGTCAATG;11;8161;8149;CATTTACCGTA;11;16320;305;GGGGGTATGC;10;16635;DI_I.D;0
Homo_sapiens;GGCCATAATA;10;3848;342;AGCATTACTTA;11;4199;12572;TAATTAATGCT;11;16781;5;GGACATAATA;10;16796;D.I_ID;0
Homo_sapiens;ATTATAATAA;10;3999;191;AGCATTACTTA;11;4199;12572;TAATTAATGCT;11;16781;9;ATAATAATAA;10;16800;D.I_ID;0
Homo_sapiens;ATATCAATTG;10;6734;292;ACTATGTCCTA;11;7035;9749;TAGGACATAAT;11;16794;2;ATAACAATTG;10;16806;D.I_ID;0
Homo_sapiens;CCTACCACTC;10;4184;6;AGCATTACTTA;11;4199;12572;TAATTAATGCT;11;16781;235;CCTCCCACTC;10;17026;DI_I.D;0
Homo_sapiens;TTGTATTAGC;10;6969;140;GACCAAACCTA;11;7118;10090;TAGGTTTGGTC;11;17218;8;TTCTATTAGC;10;17236;D.I_ID;0
Homo_sapiens;TCACACGATT;10;15269;64;CTTGCACGAAA;11;15342;2099;TTTCGTGCCAG;11;17451;10;TCACACGATT;10;17471;D.I_ID;0
Homo_sapiens;CCTCCCGAAT;10;14261;123;CTAAAACACTC;11;14393;3106;GAGTGTTTTAG;11;17509;8;CCTCCCCAAT;10;17527;D.I_ID;0
Homo_sapiens;CCATAACACT;10;16458;3;GGGGTAGCTAA;11;16470;1164;TTAGATACCCC;11;17644;49;CCAGAACACT;10;17703;DI_I.D;0
Homo_sapiens;CACCCCCTCT;10;8269;3;CCCCTCTAGAG;11;8281;9469;CTCTAGAGGAG;11;17760;34;CACCACCTCT;10;17804;DI_I.D;0
Homo_sapiens;AACCAAATAA;10;9674;262;TGGTTTGACTA;11;9945;8330;TAGCCAAACCA;11;18285;4;ACCCAAATAA;10;18299;D.I_ID;0
Homo_sapiens;CTAGCAATAA;10;15646;7;TCCTCCATATA;11;15662;2439;TATATAGAGGA;11;18111;312;CTAGAAATAA;10;18433;DI_I.D;0
Homo_sapiens;TAACTTAGCA;10;8305;8;TTTAAGTTAAA;11;8322;9756;TTTAACTAAAA;11;18088;342;TAACTTTGCA;10;18440;DI_I.D;0
Homo_sapiens;ACCCACCAAT;10;9209;121;TAGGCCTACTA;11;9339;9387;TAGTAGGCCTA;11;18736;6;AGCCACCAAT;10;18752;D.I_ID;0
Homo_sapiens;CCCTAACATA;10;5059;3;CATTCTTAATT;11;5071;13678;AATTAAGAAAG;11;18759;33;CCCAAACATA;10;18802;DI_I.D;0
Homo_sapiens;CTCCTCATAC;10;9329;1;TAGGCCTACTA;11;9339;9387;TAGTAGGCCTA;11;18736;74;CTCCTCACAC;10;18820;DI_I.D;0
Homo_sapiens;ACCCTATGGA;10;2724;159;ATTGATCCAAT;11;2892;15931;ATTGGACCAAT;11;18833;6;ACCCTATAGA;10;18849;D.I_ID;0
Homo_sapiens;AAAATTCTCC;10;4365;4;CCACCTATCAC;11;4378;14189;GTGATAGCTGG;11;18577;301;AACATTCTCC;10;18888;DI_I.D;0
Homo_sapiens;ACCTGCCCCT;10;13975;45;CAATTTCACAG;11;14029;5200;CAGTGAAATTG;11;19239;1;ACCTGCCCGT;10;19250;D.I_ID;0
Homo_sapiens;ATAACACACC;10;14548;370;CCGCCTTTTCA;11;14927;4322;TGAAGAGGCGG;11;19259;3;ATAACACAGC;10;19272;D.I_ID;0
Homo_sapiens;CTACCAAACC;10;2784;1;TGCATTAAAAA;11;2794;16507;TTATTAATGCA;11;19311;9;CTAACAAACC;10;19330;DI_I.D;0
Homo_sapiens;CTACCAAACC;10;2784;1;TGCATTAAAAA;11;2794;16507;TTATTAATGCA;11;19311;9;CTAACAAACC;10;19330;D.I_ID;0
Homo_sapiens;ACCCACTCCC;10;10619;327;TAATACTAACT;11;10955;8794;ACTTAGTATTA;11;19759;2;ACCCACACCC;10;19771;D.I_ID;0
Homo_sapiens;ACCCACAGCC;10;10843;103;TAATACTAACT;11;10955;8794;ACTTAGTATTA;11;19759;2;ACCCACACCC;10;19771;D.I_ID;0
Homo_sapiens;CAACACCCAC;10;10615;331;TAATACTAACT;11;10955;8794;ACTTAGTATTA;11;19759;4;CCACACCCAC;10;19773;D.I_ID;0
Homo_sapiens;ACTCCCACCC;10;6309;205;TATACTACTAA;11;6523;13228;TTAGTATTATA;11;19761;4;ACACCCACCC;10;19775;D.I_ID;0
Homo_sapiens;AACATAAAAC;10;12031;78;ATTACCGGGTT;11;12118;7683;AGCCCGGTAAT;11;19811;8;AACTTAAAAC;10;19829;D.I_ID;0
Homo_sapiens;ACTTCAAACT;10;11799;310;ATTACCGGGTT;11;12118;7683;AGCCCGGTAAT;11;19811;9;ACTTAAAACT;10;19830;D.I_ID;0
Homo_sapiens;TTCAACTCCT;10;7936;350;ACTGTAAAGCT;11;8295;11531;AACTTTACAGT;11;19836;7;TTCAATTCCT;10;19853;D.I_ID;0
Homo_sapiens;TATACTACTA;10;6523;78;ATTTTTCGGTC;11;6610;13324;GAACGAAAAAT;11;19944;10;TATACAACTA;10;19964;D.I_ID;0
Homo_sapiens;ACTACTCAAA;10;13418;37;AGCCTAGCATT;11;13464;6478;AATTCTAGGCT;11;19952;8;ACTACGCAAA;10;19970;D.I_ID;0
Homo_sapiens;TACCAACACC;10;6593;8;ATTTTTCGGTC;11;6610;13324;GAACGAAAAAT;11;19944;118;TACCATCACC;10;20072;DI_I.D;0
Homo_sapiens;CCCTCACCAT;10;13450;5;AGCCTAGCATT;11;13464;6478;AATTCTAGGCT;11;19952;145;CTCTCACCAT;10;20107;DI_I.D;0
Homo_sapiens;AACCTCCCTC;10;13445;10;AGCCTAGCATT;11;13464;6478;AATTCTAGGCT;11;19952;170;AACCCCCCTC;10;20132;DI_I.D;0
Homo_sapiens;CCTAGTCCTC;10;7800;182;TTGACGTTGAC;11;7991;12159;GTCAACCTCAA;11;20160;1;CCTAGGCCTC;10;20171;D.I_ID;0
Homo_sapiens;CCCCCTCTAG;10;8280;6;ACTGTAAAGCT;11;8295;11531;AACTTTACAGT;11;19836;348;CCACCTCTAG;10;20194;DI_I.D;0
Homo_sapiens;CACCCTAGGC;10;11265;62;ACTTAATATGA;11;11336;8949;TCATATGAAGT;11;20295;1;CACCCTAGCC;10;20306;D.I_ID;0
Homo_sapiens;TATCCATCAT;10;4947;9;GTTGAGGTGGA;11;4965;15186;TCAACCTCAAC;11;20161;140;TAGCCATCAT;10;20311;DI_I.D;0
Homo_sapiens;ATGATTTCGA;10;10428;9;ATTATGATAAT;11;10446;10109;ATTATTATAAT;11;20565;112;ATGAATTCGA;10;20687;DI_I.D;0
Homo_sapiens;AATAAACTTC;10;10057;7;ATTTTAATAAT;11;10073;10482;ATTATTATAAT;11;20565;169;AAAAAACTTC;10;20744;DI_I.D;0
Homo_sapiens;TAGGTCTCCA;10;13015;4;CTGACTCCCCT;11;13028;7442;AGGGGAGTCCG;11;20480;294;TATGTCTCCA;10;20784;DI_I.D;0
Homo_sapiens;CAGTTCTACC;10;5043;122;AAGCTAACATG;11;5174;15961;CATGCTAGCTT;11;21145;7;CAGTTCTAAC;10;21162;D.I_ID;0
Homo_sapiens;TAGTAGCTAT;10;10227;6;TCTTATTATTT;11;10242;10616;AAATAATAGGA;11;20868;371;TAATAGCTAT;10;21249;DI_I.D;0
Homo_sapiens;TAGTAGCTAT;10;10227;98;TTATTAATCAT;11;10334;10975;ATCATTAATAA;11;21319;4;TAATAGCTAT;10;21333;D.I_ID;0
Homo_sapiens;TAATAGTTAT;10;10314;11;TTATTAATCAT;11;10334;10975;ATCATTAATAA;11;21319;4;TAATAGCTAT;10;21333;D.I_ID;0
Homo_sapiens;CTTAATTTTA;10;10069;237;AATAGTTATGT;11;10315;11308;ACATAACCATT;11;21633;1;CTTAATTTAA;10;21644;D.I_ID;0
Homo_sapiens;TTAACTAGTT;10;10025;281;AATAGTTATGT;11;10315;11308;ACATAACCATT;11;21633;7;TTAACTATTT;10;21650;D.I_ID;0
Homo_sapiens;ACTCAAGCAC;10;13078;8;GTAGCAGGAAT;11;13095;8577;ATTCCTACTAC;11;21682;10;ACTCCAGCAC;10;21702;DI_I.D;0
Homo_sapiens;ACTCAAGCAC;10;13078;8;GTAGCAGGAAT;11;13095;8577;ATTCCTACTAC;11;21682;10;ACTCCAGCAC;10;21702;D.I_ID;0
Homo_sapiens;CATCATTCCC;10;14481;7;TAAATTAAAAA;11;14497;7135;TTCTTAATTTA;11;21642;213;CATCATCCCC;10;21865;DI_I.D;0
Homo_sapiens;CCCGCCGCAG;10;8577;7;TCATTCTATTT;11;8593;13369;AAATAAAATGA;11;21972;321;CCCGCCGCCG;10;22303;DI_I.D;0
Homo_sapiens;CCGCCGCCTG;10;9915;3;ACTGGCATTTT;11;9927;12039;AAAATGACAGT;11;21976;318;CCGCCGCCGG;10;22304;DI_I.D;0
Homo_sapiens;AGGCTTTCGC;10;8870;7;ATTAAAAATGC;11;8886;13759;GCATTTGTAAT;11;22655;34;AGGCTTTGGC;10;22699;DI_I.D;0
Homo_sapiens;ACCTGACTAG;10;14001;228;CAAAGCCCCCG;11;14238;8448;CGGAGGCTTTG;11;22696;3;AACTGACTAG;10;22709;D.I_ID;0
Homo_sapiens;TATCCTCCCT;10;10548;5;TGCCTAGAAGG;11;10562;12037;CCTTCTAGGTA;11;22609;237;TACCCTCCCT;10;22856;DI_I.D;0
Homo_sapiens;CTATTCCAAC;10;12744;225;GGCCTCCTCCT;11;12978;10155;AGGAGGAGACC;11;23143;6;CTATACCAAC;10;23159;D.I_ID;0
Homo_sapiens;ATGCCAACAC;10;12823;146;GGCCTCCTCCT;11;12978;10155;AGGAGGAGACC;11;23143;8;ATACCAACAC;10;23161;D.I_ID;0
Homo_sapiens;GACGTTGACA;10;7993;290;CCCACTGTAAA;11;8292;15046;TTTACAGTAGG;11;23348;5;GACGTAGACA;10;23363;D.I_ID;0
Homo_sapiens;ACTAACAACA;10;13740;325;AAAAAGGCATA;11;14074;10187;TATGCCCTTTT;11;24271;7;ACTCACAACA;10;24288;D.I_ID;0
Homo_sapiens;CTAGGCGACC;10;15493;144;CTAGCAATAAT;11;15646;8872;ATTATTCCTAG;11;24528;3;CCAGGCGACC;10;24541;D.I_ID;0
Homo_sapiens;ATTTATCCTA;10;12899;6;CAACTCATGAG;11;12914;11712;CTCATGAGCTG;11;24636;179;ATTTACCCTA;10;24825;DI_I.D;0
Homo_sapiens;AAATGATAAC;10;8692;165;TTATAGGCTTT;11;8866;16174;AAAGCCCATAA;11;25050;8;AAATTATAAC;10;25068;D.I_ID;0
Homo_sapiens;CCGGCGCAGT;10;11687;3;TTCTCATAATC;11;11699;13193;GATTAAGAGAA;11;24902;235;CCGCCGCAGT;10;25147;DI_I.D;0
Homo_sapiens;TACCACAACT;10;10128;243;AAAAAGGATTA;11;10380;14928;TAATCATTTTT;11;25318;3;TGCCACAACT;10;25331;D.I_ID;0
Homo_sapiens;TCCACGGACT;10;9813;5;GTCATTATTGG;11;9827;15392;CCAACAATGAC;11;25229;106;TCCTCGGACT;10;25345;DI_I.D;0
Homo_sapiens;CTAACATTAA;10;13657;46;CGGAAGCCTAT;11;13712;11715;ATAGGCTTTCG;11;25437;3;CTAAGATTAA;10;25450;D.I_ID;0
Homo_sapiens;ACTCAAGCAC;10;13078;3;TAGTTGTAGCA;11;13090;12231;TGCCACAACTA;11;25331;260;ACTCATGCAC;10;25601;DI_I.D;0
Homo_sapiens;CCAGCCTAGC;10;9516;10;CCAATTAGGAG;11;9535;16063;CACCTAATTGG;11;25608;6;CCACCCTAGC;10;25624;DI_I.D;0
Homo_sapiens;CCAGCCTAGC;10;9516;10;CCAATTAGGAG;11;9535;16063;CACCTAATTGG;11;25608;6;CCACCCTAGC;10;25624;D.I_ID;0
Homo_sapiens;AGCCCCTACC;10;9523;3;CCAATTAGGAG;11;9535;16063;CACCTAATTGG;11;25608;131;AGCCTCTACC;10;25749;DI_I.D;0
Homo_sapiens;CCACTCAAGC;10;13076;143;TCAAAAAAATC;11;13228;12823;GATTTTTCTGA;11;26061;9;CCACTCCAGC;10;26080;D.I_ID;0
Homo_sapiens;CATGCCTCAG;10;14428;1;GATACTCCTCA;11;14438;11744;TCAGGAGTATC;11;26192;101;CAAGCCTCAG;10;26303;DI_I.D;0
Homo_sapiens;CCTCACAATC;10;10980;337;TGAGCCAACAA;11;11326;15064;TTATTGGCTCA;11;26400;6;CCTCACTATC;10;26416;D.I_ID;0
Homo_sapiens;CTCCATATAT;10;15664;196;AAATACTCAAA;11;15869;10638;TTTGACTATTT;11;26517;9;CTCCATCTAT;10;26536;D.I_ID;0
Homo_sapiens;TACATAAAAA;10;16156;3;CAATCCACATC;11;16168;10332;GATGTGGTTTG;11;26510;194;TACATAGAAA;10;26714;DI_I.D;0
Homo_sapiens;AGCATCATCC;10;10861;4;TACTATTTTTT;11;10874;15732;AAAAAAGAGTA;11;26616;283;ATCATCATCC;10;26909;DI_I.D;0
Homo_sapiens;TTAACCAAAT;10;10883;212;ATCATATTTTA;11;11104;15898;TAAATTATGAT;11;27012;8;TTTACCAAAT;10;27030;D.I_ID;0
Homo_sapiens;GCTCACTCCT;10;14846;34;ACTATTCCTAG;11;14889;12187;CTAGGAATACT;11;27086;9;GCTCACACCT;10;27105;D.I_ID;0
Homo_sapiens;CGTACATAGC;10;16327;7;CAGTCAAATCC;11;16343;10601;GGATTAGACTG;11;26954;340;CGTACATAAC;10;27304;DI_I.D;0
Homo_sapiens;AATCACCACA;10;14877;3;ACTATTCCTAG;11;14889;12187;CTAGGAATACT;11;27086;303;AATCAACACA;10;27399;DI_I.D;0
Homo_sapiens;CTTTCTCAAC;10;12257;10;ATAACAGCTAT;11;12276;15642;ATAGCTTTTAT;11;27928;133;CATTCTCAAC;10;28071;DI_I.D;0
Homo_sapiens;CAAGCCTCAC;10;12958;257;GACATCAAAAA;11;13224;15161;TTTTTGATGAC;11;28395;7;CAAGCCTCGC;10;28412;D.I_ID;0
Homo_sapiens;TAACCTCCCC;10;14524;8;CAGAATAATAA;11;14541;13749;TTACTATTCTG;11;28300;112;TAACCTCGCC;10;28422;DI_I.D;0
Homo_sapiens;CCCCACATCA;10;15541;6;GAATGATATTT;11;15556;12928;AAATATCACTC;11;28494;174;CCCGACATCA;10;28678;DI_I.D;0
Homo_sapiens;CCCACAACAA;10;12926;332;GACTCATAATA;11;13267;15759;TATTATCAGTC;11;29036;6;CCCACAACAA;10;29052;D.I_ID;0
Homo_sapiens;ATATATACAC;10;14176;2;AACAAACAATG;11;14187;14985;CATTGTTCGTT;11;29182;30;ATATATAAAC;10;29222;DI_I.D;0
Homo_sapiens;AATTACAATA;10;14169;9;AACAAACAATG;11;14187;14985;CATTGTTCGTT;11;29182;87;AATTACCATA;10;29279;DI_I.D;0
