Spece;DirectRepeat1.Motiv;DirectRepeat1.Length;DirectRepeat1.Location;LengthOfInterval1;InvertedRepeat1.Motiv;InvertedRepeat1.Length;InvertedRepeat1.Location;LengthOfInterval2;InvertedRepeat2.Motiv;InvertedRepeat2.Length;InvertedRepeat2.Location;LengthOfInterval3;DirectRepeat2.Motiv;DirectRepeat2.Length;DirectRepeat2.Location;DIIDtype;G4
Homo_sapiens;CTTTGATTCC;10;131;8;TCCTATTATTTA;12;148;4139;TAAATAATAGGA;12;4298;275;CTTTTATTCC;10;4584;DI_I.D;0
Homo_sapiens;TACTACTAAT;10;470;1;CTCATCAATACA;12;480;9481;TCTATTGATGAG;12;9972;121;TACTAATAAT;10;10104;DI_I.D;0
Homo_sapiens;TCACATCACC;10;628;304;AGTGTTTTAGAT;12;941;13069;ACCTAAAACAAT;12;14021;2;TCACAGCACC;10;14034;D.I_ID;0
Homo_sapiens;TATTACCCTC;10;2407;253;CCAGTGAAATTG;12;2669;7022;CAATTTTACTGG;12;9702;8;TTTTACCCTC;10;9721;D.I_ID;0
Homo_sapiens;TCTTACTTTT;10;2657;3;CCAGTGAAATTG;12;2669;7022;CAATTTTACTGG;12;9702;273;TCTTACTCTT;10;9986;DI_I.D;0
Homo_sapiens;GGCCAACCTC;10;3314;337;TCAGGGTGAGCA;12;3660;9947;TTCTCACCCTAA;12;13618;3;GGTCAACCTC;10;13632;D.I_ID;0
Homo_sapiens;CTCTACATCA;10;3513;8;GACCTTAGCTCT;12;3530;2040;ACAGCTAAGGAC;12;5581;13;CTCTGCATCA;10;5605;DI_I.D;0
Homo_sapiens;CCATCTCAAT;10;4881;2;ATATACCAAATC;12;4892;5497;GAATTGGTATAT;12;10400;95;CCATCTCACT;10;10506;DI_I.D;0
Homo_sapiens;CCCTAACATA;10;5059;9;TAATTTAACTAT;12;5077;2462;AAAGTTAAATTA;12;7550;65;CCCTATCATA;10;7626;DI_I.D;0
Homo_sapiens;CATAACCATT;10;5065;3;TAATTTAACTAT;12;5077;2462;AAAGTTAAATTA;12;7550;107;CATAATCATT;10;7668;DI_I.D;0
Homo_sapiens;CCCATATCTA;10;5384;8;AAAAATAAAATG;12;5401;8479;CATTTTATTTCT;12;13891;44;CCCCTATCTA;10;13946;DI_I.D;0
Homo_sapiens;ACCAAGAGCC;10;5532;285;GGTAAAAAGAGG;12;5826;4430;CCTCCTTTTACC;12;10267;4;ACCATGAGCC;10;10282;D.I_ID;0
Homo_sapiens;CCCCTAATAA;10;6152;107;AGGAACAGGTTG;12;6268;4640;CAACCTTTTCCT;12;10919;6;CCCCTAACAA;10;10936;D.I_ID;0
Homo_sapiens;ATAAAACCCC;10;6413;63;CTTCTCCTATCT;12;6485;8098;AAATAGGAGAAG;12;14594;8;AGAAAACCCC;10;14613;D.I_ID;0
Homo_sapiens;CCCGCCGGAG;10;6566;347;AGCCCTAGGATT;12;6922;1631;AATCCTAGGCCT;12;8564;2;CCCGCCGCAG;10;8577;D.I_ID;0
Homo_sapiens;GCACACCATA;10;6767;83;AGTATTTAGCTG;12;6859;1501;CAACTAAATACT;12;8371;9;GCCCACCATA;10;8391;D.I_ID;0
Homo_sapiens;AAAACCATTT;10;7528;69;GGTCTACAAGAC;12;7606;8297;GTCTTGTAAACC;12;15914;8;AAAACCTTTT;10;15933;D.I_ID;0
Homo_sapiens;CAACCCCGAC;10;12105;10;GGGTTTTCCTCT;12;12124;2475;AGAAGAAAACCC;12;14610;69;CAACCACGAC;10;14690;DI_I.D;0
Homo_sapiens;ACTAAAACAC;10;14392;330;ACTACAAGAACA;12;14731;1144;TGTCCTTGTAGT;12;15886;5;ACTAATACAC;10;15902;D.I_ID;0
Homo_sapiens;CCCAAGAACA;10;3213;4;TTTGTTAAGATG;12;3226;13608;CATCATAACAAA;12;16845;66;CCCAAAAACA;10;16922;DI_I.D;0
Homo_sapiens;CCCCATTAAA;10;13691;321;ACCTAAAACAAT;12;14021;3478;AGTGTTTTAGAT;12;17510;9;CCCCAATAAA;10;17530;D.I_ID;0
Homo_sapiens;ATCACCCGAT;10;11155;3;GGCAACCAGCCA;12;11167;7403;TAGCTGGTTGTC;12;18581;254;ATCACCCTAT;10;18846;DI_I.D;0
Homo_sapiens;TACTACACAA;10;15412;17;CTTACTTCTCTT;12;15438;4254;AAGAGAAATAAG;12;19703;4;TACTTCACAA;10;19718;D.I_ID;0
Homo_sapiens;CAAATGCCCC;10;10466;245;ATATGGCCTAGA;12;10720;9224;TCTAGGCTATAT;12;19955;10;CAAAGGCCCC;10;19976;D.I_ID;0
Homo_sapiens;CCATAAAAAT;10;8486;10;TAACAAACCCTG;12;8505;11274;CAGGGTTTGTTA;12;19790;228;CCATAAAACT;10;20029;DI_I.D;0
Homo_sapiens;CATCGCCCTT;10;5455;117;ACAGCTAAGGAC;12;5581;14507;GACCTTAGCTCT;12;20099;4;CATCGCTCTT;10;20114;D.I_ID;0
Homo_sapiens;CCCATCGCTG;10;11428;261;ATTCTCATAATC;12;11698;9192;GACTATGAGAAT;12;20901;5;CCCATCCCTG;10;20917;D.I_ID;0
Homo_sapiens;ATACCTTTCC;10;13482;252;AACAACATTTCC;12;13743;7254;GAAAATGTTGGT;12;21008;2;ATACCCTTCC;10;21021;D.I_ID;0
Homo_sapiens;CCCTTACTAA;10;13651;83;AACAACATTTCC;12;13743;7254;GAAAATGTTGGT;12;21008;10;CCCGTACTAA;10;21029;D.I_ID;0
Homo_sapiens;ACTAAACCCA;10;14635;277;CCTCAACCGCCT;12;14921;6597;AGGCAGTTGAGG;12;21529;9;ACCAAACCCA;10;21549;D.I_ID;0
Homo_sapiens;ACTACTCACC;10;14906;6;CCTCAACCGCCT;12;14921;6597;AGGCAGTTGAGG;12;21529;148;ACTACTCAAC;10;21688;DI_I.D;0
Homo_sapiens;ATCAACCCTC;10;16215;9;CACATCAACTGC;12;16233;5287;GCAGTTGAGGTG;12;21531;230;ATCCACCCTC;10;21772;DI_I.D;0
Homo_sapiens;CTACTTCTCC;10;12584;2;TAATATTCATCC;12;12595;8993;GGATGAATAATA;12;21599;297;CTACTTCTAC;10;21907;DI_I.D;0
Homo_sapiens;TAACCGCTAA;10;9004;8;GCAGGCCACCTA;12;9021;12757;TAGGAGGCCTGC;12;21789;348;TAACAGCTAA;10;22148;DI_I.D;0
Homo_sapiens;CCCCCATAAA;10;14587;5;AGAAGGCTTAGA;12;14601;7955;TCTAAGCCTCCT;12;22567;177;CCCGCATAAA;10;22755;DI_I.D;0
Homo_sapiens;TAACAGCAGT;10;7287;2;ATATTAATAATT;12;7298;15663;AATTATCAATAT;12;22972;57;TCACAGCAGT;10;23040;DI_I.D;0
Homo_sapiens;TATCAATAGG;10;7044;64;AGACCAAACCTA;12;7117;16155;TAGGTATGGTCT;12;23283;10;TATCAATTGG;10;23304;D.I_ID;0
Homo_sapiens;ACATATTTAC;10;11984;54;TCACACGAGAAA;12;12047;11266;TTTATCGTGTGA;12;23324;8;ATATATTTAC;10;23343;D.I_ID;0
Homo_sapiens;CTTGCCCTAT;10;15619;286;GTCTTGTAAACC;12;15914;8250;GGTCTACAAGAC;12;24175;5;CTTCCCCTAT;10;24191;D.I_ID;0
Homo_sapiens;AAATGATAAC;10;8692;51;TCATTTTTATTG;12;8752;16292;CCATAAAAATAA;12;25055;2;AAATTATAAC;10;25068;D.I_ID;0
Homo_sapiens;ACCGAAACCA;10;9669;346;ATTAACTAGTTT;12;10024;15477;ATACTAGTTATT;12;25512;1;ATCGAAACCA;10;25524;D.I_ID;0
Homo_sapiens;TTACTACCAC;10;10789;55;TAATTATTAGCA;12;10853;15809;TACTAATAATTA;12;26673;9;TGACTACCAC;10;26693;D.I_ID;0
Homo_sapiens;AAAACTAACC;10;14761;4;TAATAAAATTAA;12;14774;11854;TTAATTTTAATA;12;26639;217;ACAACTAACC;10;26867;DI_I.D;0
Homo_sapiens;CTACTCAGAA;10;15069;255;CCTCCTATTCTT;12;15333;14631;AAAAATAGGAGG;12;29975;2;CTACTCAAAA;10;29988;D.I_ID;0
Homo_sapiens;AATACTCAAA;10;15870;7;TGTCCTTGTAGT;12;15886;15403;ACTACAAGAACA;12;31300;12;AATACGCAAA;10;31323;DI_I.D;0
