Spece;DirectRepeat1.Motiv;DirectRepeat1.Length;DirectRepeat1.Location;LengthOfInterval1;InvertedRepeat1.Motiv;InvertedRepeat1.Length;InvertedRepeat1.Location;LengthOfInterval2;InvertedRepeat2.Motiv;InvertedRepeat2.Length;InvertedRepeat2.Location;LengthOfInterval3;DirectRepeat2.Motiv;DirectRepeat2.Length;DirectRepeat2.Location;DIIDtype;G4
Homo_sapiens;TACTACTAAT;10;470;1;CTCATCAATACA;12;480;9481;TCTATTGATGAG;12;9972;121;TACTAATAAT;10;10104;DI_I.D;0
Homo_sapiens;AAATCACCAC;10;729;203;AGTGTTTTAGAT;12;941;13069;ACCTAAAACAAT;12;14021;12;AAATCTCCAC;10;14044;D.I_ID;0
Homo_sapiens;CTCTACATCA;10;3513;8;GACCTTAGCTCT;12;3530;2040;ACAGCTAAGGAC;12;5581;13;CTCTGCATCA;10;5605;DI_I.D;0
Homo_sapiens;CTCTACATCA;10;3513;8;GACCTTAGCTCT;12;3530;2040;ACAGCTAAGGAC;12;5581;13;CTCTGCATCA;10;5605;D.I_ID;0
Homo_sapiens;AACTACGCCC;10;3681;13;TGCGAGCAGTAG;12;3703;2519;CTCCTGCTCGCA;12;6233;61;AACTACTCCC;10;6305;DI_I.D;0
Homo_sapiens;CCATCTCAAT;10;4881;2;ATATACCAAATC;12;4892;5497;GAATTGGTATAT;12;10400;95;CCATCTCACT;10;10506;DI_I.D;0
Homo_sapiens;CCCTAACATA;10;5059;9;TAATTTAACTAT;12;5077;2462;AAAGTTAAATTA;12;7550;65;CCCTATCATA;10;7626;DI_I.D;0
Homo_sapiens;CATAACCATT;10;5065;3;TAATTTAACTAT;12;5077;2462;AAAGTTAAATTA;12;7550;107;CATAATCATT;10;7668;DI_I.D;0
Homo_sapiens;CCCATATCTA;10;5384;8;AAAAATAAAATG;12;5401;8479;CATTTTATTTCT;12;13891;44;CCCCTATCTA;10;13946;DI_I.D;0
Homo_sapiens;CCCACAAACA;10;5676;141;GGTAAAAAGAGG;12;5826;4430;CCTCCTTTTACC;12;10267;13;CCTACAAACA;10;10291;D.I_ID;0
Homo_sapiens;ACAAACCACA;10;5930;59;TCTAAGCCTCCT;12;5998;8592;AGAAGGCTTAGA;12;14601;11;ACAAACCCCA;10;14623;D.I_ID;0
Homo_sapiens;CCCCTAATAA;10;6152;107;AGGAACAGGTTG;12;6268;4640;CAACCTTTTCCT;12;10919;6;CCCCTAACAA;10;10936;D.I_ID;0
Homo_sapiens;ATAAAACCCC;10;6413;63;CTTCTCCTATCT;12;6485;8098;AAATAGGAGAAG;12;14594;8;AGAAAACCCC;10;14613;D.I_ID;0
Homo_sapiens;TATCAATTGG;10;6735;11;TTTATCGTGTGA;12;6755;5281;TCACACGAGAAA;12;12047;226;TATCCATTGG;10;12284;DI_I.D;0
Homo_sapiens;GCACACCATA;10;6767;83;AGTATTTAGCTG;12;6859;1501;CAACTAAATACT;12;8371;9;GCCCACCATA;10;8391;D.I_ID;0
Homo_sapiens;CTACCATAAT;10;6825;25;AGTATTTAGCTG;12;6859;1501;CAACTAAATACT;12;8371;11;CCACCATAAT;10;8393;D.I_ID;0
Homo_sapiens;CTTTTTCAAA;10;7507;90;GGTCTACAAGAC;12;7606;8297;GTCTTGTAAACC;12;15914;13;CTTTTTCCAA;10;15938;D.I_ID;0
Homo_sapiens;AAAACCATTT;10;7528;69;GGTCTACAAGAC;12;7606;8297;GTCTTGTAAACC;12;15914;8;AAAACCTTTT;10;15933;D.I_ID;0
Homo_sapiens;CAACCCCGAC;10;12105;10;GGGTTTTCCTCT;12;12124;2475;AGAAGAAAACCC;12;14610;69;CAACCACGAC;10;14690;DI_I.D;0
Homo_sapiens;CCCAAGAACA;10;3213;4;TTTGTTAAGATG;12;3226;13608;CATCATAACAAA;12;16845;66;CCCAAAAACA;10;16922;DI_I.D;0
Homo_sapiens;CACACCCACC;10;3205;12;TTTGTTAAGATG;12;3226;13608;CATCATAACAAA;12;16845;228;CACACACACC;10;17084;DI_I.D;0
Homo_sapiens;AATATGAAAA;10;5803;141;ACTATACCTATT;12;5953;12376;AATAGATATAGT;12;18340;12;AAGATGAAAA;10;18363;D.I_ID;0
Homo_sapiens;TTAGCACCCA;10;15982;12;CTAATTTAAACT;12;16003;2599;ACTTTAAATTTG;12;18613;102;TTAACACCCA;10;18726;DI_I.D;0
Homo_sapiens;AATTCCCCCC;10;12380;14;TCGTTAACCCTA;12;12403;7127;TAGGGTTTACGA;12;19541;128;AATTCCTCCC;10;19680;DI_I.D;0
Homo_sapiens;TACTACACAA;10;15412;17;CTTACTTCTCTT;12;15438;4254;AAGAGAAATAAG;12;19703;4;TACTTCACAA;10;19718;D.I_ID;0
Homo_sapiens;CAAATGCCCC;10;10466;245;ATATGGCCTAGA;12;10720;9224;TCTAGGCTATAT;12;19955;10;CAAAGGCCCC;10;19976;D.I_ID;0
Homo_sapiens;CCATAAAAAT;10;8486;10;TAACAAACCCTG;12;8505;11274;CAGGGTTTGTTA;12;19790;228;CCATAAAACT;10;20029;DI_I.D;0
Homo_sapiens;CATCGCCCTT;10;5455;117;ACAGCTAAGGAC;12;5581;14507;GACCTTAGCTCT;12;20099;4;CATCGCTCTT;10;20114;D.I_ID;0
Homo_sapiens;CCCTTACTAA;10;13651;83;AACAACATTTCC;12;13743;7254;GAAAATGTTGGT;12;21008;10;CCCGTACTAA;10;21029;D.I_ID;0
Homo_sapiens;ATTTTTTAAC;10;10878;15;CCTATTTAGCTG;12;10902;10065;CAGCTAAATAAG;12;20978;126;ATTTTTTACC;10;21115;DI_I.D;0
Homo_sapiens;ACTACTCACC;10;14906;6;CCTCAACCGCCT;12;14921;6597;AGGCAGTTGAGG;12;21529;148;ACTACTCAAC;10;21688;DI_I.D;0
Homo_sapiens;ATCAACCCTC;10;16215;9;CACATCAACTGC;12;16233;5287;GCAGTTGAGGTG;12;21531;230;ATCCACCCTC;10;21772;DI_I.D;0
Homo_sapiens;TACTAAACCC;10;13684;198;CATTTTATTTCT;12;13891;8068;AAAAATAAAATG;12;21970;13;TACAAAACCC;10;21994;D.I_ID;0
Homo_sapiens;CCCCCATAAA;10;14587;5;AGAAGGCTTAGA;12;14601;7955;TCTAAGCCTCCT;12;22567;177;CCCGCATAAA;10;22755;DI_I.D;0
Homo_sapiens;TAACAGCAGT;10;7287;2;ATATTAATAATT;12;7298;15663;AATTATCAATAT;12;22972;57;TCACAGCAGT;10;23040;DI_I.D;0
Homo_sapiens;TATCAATAGG;10;7044;64;AGACCAAACCTA;12;7117;16155;TAGGTATGGTCT;12;23283;10;TATCAATTGG;10;23304;D.I_ID;0
Homo_sapiens;ACATATTTAC;10;11984;54;TCACACGAGAAA;12;12047;11266;TTTATCGTGTGA;12;23324;8;ATATATTTAC;10;23343;D.I_ID;0
Homo_sapiens;AAATGATAAC;10;8692;51;TCATTTTTATTG;12;8752;16292;CCATAAAAATAA;12;25055;2;AAATTATAAC;10;25068;D.I_ID;0
Homo_sapiens;TTACTACCAC;10;10789;55;TAATTATTAGCA;12;10853;15809;TACTAATAATTA;12;26673;9;TGACTACCAC;10;26693;D.I_ID;0
Homo_sapiens;AAAACTAACC;10;14761;4;TAATAAAATTAA;12;14774;11854;TTAATTTTAATA;12;26639;217;ACAACTAACC;10;26867;DI_I.D;0
Homo_sapiens;ATCCTCCATA;10;15661;15;AGCATAATATTT;12;15685;11359;AAATATTATACT;12;27055;52;ATCCTCCCTA;10;27118;DI_I.D;0
Homo_sapiens;CCCCATAAAT;10;14588;13;AGAAGAAAACCC;12;14610;14072;GGGTTTTCCTCT;12;28693;166;CCCCAAAAAT;10;28870;DI_I.D;0
Homo_sapiens;CCCACCCTTA;10;16289;15;ATAAAGCCATTT;12;16313;12496;ACATGGCTTTCT;12;28820;125;CCCATCCTTA;10;28956;DI_I.D;0
Homo_sapiens;AACCTCCCCC;10;14525;67;AGAAGGCTTAGA;12;14601;15909;TCTAGGCCTTCT;12;30521;11;AACCTGCCCC;10;30543;D.I_ID;0
Homo_sapiens;AATACTCAAA;10;15870;7;TGTCCTTGTAGT;12;15886;15403;ACTACAAGAACA;12;31300;12;AATACGCAAA;10;31323;DI_I.D;0
Homo_sapiens;AATACTCAAA;10;15870;7;TGTCCTTGTAGT;12;15886;15403;ACTACAAGAACA;12;31300;12;AATACGCAAA;10;31323;D.I_ID;0
