Spece;DirectRepeat1.Motiv;DirectRepeat1.Length;DirectRepeat1.Location;LengthOfInterval1;InvertedRepeat1.Motiv;InvertedRepeat1.Length;InvertedRepeat1.Location;LengthOfInterval2;InvertedRepeat2.Motiv;InvertedRepeat2.Length;InvertedRepeat2.Location;LengthOfInterval3;DirectRepeat2.Motiv;DirectRepeat2.Length;DirectRepeat2.Location;DIIDtype;G4
Homo_sapiens;TCTCTTACTT;10;2655;328;TTGGATCAGGACA;13;2992;8911;TCTCCTGATCAAA;13;11915;7;TCTCCTACTT;10;11934;D.I_ID;0
Homo_sapiens;ATCCACCCTC;10;5203;6;CCTAGGAGGCCTG;13;5218;10255;CAGACCTCCTAGG;13;15485;136;ATCCATCCTC;10;15633;DI_I.D;0
Homo_sapiens;AAACCCACAA;10;5673;291;CATGAGCTGGAGT;13;5973;6925;ACTCCAACTCATG;13;12910;1;AGACCCACAA;10;12923;D.I_ID;0
Homo_sapiens;AGGCCTAACC;10;5835;8;TTAGATTTACAGT;13;5852;2431;ACTGTAAAGCTAA;13;8295;263;AGGCCTACCC;10;8570;DI_I.D;0
Homo_sapiens;TTCATAACTT;10;7536;5;AAAGTTAAATTAT;13;7550;6520;ATAATTAAACTTT;13;14082;195;TTCATAAATT;10;14289;DI_I.D;0
Homo_sapiens;CCATTATTCC;10;7957;187;GGGTATACTACGG;13;8153;6294;CTGTAGTATATCC;13;14459;9;CCATCATTCC;10;14480;D.I_ID;0
Homo_sapiens;TAGCAGAAAA;10;13132;207;TACTATTTATGTG;13;13348;1229;CCCATAAATAGGA;13;14589;8;TAGAAGAAAA;10;14609;D.I_ID;0
Homo_sapiens;ACTTAAACCC;10;5669;5;ACACTTAGTTAAC;13;5683;12304;GTAAACTAAGAGT;13;17999;81;ACTAAAACCC;10;18092;DI_I.D;0
Homo_sapiens;TTAGCACCCA;10;15982;2;AGCTAAGATTCTA;13;15993;2593;TAGAATCTTAGTT;13;18598;116;TTAACACCCA;10;18726;DI_I.D;0
Homo_sapiens;TAACAGCCAT;10;11651;314;TACTCCCTCTACA;13;11974;6721;TGTAGAGAGAGTA;13;18707;8;TAACACCCAT;10;18727;D.I_ID;0
Homo_sapiens;AACTTACTAC;10;6676;364;ATAGGAGCTGTAT;13;7049;13669;ATACACCTCCTAT;13;20730;6;AACTTCCTAC;10;20748;D.I_ID;0
Homo_sapiens;TACTAGTATC;10;8737;8;ATTTTTATTGCCA;13;8754;12576;TAGCAATAAAACT;13;21342;366;TACTACTATC;10;21720;DI_I.D;0
Homo_sapiens;CCTGACTAGA;10;14002;69;GCATAATTAAACT;13;14080;8110;ACTTTAATTAAGC;13;22202;6;CCTTACTAGA;10;22220;D.I_ID;0
Homo_sapiens;AACCCAAAAA;10;14069;2;GCATAATTAAACT;13;14080;8110;ACTTTAATTAAGC;13;22202;29;AACCCACAAA;10;22243;DI_I.D;0
Homo_sapiens;ACCTCAACCC;10;14064;7;GCATAATTAAACT;13;14080;8110;ACTTTAATTAAGC;13;22202;243;ACCTCACCCC;10;22457;DI_I.D;0
Homo_sapiens;ATAACCTCCC;10;14523;3;AAAATTCAGAATA;13;14535;8625;TATTCTGATTTTT;13;23172;44;ATAATCTCCC;10;23228;DI_I.D;0
Homo_sapiens;ATGACATCAA;10;13222;195;AAACCATACCTCT;13;13426;9844;ATAGGTATGGTCT;13;23282;6;ATGATATCAA;10;23300;D.I_ID;0
Homo_sapiens;TTCCCCCATT;10;7952;58;GATTGAAGCCCCC;13;8019;15611;GGAGGCTTCATTC;13;23642;7;TTCCCCTATT;10;23661;D.I_ID;0
Homo_sapiens;ACCTGCCACT;10;10305;201;TTCTAGGAATACT;13;10515;14001;ATTATTCCTAGAA;13;24528;8;ACCTGCGACT;10;24548;D.I_ID;0
Homo_sapiens;CTCACTCCTT;10;14847;380;TCTGAGGAGGCTA;13;15236;10092;TAACCTCCTCGGA;13;25340;8;CTCACTCATT;10;25360;D.I_ID;0
Homo_sapiens;TCTCCCTACA;10;11057;388;CGCAGTACTCTTA;13;11454;14843;TCAGAGTACTTCG;13;26309;3;TCTCCCTTCA;10;26324;D.I_ID;0
Homo_sapiens;TCAATAGTAC;10;11440;5;CGCAGTACTCTTA;13;11454;14843;TCAGAGTACTTCG;13;26309;250;TAAATAGTAC;10;26571;DI_I.D;0
Homo_sapiens;TAACAATCAA;10;14570;10;CCCATAAATAGGA;13;14589;15316;TACTATTTATGTG;13;29917;25;TAACAATGAA;10;29954;DI_I.D;0
Homo_sapiens;TCAATACTAA;10;14576;4;CCCATAAATAGGA;13;14589;15316;TACTATTTATGTG;13;29917;375;TCATTACTAA;10;30304;DI_I.D;0
