Spece;DirectRepeat1.Motiv;DirectRepeat1.Length;DirectRepeat1.Location;LengthOfInterval1;InvertedRepeat1.Motiv;InvertedRepeat1.Length;InvertedRepeat1.Location;LengthOfInterval2;InvertedRepeat2.Motiv;InvertedRepeat2.Length;InvertedRepeat2.Location;LengthOfInterval3;DirectRepeat2.Motiv;DirectRepeat2.Length;DirectRepeat2.Location;DIIDtype;G4
Homo_sapiens;ATAACACAGC;10;2703;24;TTTAATTTATTAA;13;2736;11745;TAAATAAATTAAA;13;14493;43;ATAACACACC;10;14548;DI_I.D;0
Homo_sapiens;TCTGATAAAA;10;4271;20;AATAATAGGAGCT;13;4300;11020;ACCTCCTATTCTT;13;15332;44;TCCGATAAAA;10;15388;DI_I.D;0
Homo_sapiens;AAAACTAGGA;10;4780;16;TTCTGAGTCCCAG;13;4805;8446;CTAGGACTCATAA;13;13263;131;AAAAATAGGA;10;13406;DI_I.D;0
Homo_sapiens;ATCCACCCTC;10;5203;6;CCTAGGAGGCCTG;13;5218;10255;CAGACCTCCTAGG;13;15485;136;ATCCATCCTC;10;15633;DI_I.D;0
Homo_sapiens;CACACTCATC;10;5449;175;ACTTTAATTAAGC;13;5633;8435;GCATAATTAAACT;13;14080;22;CCCACTCATC;10;14114;D.I_ID;0
Homo_sapiens;AAACCCACAA;10;5673;291;CATGAGCTGGAGT;13;5973;6925;ACTCCAACTCATG;13;12910;1;AGACCCACAA;10;12923;D.I_ID;0
Homo_sapiens;CCTAATCAAC;10;5706;266;GGAGTCCTAGGCA;13;5981;7825;TTCCTAGGACTTC;13;13818;23;CCTAACCAAC;10;13853;D.I_ID;0
Homo_sapiens;AGGCCTAACC;10;5835;8;TTAGATTTACAGT;13;5852;2431;ACTGTAAAGCTAA;13;8295;263;AGGCCTACCC;10;8570;DI_I.D;0
Homo_sapiens;AACACTATAC;10;5950;14;CATGAGCTGGAGT;13;5973;6925;ACTCCAACTCATG;13;12910;241;AACACTATGC;10;13163;DI_I.D;0
Homo_sapiens;AGACCCCATT;10;6580;14;TATTCTGATTTTT;13;6603;7920;AAAATTCAGAATA;13;14535;78;AAACCCCATT;10;14625;DI_I.D;0
Homo_sapiens;TTATATTCTT;10;6631;142;ACAGTAGGAATAG;13;6782;5950;CTATTCCAACTGT;13;12744;25;TTATATCCTT;10;12781;D.I_ID;0
Homo_sapiens;TTACTACTCC;10;6679;25;ATAGGTATGGTCT;13;6713;6701;AAACCATACCTCT;13;13426;61;TTTCTACTCC;10;13499;DI_I.D;0
Homo_sapiens;TTCATAACTT;10;7536;5;AAAGTTAAATTAT;13;7550;6520;ATAATTAAACTTT;13;14082;195;TTCATAAATT;10;14289;DI_I.D;0
Homo_sapiens;ACTAATCTTC;10;7929;21;ATTATTCCTAGAA;13;7959;2544;TTCTAGGAATACT;13;10515;240;ACTAATCGTC;10;10767;DI_I.D;0
Homo_sapiens;AATCTTCAAC;10;7932;18;ATTATTCCTAGAA;13;7959;2544;TTCTAGGAATACT;13;10515;181;AATCTCCAAC;10;10708;DI_I.D;0
Homo_sapiens;CCATTATTCC;10;7957;187;GGGTATACTACGG;13;8153;6294;CTGTAGTATATCC;13;14459;9;CCATCATTCC;10;14480;D.I_ID;0
Homo_sapiens;CCTCCCTCAC;10;8470;292;TAACCTCCTCGGA;13;8771;6453;TCTGAGGAGGCTA;13;15236;15;CCACCCTCAC;10;15263;D.I_ID;0
Homo_sapiens;TATCCTTAAT;10;8743;19;TAACCTCCTCGGA;13;8771;6453;TCTGAGGAGGCTA;13;15236;207;TCTCCTTAAT;10;15455;DI_I.D;0
Homo_sapiens;TAGCAGAAAA;10;13132;207;TACTATTTATGTG;13;13348;1229;CCCATAAATAGGA;13;14589;8;TAGAAGAAAA;10;14609;D.I_ID;0
Homo_sapiens;AACAATGAAC;10;13386;11;AAAAATAGGAGGA;13;13406;3296;TCATCCTATTATT;13;16714;202;AACAAAGAAC;10;16928;DI_I.D;0
Homo_sapiens;AACCTTAACA;10;13380;17;AAAAATAGGAGGA;13;13406;3296;TCATCCTATTATT;13;16714;209;AACCCTAACA;10;16935;DI_I.D;0
Homo_sapiens;CATCACCTCT;10;2507;17;GAGGCACCGCCTG;13;2533;15196;CTGGCGGTGCTTC;13;17741;51;CACCACCTCT;10;17804;DI_I.D;0
Homo_sapiens;CCATAAAACT;10;3460;150;TTCTAGCCACCTC;13;3619;14282;GAGGTGGCAAGAA;13;17913;20;CCAGAAAACT;10;17945;D.I_ID;0
Homo_sapiens;ACTTAAACCC;10;5669;5;ACACTTAGTTAAC;13;5683;12304;GTAAACTAAGAGT;13;17999;81;ACTAAAACCC;10;18092;DI_I.D;0
Homo_sapiens;TTAGCACCCA;10;15982;2;AGCTAAGATTCTA;13;15993;2593;TAGAATCTTAGTT;13;18598;116;TTAACACCCA;10;18726;DI_I.D;0
Homo_sapiens;CCACTATTAA;10;11870;36;TCTCCTGATCAAA;13;11915;7634;TTGGATCAGGACA;13;19561;15;CCGCTATTAA;10;19588;D.I_ID;0
Homo_sapiens;TACCCTAGCC;10;15513;83;AACTAGGAGGCGT;13;15605;4557;AGGCCTCCTATTT;13;20174;15;TAGCCTAGCC;10;20201;D.I_ID;0
Homo_sapiens;CCCTAGGATT;10;6924;116;ATAGGAGCTGTAT;13;7049;13669;ATACACCTCCTAT;13;20730;22;CCCTAGCATT;10;20764;D.I_ID;0
Homo_sapiens;CACCACTCTG;10;13184;70;CTAGGACTCATAA;13;13263;8099;TTCTGAGTCCCAG;13;21374;14;CACCCCTCTG;10;21400;D.I_ID;0
Homo_sapiens;CACCGCTAAC;10;14564;25;AGGAGAAGGCTTA;13;14598;6879;TAAGCCTTCTCCT;13;21489;300;CCCCGCTAAC;10;21801;DI_I.D;0
Homo_sapiens;CTCTCCTTAA;10;15454;22;CAGACCTCCTAGG;13;15485;6290;CCTAGGAGGCCTG;13;21787;95;CCCTCCTTAA;10;21894;DI_I.D;0
Homo_sapiens;CCTGACTAGA;10;14002;69;GCATAATTAAACT;13;14080;8110;ACTTTAATTAAGC;13;22202;6;CCTTACTAGA;10;22220;D.I_ID;0
Homo_sapiens;AACCCAAAAA;10;14069;2;GCATAATTAAACT;13;14080;8110;ACTTTAATTAAGC;13;22202;29;AACCCACAAA;10;22243;DI_I.D;0
Homo_sapiens;ACCTCAACCC;10;14064;7;GCATAATTAAACT;13;14080;8110;ACTTTAATTAAGC;13;22202;243;ACCTCACCCC;10;22457;DI_I.D;0
Homo_sapiens;CACCCCCTCT;10;8269;17;ACTGTAAAGCTAA;13;8295;14114;TTAGATTTACAGT;13;22421;28;CACCCCCACT;10;22461;DI_I.D;0
Homo_sapiens;ATAACCTCCC;10;14523;3;AAAATTCAGAATA;13;14535;8625;TATTCTGATTTTT;13;23172;44;ATAATCTCCC;10;23228;DI_I.D;0
Homo_sapiens;ATGACATCAA;10;13222;195;AAACCATACCTCT;13;13426;9844;ATAGGTATGGTCT;13;23282;6;ATGATATCAA;10;23300;D.I_ID;0
Homo_sapiens;TTCCCCCATT;10;7952;58;GATTGAAGCCCCC;13;8019;15611;GGAGGCTTCATTC;13;23642;7;TTCCCCTATT;10;23661;D.I_ID;0
Homo_sapiens;ACCTGCCACT;10;10305;201;TTCTAGGAATACT;13;10515;14001;ATTATTCCTAGAA;13;24528;8;ACCTGCGACT;10;24548;D.I_ID;0
Homo_sapiens;ATACTCCTCA;10;14439;11;CTGTAGTATATCC;13;14459;10251;GGGTATACTACGG;13;24722;245;ATACTCCTTA;10;24979;DI_I.D;0
Homo_sapiens;TCAATAGTAC;10;11440;5;CGCAGTACTCTTA;13;11454;14843;TCAGAGTACTTCG;13;26309;250;TAAATAGTAC;10;26571;DI_I.D;0
Homo_sapiens;TAACAATCAA;10;14570;10;CCCATAAATAGGA;13;14589;15316;TACTATTTATGTG;13;29917;25;TAACAATGAA;10;29954;DI_I.D;0
Homo_sapiens;TAACAATCAA;10;14570;10;CCCATAAATAGGA;13;14589;15316;TACTATTTATGTG;13;29917;25;TAACAATGAA;10;29954;D.I_ID;0
Homo_sapiens;ACCGCTAACA;10;14565;15;CCCATAAATAGGA;13;14589;15316;TACTATTTATGTG;13;29917;167;ACCGCAAACA;10;30096;DI_I.D;0
Homo_sapiens;CAACCCCTTA;10;15522;23;CCGAATGATATTT;13;15554;16158;AAATATCATTCTG;13;31724;196;CAACCCCCTA;10;31932;DI_I.D;0
