Spece;DirectRepeat1.Motiv;DirectRepeat1.Length;DirectRepeat1.Location;LengthOfInterval1;InvertedRepeat1.Motiv;InvertedRepeat1.Length;InvertedRepeat1.Location;LengthOfInterval2;InvertedRepeat2.Motiv;InvertedRepeat2.Length;InvertedRepeat2.Location;LengthOfInterval3;DirectRepeat2.Motiv;DirectRepeat2.Length;DirectRepeat2.Location;DIIDtype;G4
Homo_sapiens;ATCAACCTCA;10;1227;108;GAGGTGGCAAGAA;13;1344;2263;TTCTAGCCACCTC;13;3619;40;ATCAAACTCA;10;3671;D.I_ID;0
Homo_sapiens;AGAAAACTAC;10;1378;31;GTGGATTTAGCAG;13;1418;8142;CCGCTAAATCCCC;13;9572;77;AGAAAACAAC;10;9661;DI_I.D;0
Homo_sapiens;AATCTTAGTT;10;2032;245;TAGAAGAACTAAT;13;2286;10381;ATCAGTTCTTCAA;13;12679;31;AATCTTAGTT;10;12722;D.I_ID;0
Homo_sapiens;TCTCTTACTT;10;2655;328;TTGGATCAGGACA;13;2992;8911;TCTCCTGATCAAA;13;11915;7;TCTCCTACTT;10;11934;D.I_ID;0
Homo_sapiens;ATAACACAGC;10;2703;24;TTTAATTTATTAA;13;2736;11745;TAAATAAATTAAA;13;14493;43;ATAACACACC;10;14548;DI_I.D;0
Homo_sapiens;ATAACACAGC;10;2703;24;TTTAATTTATTAA;13;2736;11745;TAAATAAATTAAA;13;14493;43;ATAACACACC;10;14548;D.I_ID;0
Homo_sapiens;CTTCGCCCTA;10;3962;37;AACACCCTCACCA;13;4008;5957;TGATGAGGGTCTT;13;9977;74;CTTCGCCTTA;10;10063;DI_I.D;0
Homo_sapiens;TCGAACAGCA;10;4124;28;ATACACCTCCTAT;13;4161;2876;ATAGGAGCTGTAT;13;7049;224;TCTAACAGCA;10;7285;DI_I.D;0
Homo_sapiens;CACCTCCTAT;10;4164;127;AATAATAGGAGCT;13;4300;11020;ACCTCCTATTCTT;13;15332;34;CACCTCCCAT;10;15378;D.I_ID;0
Homo_sapiens;CCCCTCAAAC;10;4249;42;AATAATAGGAGCT;13;4300;11020;ACCTCCTATTCTT;13;15332;181;CCCCTTAAAC;10;15525;DI_I.D;0
Homo_sapiens;TCTGATAAAA;10;4271;20;AATAATAGGAGCT;13;4300;11020;ACCTCCTATTCTT;13;15332;44;TCCGATAAAA;10;15388;DI_I.D;0
Homo_sapiens;TCTGATAAAA;10;4271;20;AATAATAGGAGCT;13;4300;11020;ACCTCCTATTCTT;13;15332;44;TCCGATAAAA;10;15388;D.I_ID;0
Homo_sapiens;CAATATACTC;10;4699;252;AGGCAGTTGAGGT;13;4960;8871;ACCTCAACTACCT;13;13843;49;CAACATACTC;10;13904;D.I_ID;0
Homo_sapiens;CTATAGCAAT;10;4770;26;TTCTGAGTCCCAG;13;4805;8446;CTAGGACTCATAA;13;13263;323;CTATAGCACT;10;13598;DI_I.D;0
Homo_sapiens;AAAACTAGGA;10;4780;16;TTCTGAGTCCCAG;13;4805;8446;CTAGGACTCATAA;13;13263;131;AAAAATAGGA;10;13406;DI_I.D;0
Homo_sapiens;TAAGCCTTCT;10;4920;31;AGGCAGTTGAGGT;13;4960;8871;ACCTCAACTACCT;13;13843;99;TAGGCCTTCT;10;13954;DI_I.D;0
Homo_sapiens;CCTTCTCCTC;10;4924;27;AGGCAGTTGAGGT;13;4960;8871;ACCTCAACTACCT;13;13843;127;CCTACTCCTC;10;13982;DI_I.D;0
Homo_sapiens;CTTAAACTCC;10;5128;81;CCTAGGAGGCCTG;13;5218;10255;CAGACCTCCTAGG;13;15485;31;CTTAAACACC;10;15528;D.I_ID;0
Homo_sapiens;ATCCACCCTC;10;5203;6;CCTAGGAGGCCTG;13;5218;10255;CAGACCTCCTAGG;13;15485;136;ATCCATCCTC;10;15633;DI_I.D;0
Homo_sapiens;ACACTACTCC;10;5375;249;ACTTTAATTAAGC;13;5633;8435;GCATAATTAAACT;13;14080;35;ACCCTACTCC;10;14127;D.I_ID;0
Homo_sapiens;CACACTCATC;10;5449;175;ACTTTAATTAAGC;13;5633;8435;GCATAATTAAACT;13;14080;22;CCCACTCATC;10;14114;D.I_ID;0
Homo_sapiens;AACCCCACTC;10;5598;26;ACTTTAATTAAGC;13;5633;8435;GCATAATTAAACT;13;14080;34;AACCCTACTC;10;14126;DI_I.D;0
Homo_sapiens;AACCCCACTC;10;5598;26;ACTTTAATTAAGC;13;5633;8435;GCATAATTAAACT;13;14080;34;AACCCTACTC;10;14126;D.I_ID;0
Homo_sapiens;AACGCAAATC;10;5619;345;CATGAGCTGGAGT;13;5973;6925;ACTCCAACTCATG;13;12910;26;AACGCTAATC;10;12948;D.I_ID;0
Homo_sapiens;AAACCCACAA;10;5673;291;CATGAGCTGGAGT;13;5973;6925;ACTCCAACTCATG;13;12910;1;AGACCCACAA;10;12923;D.I_ID;0
Homo_sapiens;CCTAATCAAC;10;5706;266;GGAGTCCTAGGCA;13;5981;7825;TTCCTAGGACTTC;13;13818;23;CCTAACCAAC;10;13853;D.I_ID;0
Homo_sapiens;AGGCCTAACC;10;5835;8;TTAGATTTACAGT;13;5852;2431;ACTGTAAAGCTAA;13;8295;263;AGGCCTACCC;10;8570;DI_I.D;0
Homo_sapiens;GCCTAACCCC;10;5837;127;CATGAGCTGGAGT;13;5973;6925;ACTCCAACTCATG;13;12910;39;GCCTCACCCC;10;12961;D.I_ID;0
Homo_sapiens;AACACTATAC;10;5950;14;CATGAGCTGGAGT;13;5973;6925;ACTCCAACTCATG;13;12910;241;AACACTATGC;10;13163;DI_I.D;0
Homo_sapiens;CCTCCTTATT;10;6004;41;ACCACATCTACAA;13;6054;3870;TTGTAGATGTGGT;13;9936;291;CCTTCTTATT;10;10239;DI_I.D;0
Homo_sapiens;TTTCATCACA;10;6391;313;ATAGGTATGGTCT;13;6713;6701;AAACCATACCTCT;13;13426;49;TTTCCTCACA;10;13487;D.I_ID;0
Homo_sapiens;TTCTTCGACC;10;6557;37;TATTCTGATTTTT;13;6603;7920;AAAATTCAGAATA;13;14535;250;TTCATCGACC;10;14797;DI_I.D;0
Homo_sapiens;AGACCCCATT;10;6580;14;TATTCTGATTTTT;13;6603;7920;AAAATTCAGAATA;13;14535;78;AAACCCCATT;10;14625;DI_I.D;0
Homo_sapiens;TTATATTCTT;10;6631;142;ACAGTAGGAATAG;13;6782;5950;CTATTCCAACTGT;13;12744;25;TTATATCCTT;10;12781;D.I_ID;0
Homo_sapiens;TTACTACTCC;10;6679;25;ATAGGTATGGTCT;13;6713;6701;AAACCATACCTCT;13;13426;61;TTTCTACTCC;10;13499;DI_I.D;0
Homo_sapiens;TTCATAACTT;10;7536;5;AAAGTTAAATTAT;13;7550;6520;ATAATTAAACTTT;13;14082;195;TTCATAAATT;10;14289;DI_I.D;0
Homo_sapiens;ACTAATACTA;10;7735;215;ATTATTCCTAGAA;13;7959;2544;TTCTAGGAATACT;13;10515;46;AATAATACTA;10;10573;D.I_ID;0
Homo_sapiens;ACTAATCTTC;10;7929;21;ATTATTCCTAGAA;13;7959;2544;TTCTAGGAATACT;13;10515;240;ACTAATCGTC;10;10767;DI_I.D;0
Homo_sapiens;AATCTTCAAC;10;7932;18;ATTATTCCTAGAA;13;7959;2544;TTCTAGGAATACT;13;10515;181;AATCTCCAAC;10;10708;DI_I.D;0
Homo_sapiens;CCATTATTCC;10;7957;187;GGGTATACTACGG;13;8153;6294;CTGTAGTATATCC;13;14459;9;CCATCATTCC;10;14480;D.I_ID;0
Homo_sapiens;AATACTACCG;10;8377;349;TATACTAGTATCC;13;8735;1774;GAATACTAGTATA;13;10521;43;AATACTATCG;10;10576;D.I_ID;0
Homo_sapiens;CCTCCCTCAC;10;8470;292;TAACCTCCTCGGA;13;8771;6453;TCTGAGGAGGCTA;13;15236;15;CCACCCTCAC;10;15263;D.I_ID;0
Homo_sapiens;TTCGCTTCAT;10;8541;221;TAACCTCCTCGGA;13;8771;6453;TCTGAGGAGGCTA;13;15236;39;TTCACTTCAT;10;15287;D.I_ID;0
Homo_sapiens;TATCCTTAAT;10;8743;19;TAACCTCCTCGGA;13;8771;6453;TCTGAGGAGGCTA;13;15236;207;TCTCCTTAAT;10;15455;DI_I.D;0
Homo_sapiens;TAGCAGAAAA;10;13132;207;TACTATTTATGTG;13;13348;1229;CCCATAAATAGGA;13;14589;8;TAGAAGAAAA;10;14609;D.I_ID;0
Homo_sapiens;AACAATGAAC;10;13386;11;AAAAATAGGAGGA;13;13406;3296;TCATCCTATTATT;13;16714;202;AACAAAGAAC;10;16928;DI_I.D;0
Homo_sapiens;AACCTTAACA;10;13380;17;AAAAATAGGAGGA;13;13406;3296;TCATCCTATTATT;13;16714;209;AACCCTAACA;10;16935;DI_I.D;0
Homo_sapiens;TCCTCGCCTT;10;12883;46;AGCCCTTCTAAAC;13;12938;4235;GTTTAGACGGGCT;13;17185;30;TCCTAGCCTT;10;17227;DI_I.D;0
Homo_sapiens;TCCTCGCCTT;10;12883;46;AGCCCTTCTAAAC;13;12938;4235;GTTTAGACGGGCT;13;17185;30;TCCTAGCCTT;10;17227;D.I_ID;0
Homo_sapiens;CATCACCTCT;10;2507;17;GAGGCACCGCCTG;13;2533;15196;CTGGCGGTGCTTC;13;17741;51;CACCACCTCT;10;17804;DI_I.D;0
Homo_sapiens;CCCCCGTAAA;10;3167;43;AACAGGGTTTGTT;13;3219;14609;AGCAAACCCTGAT;13;17840;26;CCCACGTAAA;10;17878;DI_I.D;0
Homo_sapiens;CCCCCGTAAA;10;3167;43;AACAGGGTTTGTT;13;3219;14609;AGCAAACCCTGAT;13;17840;26;CCCACGTAAA;10;17878;D.I_ID;0
Homo_sapiens;CCATAAAACT;10;3460;150;TTCTAGCCACCTC;13;3619;14282;GAGGTGGCAAGAA;13;17913;20;CCAGAAAACT;10;17945;D.I_ID;0
Homo_sapiens;AACAGGGGCC;10;9259;304;CCGCTAAATCCCC;13;9572;8403;GTGGATTTAGCAG;13;17987;27;AACAGGGCCC;10;18026;D.I_ID;0
Homo_sapiens;ACACACCACC;10;9417;146;CCGCTAAATCCCC;13;9572;8403;GTGGATTTAGCAG;13;17987;47;ACACACCGCC;10;18046;D.I_ID;0
Homo_sapiens;ACTTAAACCC;10;5669;5;ACACTTAGTTAAC;13;5683;12304;GTAAACTAAGAGT;13;17999;81;ACTAAAACCC;10;18092;DI_I.D;0
Homo_sapiens;CAATTAGGAG;10;9536;27;CCGCTAAATCCCC;13;9572;8403;GTGGATTTAGCAG;13;17987;204;CACTTAGGAG;10;18203;DI_I.D;0
Homo_sapiens;CTCAACCTAG;10;3597;13;TTCTAGCCACCTC;13;3619;14282;GAGGTGGCAAGAA;13;17913;315;CTAAACCTAG;10;18240;DI_I.D;0
Homo_sapiens;TTAGCACCCA;10;15982;2;AGCTAAGATTCTA;13;15993;2593;TAGAATCTTAGTT;13;18598;116;TTAACACCCA;10;18726;DI_I.D;0
Homo_sapiens;TAACAGCCAT;10;11651;314;TACTCCCTCTACA;13;11974;6721;TGTAGAGAGAGTA;13;18707;8;TAACACCCAT;10;18727;D.I_ID;0
Homo_sapiens;AATCAGCCAC;10;11628;337;TACTCCCTCTACA;13;11974;6721;TGTAGAGAGAGTA;13;18707;29;AAGCAGCCAC;10;18748;D.I_ID;0
Homo_sapiens;ACTGAACCGA;10;10392;90;TTATACTAGCATT;13;10491;8362;AATGTTAGTATAA;13;18865;49;ACTGAACTGA;10;18926;D.I_ID;0
Homo_sapiens;CTCACTGTGA;10;12644;26;ATCAGTTCTTCAA;13;12679;6164;TAGAAGAACTAAT;13;18855;116;CTCACTGTCA;10;18983;DI_I.D;0
Homo_sapiens;ACCAGTCAAA;10;2865;39;ACGGAACAAGTTA;13;2913;16245;TCACTTGTTCCTT;13;19170;55;ACCAGTGAAA;10;19237;DI_I.D;0
Homo_sapiens;TCCTACACTA;10;14307;177;TAAATAAATTAAA;13;14493;4800;TTTAATTTATTAA;13;19305;29;TCCTAAACTA;10;19346;D.I_ID;0
Homo_sapiens;CCACTATTAA;10;11870;36;TCTCCTGATCAAA;13;11915;7634;TTGGATCAGGACA;13;19561;15;CCGCTATTAA;10;19588;DI_I.D;0
Homo_sapiens;CCACTATTAA;10;11870;36;TCTCCTGATCAAA;13;11915;7634;TTGGATCAGGACA;13;19561;15;CCGCTATTAA;10;19588;D.I_ID;0
Homo_sapiens;CTACTACTCA;10;11287;27;TCCTGAGCCAACA;13;11323;8224;TGTTGGATCAGGA;13;19559;322;CTACTCCTCA;10;19893;DI_I.D;0
Homo_sapiens;TACCCTAGCC;10;15513;83;AACTAGGAGGCGT;13;15605;4557;AGGCCTCCTATTT;13;20174;15;TAGCCTAGCC;10;20201;D.I_ID;0
Homo_sapiens;CCCTAGGATT;10;6924;116;ATAGGAGCTGTAT;13;7049;13669;ATACACCTCCTAT;13;20730;22;CCCTAGCATT;10;20764;D.I_ID;0
Homo_sapiens;ATATGAAATG;10;6894;146;ATAGGAGCTGTAT;13;7049;13669;ATACACCTCCTAT;13;20730;36;ATATGATATG;10;20778;D.I_ID;0
Homo_sapiens;CACCACTCTG;10;13184;70;CTAGGACTCATAA;13;13263;8099;TTCTGAGTCCCAG;13;21374;14;CACCCCTCTG;10;21400;D.I_ID;0
Homo_sapiens;ATTAAACCCA;10;14512;77;AGGAGAAGGCTTA;13;14598;6879;TAAGCCTTCTCCT;13;21489;43;ATTAAACCAA;10;21544;D.I_ID;0
Homo_sapiens;TACACAAAAT;10;13214;40;CTAGGACTCATAA;13;13263;8099;TTCTGAGTCCCAG;13;21374;175;TACGCAAAAT;10;21561;DI_I.D;0
Homo_sapiens;ACAACACTAA;10;8707;38;ATTTTTATTGCCA;13;8754;12576;TAGCAATAAAACT;13;21342;270;ACAACCCTAA;10;21624;DI_I.D;0
Homo_sapiens;ACAATCCTAA;10;15826;157;AAGCTAAGATTCT;13;15992;5562;AAAATCTTAGCAT;13;21566;46;ACAACCCTAA;10;21624;D.I_ID;0
Homo_sapiens;ATAACCATAC;10;8697;48;ATTTTTATTGCCA;13;8754;12576;TAGCAATAAAACT;13;21342;281;ATAACCATTC;10;21635;DI_I.D;0
Homo_sapiens;CCTCTACCTA;10;13784;50;ACCTCAACTACCT;13;13843;7674;AGGCAGTTGAGGT;13;21529;240;CCTCTCCCTA;10;21781;DI_I.D;0
Homo_sapiens;CACCGCTAAC;10;14564;25;AGGAGAAGGCTTA;13;14598;6879;TAAGCCTTCTCCT;13;21489;300;CCCCGCTAAC;10;21801;DI_I.D;0
Homo_sapiens;CTCTCCTTAA;10;15454;22;CAGACCTCCTAGG;13;15485;6290;CCTAGGAGGCCTG;13;21787;95;CCCTCCTTAA;10;21894;DI_I.D;0
Homo_sapiens;CCTGACTAGA;10;14002;69;GCATAATTAAACT;13;14080;8110;ACTTTAATTAAGC;13;22202;6;CCTTACTAGA;10;22220;D.I_ID;0
Homo_sapiens;AACCCAAAAA;10;14069;2;GCATAATTAAACT;13;14080;8110;ACTTTAATTAAGC;13;22202;29;AACCCACAAA;10;22243;DI_I.D;0
Homo_sapiens;AACCCAAAAA;10;14069;2;GCATAATTAAACT;13;14080;8110;ACTTTAATTAAGC;13;22202;29;AACCCACAAA;10;22243;D.I_ID;0
Homo_sapiens;ACCTCAACCC;10;14064;7;GCATAATTAAACT;13;14080;8110;ACTTTAATTAAGC;13;22202;243;ACCTCACCCC;10;22457;DI_I.D;0
Homo_sapiens;CACCCCCTCT;10;8269;17;ACTGTAAAGCTAA;13;8295;14114;TTAGATTTACAGT;13;22421;28;CACCCCCACT;10;22461;DI_I.D;0
Homo_sapiens;CACCCCCTCT;10;8269;17;ACTGTAAAGCTAA;13;8295;14114;TTAGATTTACAGT;13;22421;28;CACCCCCACT;10;22461;D.I_ID;0
Homo_sapiens;CCTTAGCATG;10;12889;12;ACTCCAACTCATG;13;12910;9620;CATGAGCTGGAGT;13;22542;309;CCTTAGCAGG;10;22863;DI_I.D;0
Homo_sapiens;AATAGAAAAC;10;9658;27;GCTTATTACAATT;13;9694;12951;ATTTGTAATAATC;13;22657;310;AATATAAAAC;10;22979;DI_I.D;0
Homo_sapiens;ATAACCTCCC;10;14523;3;AAAATTCAGAATA;13;14535;8625;TATTCTGATTTTT;13;23172;44;ATAATCTCCC;10;23228;DI_I.D;0
Homo_sapiens;ATAACCTCCC;10;14523;3;AAAATTCAGAATA;13;14535;8625;TATTCTGATTTTT;13;23172;44;ATAATCTCCC;10;23228;D.I_ID;0
Homo_sapiens;ATGACATCAA;10;13222;195;AAACCATACCTCT;13;13426;9844;ATAGGTATGGTCT;13;23282;6;ATGATATCAA;10;23300;D.I_ID;0
Homo_sapiens;TCATCTTCCT;10;12700;35;CTATTCCAACTGT;13;12744;10595;ACAGTAGGAATAG;13;23351;139;TCATCTTTCT;10;23502;DI_I.D;0
Homo_sapiens;TTCCCCCATT;10;7952;58;GATTGAAGCCCCC;13;8019;15611;GGAGGCTTCATTC;13;23642;7;TTCCCCTATT;10;23661;D.I_ID;0
Homo_sapiens;ACCTGCCACT;10;10305;201;TTCTAGGAATACT;13;10515;14001;ATTATTCCTAGAA;13;24528;8;ACCTGCGACT;10;24548;D.I_ID;0
Homo_sapiens;CATATTTACC;10;10457;49;TTCTAGGAATACT;13;10515;14001;ATTATTCCTAGAA;13;24528;282;CGTATTTACC;10;24822;DI_I.D;0
Homo_sapiens;CCTCAACCCC;10;14411;39;CTGTAGTATATCC;13;14459;10251;GGGTATACTACGG;13;24722;109;CCTCTACCCC;10;24843;DI_I.D;0
Homo_sapiens;TGACCCCCAT;10;14421;29;CTGTAGTATATCC;13;14459;10251;GGGTATACTACGG;13;24722;237;TTACCCCCAT;10;24971;DI_I.D;0
Homo_sapiens;ATACTCCTCA;10;14439;11;CTGTAGTATATCC;13;14459;10251;GGGTATACTACGG;13;24722;245;ATACTCCTTA;10;24979;DI_I.D;0
Homo_sapiens;CAACCCCTGA;10;14414;36;CTGTAGTATATCC;13;14459;10251;GGGTATACTACGG;13;24722;343;CAAACCCTGA;10;25077;DI_I.D;0
Homo_sapiens;CCTAGCCATG;10;14895;332;TCTGAGGAGGCTA;13;15236;10092;TAACCTCCTCGGA;13;25340;45;CCTAGCCATG;10;25397;D.I_ID;0
Homo_sapiens;GCCATCCCAT;10;15199;28;TCTGAGGAGGCTA;13;15236;10092;TAACCTCCTCGGA;13;25340;55;GCCATCCCCT;10;25407;DI_I.D;0
Homo_sapiens;ACTAATAGTT;10;10312;310;TTAGCCAATATTG;13;10631;15755;CATTATTGGCTCA;13;26398;30;ACTAATATTT;10;26440;D.I_ID;0
Homo_sapiens;TCAATAGTAC;10;11440;5;CGCAGTACTCTTA;13;11454;14843;TCAGAGTACTTCG;13;26309;250;TAAATAGTAC;10;26571;DI_I.D;0
Homo_sapiens;TTATTAATCA;10;10334;29;GTGACTACAAAAA;13;10372;15980;TTTTTGTAGCCAC;13;26364;269;TTAATAATCA;10;26645;DI_I.D;0
Homo_sapiens;TTAATCATCA;10;10337;26;GTGACTACAAAAA;13;10372;15980;TTTTTGTAGCCAC;13;26364;269;TTAATAATCA;10;26645;DI_I.D;0
Homo_sapiens;TAACAATCAA;10;14570;10;CCCATAAATAGGA;13;14589;15316;TACTATTTATGTG;13;29917;25;TAACAATGAA;10;29954;DI_I.D;0
Homo_sapiens;TAACAATCAA;10;14570;10;CCCATAAATAGGA;13;14589;15316;TACTATTTATGTG;13;29917;25;TAACAATGAA;10;29954;D.I_ID;0
Homo_sapiens;ACCGCTAACA;10;14565;15;CCCATAAATAGGA;13;14589;15316;TACTATTTATGTG;13;29917;167;ACCGCAAACA;10;30096;DI_I.D;0
Homo_sapiens;CAACCCCTTA;10;15522;23;CCGAATGATATTT;13;15554;16158;AAATATCATTCTG;13;31724;196;CAACCCCCTA;10;31932;DI_I.D;0
